patient,record,ann1_label,ann1_onset,ann1_end,ann2_label,ann2_onset,ann2_end,ann3_label,ann3_onset,ann3_end,consensus_label,consensus_onset,consensus_end,n_unique,agreement_pattern,expert_entropy,majority_label,consensus_equals_majority,vote_multiset,ordered_votes
Pt1,P71,P,,,P,,,P,,,P,,,1,3-0 unanimous,-0.0,P,True,PPP,P/P/P
Pt1,P184,U,,,U,,,U,,,U,,,1,3-0 unanimous,-0.0,U,True,UUU,U/U/U
Pt1,P255,U,,,U,,,A,2018.0,2065.0,U,,,2,2-1 split,0.5793801642856949,U,True,AUU,U/U/A
Pt1,P282,U,,,A,2031.0,2104.0,A,2032.0,2101.0,A,2031.0,2104.0,2,2-1 split,0.5793801642856949,A,True,AAU,U/A/A
Pt1,P288,A,2045.0,2106.0,A,2027.0,2111.0,A,2050.0,2114.0,A,2047.0,2097.0,1,3-0 unanimous,-0.0,A,True,AAA,A/A/A
Pt1,P290,A,2045.0,2089.0,A,2036.0,2127.0,A,2033.0,2103.0,A,2036.0,2103.0,1,3-0 unanimous,-0.0,A,True,AAA,A/A/A
Pt1,P304,A,2093.0,2117.0,U,,,A,2062.0,2121.0,A,2093.0,2117.0,2,2-1 split,0.5793801642856949,A,True,AAU,A/U/A
Pt1,P364,P,,,P,,,U,,,P,,,2,2-1 split,0.5793801642856949,P,True,PPU,P/P/U
Pt1,P394,A,2039.0,2068.0,U,,,A,2034.0,2118.0,U,,,2,2-1 split,0.5793801642856949,A,False,AAU,A/U/A
Pt1,P395,U,,,U,,,A,2039.0,2122.0,U,,,2,2-1 split,0.5793801642856949,U,True,AUU,U/U/A
Pt1,P397,A,2093.0,2110.0,A,2095.0,2113.0,A,2041.0,2125.0,A,2093.0,2110.0,1,3-0 unanimous,-0.0,A,True,AAA,A/A/A
Pt1,P400,U,,,P,,,A,2025.0,2104.0,P,,,3,1-1-1 split,0.9999999999999998,,False,APU,U/P/A
Pt1,P404,U,,,U,,,A,2031.0,2114.0,U,,,2,2-1 split,0.5793801642856949,U,True,AUU,U/U/A
Pt1,P409,P,,,P,,,A,2034.0,2106.0,P,,,2,2-1 split,0.5793801642856949,P,True,APP,P/P/A
Pt1,P412,A,2070.0,2081.0,P,,,A,2034.0,2103.0,P,,,2,2-1 split,0.5793801642856949,A,False,AAP,A/P/A
Pt1,P417,A,2072.0,2081.0,P,,,A,2030.0,2099.0,P,,,2,2-1 split,0.5793801642856949,A,False,AAP,A/P/A
Pt1,P421,A,2074.0,2081.0,P,,,A,2032.0,2104.0,P,,,2,2-1 split,0.5793801642856949,A,False,AAP,A/P/A
Pt1,P451,A,2049.0,2064.0,U,,,A,2041.0,2100.0,U,,,2,2-1 split,0.5793801642856949,A,False,AAU,A/U/A
Pt1,P452,A,2019.0,2047.0,U,,,A,2005.0,2088.0,A,2005.0,2117.0,2,2-1 split,0.5793801642856949,A,True,AAU,A/U/A
Pt1,P457,A,2022.0,2080.0,U,,,U,,,A,2015.0,2104.0,2,2-1 split,0.5793801642856949,U,False,AUU,A/U/U
Pt1,P458,A,2036.0,2081.0,U,,,A,2029.0,2104.0,A,2029.0,2104.0,2,2-1 split,0.5793801642856949,A,True,AAU,A/U/A
Pt1,P475,A,2075.0,2116.0,A,2075.0,2125.0,A,2040.0,2123.0,A,2075.0,2125.0,1,3-0 unanimous,-0.0,A,True,AAA,A/A/A
Pt1,P495,P,,,P,,,U,,,P,,,2,2-1 split,0.5793801642856949,P,True,PPU,P/P/U
Pt1,P499,A,2049.0,2064.0,A,2058.0,2129.0,A,2039.0,2093.0,A,2052.0,2093.0,1,3-0 unanimous,-0.0,A,True,AAA,A/A/A
Pt1,P500,U,,,U,,,U,,,U,,,1,3-0 unanimous,-0.0,U,True,UUU,U/U/U
Pt1,P501,P,,,P,,,P,,,P,,,1,3-0 unanimous,-0.0,P,True,PPP,P/P/P
Pt1,P503,A,2047.0,2072.0,A,2047.0,2121.0,A,2033.0,2089.0,A,2047.0,2089.0,1,3-0 unanimous,-0.0,A,True,AAA,A/A/A
Pt1,P504,A,2013.0,2057.0,P,,,A,2012.0,2070.0,P,,,2,2-1 split,0.5793801642856949,A,False,AAP,A/P/A
Pt1,P509,U,,,P,,,U,,,P,,,2,2-1 split,0.5793801642856949,U,False,PUU,U/P/U
Pt1,P523,U,,,U,,,U,,,U,,,1,3-0 unanimous,-0.0,U,True,UUU,U/U/U
Pt1,P525,U,,,U,,,U,,,P,,,1,3-0 unanimous,-0.0,U,False,UUU,U/U/U
Pt1,P528,U,,,U,,,U,,,U,,,1,3-0 unanimous,-0.0,U,True,UUU,U/U/U
Pt1,P545,A,1979.0,2036.0,U,,,A,1975.0,2057.0,A,1976.0,2057.0,2,2-1 split,0.5793801642856949,A,True,AAU,A/U/A
Pt1,P546,A,1979.0,2024.0,U,,,A,1975.0,2059.0,A,1975.0,2059.0,2,2-1 split,0.5793801642856949,A,True,AAU,A/U/A
Pt1,P547,P,,,P,,,U,,,P,,,2,2-1 split,0.5793801642856949,P,True,PPU,P/P/U
Pt1,P549,A,2010.0,2023.0,P,,,U,,,P,,,3,1-1-1 split,0.9999999999999998,,False,APU,A/P/U
Pt1,P550,A,2014.0,2036.0,P,,,U,,,P,,,3,1-1-1 split,0.9999999999999998,,False,APU,A/P/U
Pt1,P551,P,,,U,,,U,,,P,,,2,2-1 split,0.5793801642856949,U,False,PUU,P/U/U
Pt1,P552,A,1990.0,2057.0,U,,,U,,,U,,,2,2-1 split,0.5793801642856949,U,True,AUU,A/U/U
Pt1,P554,A,2024.0,2036.0,U,,,U,,,P,,,2,2-1 split,0.5793801642856949,U,False,AUU,A/U/U
Pt1,P562,P,,,P,,,P,,,P,,,1,3-0 unanimous,-0.0,P,True,PPP,P/P/P
Pt1,P568,P,,,U,,,P,,,P,,,2,2-1 split,0.5793801642856949,P,True,PPU,P/U/P
Pt1,P571,P,,,P,,,P,,,P,,,1,3-0 unanimous,-0.0,P,True,PPP,P/P/P
Pt1,P574,U,,,P,,,U,,,P,,,2,2-1 split,0.5793801642856949,U,False,PUU,U/P/U
Pt1,P577,P,,,P,,,P,,,P,,,1,3-0 unanimous,-0.0,P,True,PPP,P/P/P
Pt1,P578,P,,,P,,,P,,,P,,,1,3-0 unanimous,-0.0,P,True,PPP,P/P/P
Pt1,P592,P,,,P,,,P,,,P,,,1,3-0 unanimous,-0.0,P,True,PPP,P/P/P
Pt1,P603,P,,,P,,,P,,,P,,,1,3-0 unanimous,-0.0,P,True,PPP,P/P/P
Pt1,P609,U,,,U,,,U,,,U,,,1,3-0 unanimous,-0.0,U,True,UUU,U/U/U
Pt1,P612,A,1998.0,2010.0,U,,,P,,,P,,,3,1-1-1 split,0.9999999999999998,,False,APU,A/U/P
Pt1,P615,U,,,P,,,U,,,P,,,2,2-1 split,0.5793801642856949,U,False,PUU,U/P/U
Pt1,P635,P,,,P,,,P,,,P,,,1,3-0 unanimous,-0.0,P,True,PPP,P/P/P
Pt1,P639,P,,,P,,,P,,,P,,,1,3-0 unanimous,-0.0,P,True,PPP,P/P/P
Pt1,P643,P,,,P,,,P,,,P,,,1,3-0 unanimous,-0.0,P,True,PPP,P/P/P
Pt1,P645,P,,,P,,,P,,,P,,,1,3-0 unanimous,-0.0,P,True,PPP,P/P/P
Pt1,P647,P,,,P,,,P,,,P,,,1,3-0 unanimous,-0.0,P,True,PPP,P/P/P
Pt1,P651,P,,,P,,,P,,,P,,,1,3-0 unanimous,-0.0,P,True,PPP,P/P/P
Pt1,P655,P,,,P,,,P,,,P,,,1,3-0 unanimous,-0.0,P,True,PPP,P/P/P
Pt1,P656,P,,,P,,,P,,,P,,,1,3-0 unanimous,-0.0,P,True,PPP,P/P/P
Pt1,P657,P,,,P,,,P,,,P,,,1,3-0 unanimous,-0.0,P,True,PPP,P/P/P
Pt1,P681,U,,,P,,,P,,,U,,,2,2-1 split,0.5793801642856949,P,False,PPU,U/P/P
Pt1,P682,U,,,P,,,P,,,P,,,2,2-1 split,0.5793801642856949,P,True,PPU,U/P/P
Pt1,P700,U,,,P,,,P,,,U,,,2,2-1 split,0.5793801642856949,P,False,PPU,U/P/P
Pt1,P705,P,,,P,,,P,,,P,,,1,3-0 unanimous,-0.0,P,True,PPP,P/P/P
Pt1,P717,P,,,P,,,P,,,P,,,1,3-0 unanimous,-0.0,P,True,PPP,P/P/P
Pt1,P727,P,,,P,,,P,,,P,,,1,3-0 unanimous,-0.0,P,True,PPP,P/P/P
Pt1,P738,P,,,P,,,P,,,P,,,1,3-0 unanimous,-0.0,P,True,PPP,P/P/P
Pt1,P799,U,,,P,,,U,,,U,,,2,2-1 split,0.5793801642856949,U,True,PUU,U/P/U
Pt1,P800,A,2023.0,2057.0,U,,,A,2000.0,2074.0,A,2000.0,2074.0,2,2-1 split,0.5793801642856949,A,True,AAU,A/U/A
Pt1,P802,P,,,P,,,P,,,P,,,1,3-0 unanimous,-0.0,P,True,PPP,P/P/P
Pt1,P803,A,2032.0,2064.0,U,,,A,2017.0,2110.0,A,2017.0,2071.0,2,2-1 split,0.5793801642856949,A,True,AAU,A/U/A
Pt1,P808,A,1986.0,2000.0,U,,,P,,,P,,,3,1-1-1 split,0.9999999999999998,,False,APU,A/U/P
Pt1,P810,A,2007.0,2014.0,P,,,P,,,P,,,2,2-1 split,0.5793801642856949,P,True,APP,A/P/P
Pt1,P818,A,2060.0,2103.0,A,2049.0,2111.0,A,2044.0,2114.0,A,2044.0,2114.0,1,3-0 unanimous,-0.0,A,True,AAA,A/A/A
Pt1,P827,P,,,P,,,P,,,P,,,1,3-0 unanimous,-0.0,P,True,PPP,P/P/P
Pt1,P828,A,2068.0,2114.0,A,2050.0,2122.0,A,2039.0,2120.0,A,2039.0,2122.0,1,3-0 unanimous,-0.0,A,True,AAA,A/A/A
Pt1,P830,A,2120.0,2146.0,A,2127.0,2157.0,A,2124.0,2151.0,A,2127.0,2160.0,1,3-0 unanimous,-0.0,A,True,AAA,A/A/A
Pt1,P834,A,2080.0,2160.0,A,2099.0,2163.0,A,2096.0,2163.0,A,2099.0,2163.0,1,3-0 unanimous,-0.0,A,True,AAA,A/A/A
Pt1,P835,A,2121.0,2142.0,A,2122.0,2150.0,A,2114.0,2146.0,A,2122.0,2146.0,1,3-0 unanimous,-0.0,A,True,AAA,A/A/A
Pt1,P852,A,2039.0,2114.0,A,2037.0,2112.0,A,2025.0,2126.0,A,2039.0,2126.0,1,3-0 unanimous,-0.0,A,True,AAA,A/A/A
Pt1,P868,A,2089.0,2129.0,U,,,A,2061.0,2137.0,A,2083.0,2129.0,2,2-1 split,0.5793801642856949,A,True,AAU,A/U/A
Pt1,P881,A,2089.0,2136.0,A,2080.0,2134.0,A,2079.0,2147.0,A,2080.0,2147.0,1,3-0 unanimous,-0.0,A,True,AAA,A/A/A
Pt1,P896,A,2110.0,2125.0,A,2110.0,2137.0,A,2110.0,2140.0,A,2110.0,2140.0,1,3-0 unanimous,-0.0,A,True,AAA,A/A/A
Pt1,P904,A,2085.0,2112.0,A,2046.0,2125.0,A,2053.0,2121.0,A,2046.0,2121.0,1,3-0 unanimous,-0.0,A,True,AAA,A/A/A
Pt1,P913,A,2095.0,2125.0,A,2094.0,2124.0,A,2089.0,2131.0,A,2094.0,2128.0,1,3-0 unanimous,-0.0,A,True,AAA,A/A/A
Pt1,P930,U,,,P,,,A,2031.0,2099.0,P,,,3,1-1-1 split,0.9999999999999998,,False,APU,U/P/A
Pt1,P933,A,2089.0,2100.0,U,,,A,2060.0,2112.0,A,2060.0,2112.0,2,2-1 split,0.5793801642856949,A,True,AAU,A/U/A
Pt1,P935,A,2060.0,2100.0,A,2058.0,2118.0,A,2051.0,2114.0,A,2058.0,2120.0,1,3-0 unanimous,-0.0,A,True,AAA,A/A/A
Pt1,P936,A,2089.0,2125.0,A,2095.0,2137.0,A,2089.0,2139.0,A,2091.0,2137.0,1,3-0 unanimous,-0.0,A,True,AAA,A/A/A
Pt1,P950,A,2085.0,2096.0,U,,,A,2061.0,2108.0,A,2061.0,2108.0,2,2-1 split,0.5793801642856949,A,True,AAU,A/U/A
Pt1,P956,A,2085.0,2099.0,U,,,A,2065.0,2109.0,A,2065.0,2109.0,2,2-1 split,0.5793801642856949,A,True,AAU,A/U/A
Pt1,P962,A,2089.0,2127.0,A,2093.0,2121.0,A,2031.0,2127.0,A,2093.0,2127.0,1,3-0 unanimous,-0.0,A,True,AAA,A/A/A
Pt1,P963,A,2088.0,2100.0,U,,,A,2062.0,2114.0,A,2062.0,2100.0,2,2-1 split,0.5793801642856949,A,True,AAU,A/U/A
Pt1,P967,A,2085.0,2096.0,A,2089.0,2100.0,A,2059.0,2116.0,A,2062.0,2100.0,1,3-0 unanimous,-0.0,A,True,AAA,A/A/A
Pt1,P969,A,2085.0,2100.0,A,2089.0,2101.0,A,2062.0,2118.0,A,2062.0,2101.0,1,3-0 unanimous,-0.0,A,True,AAA,A/A/A
Pt1,P997,A,2093.0,2110.0,A,2089.0,2123.0,A,2033.0,2131.0,A,2093.0,2131.0,1,3-0 unanimous,-0.0,A,True,AAA,A/A/A
Pt1,P1000,A,2045.0,2075.0,A,2033.0,2101.0,A,2062.0,2098.0,A,2022.0,2107.0,1,3-0 unanimous,-0.0,A,True,AAA,A/A/A
Pt1,P1002,A,2085.0,2106.0,A,2027.0,2112.0,A,2050.0,2111.0,A,2050.0,2111.0,1,3-0 unanimous,-0.0,A,True,AAA,A/A/A
Pt1,P1003,U,,,U,,,A,2010.0,2094.0,A,2010.0,2094.0,2,2-1 split,0.5793801642856949,U,False,AUU,U/U/A
Pt1,P1004,A,2063.0,2089.0,A,2018.0,2093.0,A,2005.0,2093.0,A,2044.0,2089.0,1,3-0 unanimous,-0.0,A,True,AAA,A/A/A
Pt1,P1005,A,2059.0,2079.0,A,2029.0,2103.0,A,2024.0,2112.0,A,2053.0,2112.0,1,3-0 unanimous,-0.0,A,True,AAA,A/A/A
Pt1,P1006,U,,,A,2056.0,2115.0,A,2046.0,2134.0,A,2051.0,2136.0,2,2-1 split,0.5793801642856949,A,True,AAU,U/A/A
Pt1,P1007,U,,,A,2019.0,2102.0,A,2020.0,2114.0,A,2011.0,2092.0,2,2-1 split,0.5793801642856949,A,True,AAU,U/A/A
Pt1,P1008,A,2059.0,2104.0,A,2059.0,2107.0,A,2005.0,2126.0,A,2005.0,2126.0,1,3-0 unanimous,-0.0,A,True,AAA,A/A/A
Pt1,P1009,A,2093.0,2110.0,A,2092.0,2129.0,A,2089.0,2128.0,A,2092.0,2128.0,1,3-0 unanimous,-0.0,A,True,AAA,A/A/A
Pt1,P1010,U,,,U,,,A,2049.0,2134.0,A,2049.0,2142.0,2,2-1 split,0.5793801642856949,U,False,AUU,U/U/A
Pt1,P1011,U,,,A,2054.0,2091.0,A,2022.0,2114.0,A,2022.0,2096.0,2,2-1 split,0.5793801642856949,A,True,AAU,U/A/A
Pt1,P1012,A,2053.0,2100.0,A,2062.0,2105.0,A,2019.0,2121.0,A,2022.0,2111.0,1,3-0 unanimous,-0.0,A,True,AAA,A/A/A
Pt1,P1013,A,2059.0,2085.0,A,2062.0,2096.0,A,2003.0,2117.0,A,2022.0,2086.0,1,3-0 unanimous,-0.0,A,True,AAA,A/A/A
Pt1,P1014,A,2089.0,2121.0,A,2093.0,2128.0,A,2084.0,2140.0,A,2089.0,2128.0,1,3-0 unanimous,-0.0,A,True,AAA,A/A/A
Pt1,P1015,U,,,A,2057.0,2104.0,A,2005.0,2091.0,A,2005.0,2104.0,2,2-1 split,0.5793801642856949,A,True,AAU,U/A/A
Pt1,P1016,A,2067.0,2104.0,A,2068.0,2113.0,A,2023.0,2114.0,A,2023.0,2114.0,1,3-0 unanimous,-0.0,A,True,AAA,A/A/A
Pt1,P1017,A,2060.0,2079.0,A,2063.0,2107.0,A,2035.0,2100.0,A,2042.0,2100.0,1,3-0 unanimous,-0.0,A,True,AAA,A/A/A
Pt1,P1019,A,2089.0,2127.0,A,2094.0,2151.0,A,2086.0,2133.0,A,2089.0,2151.0,1,3-0 unanimous,-0.0,A,True,AAA,A/A/A
Pt1,P1020,U,,,A,2051.0,2109.0,A,2049.0,2130.0,A,2049.0,2109.0,2,2-1 split,0.5793801642856949,A,True,AAU,U/A/A
Pt1,P1021,A,2055.0,2089.0,A,2061.0,2103.0,A,2054.0,2118.0,A,2061.0,2118.0,1,3-0 unanimous,-0.0,A,True,AAA,A/A/A
Pt1,P1022,U,,,U,,,A,2032.0,2128.0,U,,,2,2-1 split,0.5793801642856949,U,True,AUU,U/U/A
Pt1,P1032,U,,,U,,,A,2030.0,2114.0,A,2030.0,2114.0,2,2-1 split,0.5793801642856949,U,False,AUU,U/U/A
Pt1,P1033,P,,,P,,,P,,,P,,,1,3-0 unanimous,-0.0,P,True,PPP,P/P/P
Pt1,P1062,P,,,P,,,P,,,P,,,1,3-0 unanimous,-0.0,P,True,PPP,P/P/P
Pt1,P1066,P,,,P,,,P,,,P,,,1,3-0 unanimous,-0.0,P,True,PPP,P/P/P
Pt1,P1074,P,,,P,,,P,,,P,,,1,3-0 unanimous,-0.0,P,True,PPP,P/P/P
Pt1,P1099,P,,,U,,,U,,,P,,,2,2-1 split,0.5793801642856949,U,False,PUU,P/U/U
Pt1,P1100,U,,,U,,,U,,,U,,,1,3-0 unanimous,-0.0,U,True,UUU,U/U/U
Pt1,P1160,A,2024.0,2068.0,U,,,A,2001.0,2130.0,U,,,2,2-1 split,0.5793801642856949,A,False,AAU,A/U/A
Pt1,P1199,P,,,P,,,P,,,P,,,1,3-0 unanimous,-0.0,P,True,PPP,P/P/P
Pt1,P1210,A,2067.0,2106.0,U,,,A,2054.0,2133.0,A,2054.0,2120.0,2,2-1 split,0.5793801642856949,A,True,AAU,A/U/A
Pt1,P1248,A,2024.0,2072.0,U,,,A,1982.0,2096.0,A,2021.0,2072.0,2,2-1 split,0.5793801642856949,A,True,AAU,A/U/A
Pt1,P1249,A,2078.0,2089.0,U,,,A,2019.0,2103.0,A,2019.0,2089.0,2,2-1 split,0.5793801642856949,A,True,AAU,A/U/A
Pt1,P1250,U,,,U,,,A,2020.0,2113.0,A,2020.0,2089.0,2,2-1 split,0.5793801642856949,U,False,AUU,U/U/A
Pt1,P1285,A,2059.0,2095.0,A,2061.0,2093.0,A,2046.0,2099.0,A,2046.0,2099.0,1,3-0 unanimous,-0.0,A,True,AAA,A/A/A
Pt1,P1286,U,,,U,,,A,2047.0,2123.0,A,2047.0,2090.0,2,2-1 split,0.5793801642856949,U,False,AUU,U/U/A
Pt1,P1301,A,2060.0,2110.0,A,2062.0,2119.0,A,2017.0,2126.0,A,2062.0,2121.0,1,3-0 unanimous,-0.0,A,True,AAA,A/A/A
Pt1,P1309,A,2064.0,2114.0,A,2064.0,2122.0,A,2019.0,2126.0,A,2064.0,2122.0,1,3-0 unanimous,-0.0,A,True,AAA,A/A/A
Pt1,P1317,A,2064.0,2109.0,A,2065.0,2121.0,A,2019.0,2124.0,A,2064.0,2121.0,1,3-0 unanimous,-0.0,A,True,AAA,A/A/A
Pt1,P1338,A,2081.0,2096.0,A,2069.0,2103.0,A,2056.0,2117.0,A,2056.0,2103.0,1,3-0 unanimous,-0.0,A,True,AAA,A/A/A
Pt1,P1341,A,2050.0,2100.0,A,2067.0,2124.0,A,2037.0,2129.0,A,2037.0,2124.0,1,3-0 unanimous,-0.0,A,True,AAA,A/A/A
Pt1,P1349,A,2057.0,2100.0,A,2049.0,2113.0,A,2051.0,2114.0,A,2051.0,2113.0,1,3-0 unanimous,-0.0,A,True,AAA,A/A/A
Pt1,P1351,P,,,P,,,P,,,P,,,1,3-0 unanimous,-0.0,P,True,PPP,P/P/P
Pt1,P1352,A,2078.0,2125.0,A,2071.0,2146.0,A,2068.0,2144.0,A,2071.0,2126.0,1,3-0 unanimous,-0.0,A,True,AAA,A/A/A
Pt1,P1353,A,2080.0,2091.0,A,2046.0,2102.0,U,,,A,2083.0,2097.0,2,2-1 split,0.5793801642856949,A,True,AAU,A/A/U
Pt1,P1355,A,2085.0,2104.0,A,2044.0,2103.0,A,2047.0,2112.0,A,2044.0,2112.0,1,3-0 unanimous,-0.0,A,True,AAA,A/A/A
Pt1,P1362,A,2085.0,2135.0,A,2090.0,2129.0,A,2088.0,2131.0,A,2088.0,2131.0,1,3-0 unanimous,-0.0,A,True,AAA,A/A/A
Pt1,P1365,A,2052.0,2095.0,U,,,A,2044.0,2093.0,A,2052.0,2093.0,2,2-1 split,0.5793801642856949,A,True,AAU,A/U/A
Pt1,P1370,A,2093.0,2110.0,A,2091.0,2126.0,A,2089.0,2129.0,A,2093.0,2127.0,1,3-0 unanimous,-0.0,A,True,AAA,A/A/A
Pt1,P1375,A,2060.0,2078.0,A,2035.0,2090.0,A,2031.0,2083.0,A,2035.0,2083.0,1,3-0 unanimous,-0.0,A,True,AAA,A/A/A
Pt1,P1384,A,2053.0,2078.0,A,2030.0,2082.0,A,2026.0,2087.0,A,2026.0,2082.0,1,3-0 unanimous,-0.0,A,True,AAA,A/A/A
Pt1,P1396,A,2078.0,2099.0,A,2050.0,2105.0,U,,,A,2050.0,2105.0,2,2-1 split,0.5793801642856949,A,True,AAU,A/A/U
Pt1,P1397,U,,,A,2061.0,2117.0,A,2049.0,2108.0,A,2049.0,2117.0,2,2-1 split,0.5793801642856949,A,True,AAU,U/A/A
Pt1,P1407,A,2049.0,2081.0,U,,,U,,,U,,,2,2-1 split,0.5793801642856949,U,True,AUU,A/U/U
Pt1,P1409,A,2060.0,2091.0,A,2070.0,2125.0,A,2062.0,2125.0,A,2070.0,2091.0,1,3-0 unanimous,-0.0,A,True,AAA,A/A/A
Pt1,P1415,P,,,A,2075.0,2125.0,A,2062.0,2121.0,P,,,2,2-1 split,0.5793801642856949,A,False,AAP,P/A/A
Pt1,P1416,U,,,A,2058.0,2110.0,A,2048.0,2111.0,A,2048.0,2083.0,2,2-1 split,0.5793801642856949,A,True,AAU,U/A/A
Pt1,P1417,A,2093.0,2117.0,A,2093.0,2134.0,A,2092.0,2126.0,A,2043.0,2123.0,1,3-0 unanimous,-0.0,A,True,AAA,A/A/A
Pt1,P1428,A,2078.0,2093.0,A,2063.0,2120.0,A,2059.0,2123.0,A,2063.0,2098.0,1,3-0 unanimous,-0.0,A,True,AAA,A/A/A
Pt1,P1453,A,2064.0,2117.0,A,2054.0,2125.0,A,2048.0,2128.0,A,2048.0,2128.0,1,3-0 unanimous,-0.0,A,True,AAA,A/A/A
Pt1,P1474,U,,,U,,,A,2030.0,2106.0,A,2039.0,2106.0,2,2-1 split,0.5793801642856949,U,False,AUU,U/U/A
Pt2,P15,P,,,P,,,P,,,P,,,1,3-0 unanimous,-0.0,P,True,PPP,P/P/P
Pt2,P17,A,2022.0,2075.0,A,2021.0,2091.0,A,2026.0,2075.0,A,2026.0,2091.0,1,3-0 unanimous,-0.0,A,True,AAA,A/A/A
Pt2,P19,A,2021.0,2064.0,A,2019.0,2092.0,A,2020.0,2095.0,A,2020.0,2095.0,1,3-0 unanimous,-0.0,A,True,AAA,A/A/A
Pt2,P20,A,2024.0,2079.0,A,2018.0,2099.0,A,2020.0,2086.0,A,2020.0,2096.0,1,3-0 unanimous,-0.0,A,True,AAA,A/A/A
Pt2,P22,A,2021.0,2068.0,A,2021.0,2098.0,A,2020.0,2078.0,A,2020.0,2094.0,1,3-0 unanimous,-0.0,A,True,AAA,A/A/A
Pt2,P23,A,2034.0,2093.0,A,2028.0,2102.0,A,2029.0,2092.0,A,2031.0,2102.0,1,3-0 unanimous,-0.0,A,True,AAA,A/A/A
Pt2,P24,A,2038.0,2100.0,A,2040.0,2111.0,A,2038.0,2102.0,A,2038.0,2111.0,1,3-0 unanimous,-0.0,A,True,AAA,A/A/A
Pt2,P25,A,2027.0,2089.0,A,2029.0,2099.0,A,2026.0,2090.0,A,2027.0,2095.0,1,3-0 unanimous,-0.0,A,True,AAA,A/A/A
Pt2,P27,P,,,U,,,A,2037.0,2110.0,U,,,3,1-1-1 split,0.9999999999999998,,False,APU,P/U/A
Pt2,P28,U,,,U,,,A,2039.0,2108.0,U,,,2,2-1 split,0.5793801642856949,U,True,AUU,U/U/A
Pt2,P29,P,,,U,,,A,2041.0,2104.0,U,,,3,1-1-1 split,0.9999999999999998,,False,APU,P/U/A
Pt2,P36,P,,,U,,,A,2043.0,2132.0,U,,,3,1-1-1 split,0.9999999999999998,,False,APU,P/U/A
Pt2,P37,P,,,U,,,A,2028.0,2121.0,U,,,3,1-1-1 split,0.9999999999999998,,False,APU,P/U/A
Pt2,P38,U,,,U,,,A,2031.0,2114.0,U,,,2,2-1 split,0.5793801642856949,U,True,AUU,U/U/A
Pt2,P41,A,2031.0,2059.0,A,2028.0,2116.0,A,2031.0,2097.0,A,2031.0,2116.0,1,3-0 unanimous,-0.0,A,True,AAA,A/A/A
Pt2,P42,U,,,U,,,A,2038.0,2118.0,U,,,2,2-1 split,0.5793801642856949,U,True,AUU,U/U/A
Pt2,P44,A,2052.0,2057.0,P,,,A,2030.0,2126.0,A,2046.0,2082.0,2,2-1 split,0.5793801642856949,A,True,AAP,A/P/A
Pt2,P65,A,1964.0,2072.0,A,1967.0,2077.0,A,1964.0,2081.0,A,1967.0,2081.0,1,3-0 unanimous,-0.0,A,True,AAA,A/A/A
Pt2,P68,A,2002.0,2064.0,A,1992.0,2078.0,A,1999.0,2069.0,A,1982.0,2069.0,1,3-0 unanimous,-0.0,A,True,AAA,A/A/A
Pt2,P71,A,1998.0,2068.0,A,1997.0,2068.0,A,1999.0,2057.0,A,1985.0,2068.0,1,3-0 unanimous,-0.0,A,True,AAA,A/A/A
Pt2,P86,U,,,P,,,P,,,P,,,2,2-1 split,0.5793801642856949,P,True,PPU,U/P/P
Pt2,P88,U,,,P,,,P,,,P,,,2,2-1 split,0.5793801642856949,P,True,PPU,U/P/P
Pt2,P91,A,2000.0,2089.0,U,,,U,,,A,2073.0,2091.0,2,2-1 split,0.5793801642856949,U,False,AUU,A/U/U
Pt2,P104,A,2018.0,2057.0,A,2001.0,2087.0,A,2024.0,2076.0,A,2018.0,2076.0,1,3-0 unanimous,-0.0,A,True,AAA,A/A/A
Pt2,P106,A,1986.0,2057.0,A,1974.0,2071.0,A,1981.0,2059.0,A,1981.0,2059.0,1,3-0 unanimous,-0.0,A,True,AAA,A/A/A
Pt2,P107,A,2010.0,2052.0,A,1992.0,2100.0,A,1996.0,2073.0,A,2010.0,2073.0,1,3-0 unanimous,-0.0,A,True,AAA,A/A/A
Pt2,P109,P,,,P,,,P,,,P,,,1,3-0 unanimous,-0.0,P,True,PPP,P/P/P
Pt2,P114,P,,,P,,,P,,,P,,,1,3-0 unanimous,-0.0,P,True,PPP,P/P/P
Pt2,P116,P,,,P,,,P,,,P,,,1,3-0 unanimous,-0.0,P,True,PPP,P/P/P
Pt2,P117,P,,,P,,,P,,,P,,,1,3-0 unanimous,-0.0,P,True,PPP,P/P/P
Pt2,P135,P,,,P,,,P,,,P,,,1,3-0 unanimous,-0.0,P,True,PPP,P/P/P
Pt2,P138,P,,,P,,,P,,,P,,,1,3-0 unanimous,-0.0,P,True,PPP,P/P/P
Pt2,P140,P,,,P,,,P,,,P,,,1,3-0 unanimous,-0.0,P,True,PPP,P/P/P
Pt2,P154,P,,,P,,,P,,,P,,,1,3-0 unanimous,-0.0,P,True,PPP,P/P/P
Pt2,P196,U,,,U,,,U,,,U,,,1,3-0 unanimous,-0.0,U,True,UUU,U/U/U
Pt2,P199,P,,,P,,,P,,,P,,,1,3-0 unanimous,-0.0,P,True,PPP,P/P/P
Pt2,P200,P,,,P,,,P,,,P,,,1,3-0 unanimous,-0.0,P,True,PPP,P/P/P
Pt2,P205,P,,,P,,,P,,,P,,,1,3-0 unanimous,-0.0,P,True,PPP,P/P/P
Pt2,P210,P,,,P,,,P,,,P,,,1,3-0 unanimous,-0.0,P,True,PPP,P/P/P
Pt2,P237,P,,,P,,,P,,,P,,,1,3-0 unanimous,-0.0,P,True,PPP,P/P/P
Pt2,P275,A,2031.0,2060.0,A,2023.0,2087.0,A,2030.0,2081.0,A,2031.0,2082.0,1,3-0 unanimous,-0.0,A,True,AAA,A/A/A
Pt2,P294,A,1971.0,1998.0,P,,,P,,,P,,,2,2-1 split,0.5793801642856949,P,True,APP,A/P/P
Pt2,P298,A,2031.0,2079.0,P,,,A,2004.0,2104.0,A,2031.0,2104.0,2,2-1 split,0.5793801642856949,A,True,AAP,A/P/A
Pt2,P302,A,2003.0,2021.0,A,1995.0,2095.0,A,1993.0,2085.0,A,1995.0,2095.0,1,3-0 unanimous,-0.0,A,True,AAA,A/A/A
Pt2,P333,P,,,P,,,A,1978.0,2078.0,P,,,2,2-1 split,0.5793801642856949,P,True,APP,P/P/A
Pt2,P334,P,,,P,,,A,1972.0,2073.0,P,,,2,2-1 split,0.5793801642856949,P,True,APP,P/P/A
Pt2,P395,P,,,P,,,P,,,P,,,1,3-0 unanimous,-0.0,P,True,PPP,P/P/P
Pt2,P400,A,1982.0,2011.0,P,,,P,,,P,,,2,2-1 split,0.5793801642856949,P,True,APP,A/P/P
Pt2,P423,U,,,U,,,A,2021.0,2113.0,U,,,2,2-1 split,0.5793801642856949,U,True,AUU,U/U/A
Pt2,P424,U,,,U,,,A,2033.0,2108.0,U,,,2,2-1 split,0.5793801642856949,U,True,AUU,U/U/A
Pt2,P425,A,2028.0,2047.0,A,2032.0,2094.0,A,2027.0,2100.0,A,2027.0,2100.0,1,3-0 unanimous,-0.0,A,True,AAA,A/A/A
Pt2,P442,P,,,P,,,P,,,P,,,1,3-0 unanimous,-0.0,P,True,PPP,P/P/P
Pt2,P443,P,,,P,,,P,,,P,,,1,3-0 unanimous,-0.0,P,True,PPP,P/P/P
Pt2,P444,P,,,P,,,P,,,P,,,1,3-0 unanimous,-0.0,P,True,PPP,P/P/P
Pt2,P450,A,2059.0,2052.0,A,2002.0,2109.0,A,2000.0,2113.0,A,2000.0,2109.0,1,3-0 unanimous,-0.0,A,True,AAA,A/A/A
Pt2,P451,A,2011.0,2047.0,A,1999.0,2111.0,A,2005.0,2110.0,A,2005.0,2111.0,1,3-0 unanimous,-0.0,A,True,AAA,A/A/A
Pt2,P453,A,2003.0,2052.0,A,2005.0,2104.0,A,2010.0,2111.0,A,2010.0,2104.0,1,3-0 unanimous,-0.0,A,True,AAA,A/A/A
Pt2,P462,P,,,P,,,A,2044.0,2131.0,U,,,2,2-1 split,0.5793801642856949,P,False,APP,P/P/A
Pt2,P466,P,,,P,,,P,,,P,,,1,3-0 unanimous,-0.0,P,True,PPP,P/P/P
Pt2,P467,P,,,P,,,P,,,P,,,1,3-0 unanimous,-0.0,P,True,PPP,P/P/P
Pt2,P470,P,,,P,,,P,,,P,,,1,3-0 unanimous,-0.0,P,True,PPP,P/P/P
Pt2,P471,P,,,P,,,P,,,P,,,1,3-0 unanimous,-0.0,P,True,PPP,P/P/P
Pt2,P473,P,,,P,,,P,,,P,,,1,3-0 unanimous,-0.0,P,True,PPP,P/P/P
Pt2,P491,A,2075.0,2100.0,A,2074.0,2110.0,A,2021.0,2103.0,A,2074.0,2110.0,1,3-0 unanimous,-0.0,A,True,AAA,A/A/A
Pt2,P492,A,2075.0,2104.0,A,2074.0,2112.0,P,,,A,2074.0,2104.0,2,2-1 split,0.5793801642856949,A,True,AAP,A/A/P
Pt2,P494,A,2075.0,2104.0,A,2076.0,2115.0,P,,,A,2075.0,2104.0,2,2-1 split,0.5793801642856949,A,True,AAP,A/A/P
Pt2,P495,A,2075.0,2100.0,A,2074.0,2113.0,P,,,A,2075.0,2103.0,2,2-1 split,0.5793801642856949,A,True,AAP,A/A/P
Pt2,P497,A,2047.0,2084.0,A,2005.0,2093.0,A,2049.0,2102.0,A,2014.0,2093.0,1,3-0 unanimous,-0.0,A,True,AAA,A/A/A
Pt2,P512,A,2045.0,2081.0,A,2000.0,2101.0,A,2038.0,2094.0,A,2038.0,2101.0,1,3-0 unanimous,-0.0,A,True,AAA,A/A/A
Pt2,P541,A,1979.0,2038.0,A,1963.0,2070.0,A,1964.0,2069.0,A,1963.0,2070.0,1,3-0 unanimous,-0.0,A,True,AAA,A/A/A
Pt2,P542,A,2017.0,2038.0,A,1991.0,2087.0,A,1988.0,2061.0,A,1991.0,2061.0,1,3-0 unanimous,-0.0,A,True,AAA,A/A/A
Pt2,P543,A,2031.0,2063.0,A,1998.0,2076.0,A,2013.0,2067.0,A,2013.0,2067.0,1,3-0 unanimous,-0.0,A,True,AAA,A/A/A
Pt2,P545,A,2021.0,2064.0,A,1998.0,2089.0,A,2010.0,2078.0,A,2010.0,2078.0,1,3-0 unanimous,-0.0,A,True,AAA,A/A/A
Pt2,P546,A,2043.0,2097.0,A,1996.0,2111.0,A,2015.0,2101.0,A,2015.0,2111.0,1,3-0 unanimous,-0.0,A,True,AAA,A/A/A
Pt2,P547,A,2045.0,2084.0,A,1982.0,2100.0,A,1991.0,2089.0,A,1991.0,2091.0,1,3-0 unanimous,-0.0,A,True,AAA,A/A/A
Pt2,P548,A,2049.0,2096.0,A,1993.0,2105.0,A,1994.0,2097.0,A,1994.0,2096.0,1,3-0 unanimous,-0.0,A,True,AAA,A/A/A
Pt2,P549,A,2032.0,2070.0,A,1992.0,2086.0,A,2009.0,2077.0,A,2009.0,2086.0,1,3-0 unanimous,-0.0,A,True,AAA,A/A/A
Pt2,P550,A,2047.0,2078.0,A,2000.0,2142.0,A,1994.0,2081.0,A,1994.0,2078.0,1,3-0 unanimous,-0.0,A,True,AAA,A/A/A
Pt2,P551,A,2021.0,2068.0,A,1988.0,2085.0,A,1991.0,2076.0,A,1991.0,2085.0,1,3-0 unanimous,-0.0,A,True,AAA,A/A/A
Pt2,P552,A,2018.0,2072.0,A,1987.0,2091.0,A,1992.0,2075.0,A,1992.0,2075.0,1,3-0 unanimous,-0.0,A,True,AAA,A/A/A
Pt2,P553,A,2022.0,2068.0,A,1996.0,2083.0,A,2004.0,2079.0,A,2004.0,2079.0,1,3-0 unanimous,-0.0,A,True,AAA,A/A/A
Pt2,P554,A,2024.0,2074.0,A,1992.0,2085.0,A,2000.0,2080.0,A,2008.0,2085.0,1,3-0 unanimous,-0.0,A,True,AAA,A/A/A
Pt2,P555,A,2017.0,2068.0,A,1988.0,2091.0,A,2001.0,2075.0,A,2002.0,2085.0,1,3-0 unanimous,-0.0,A,True,AAA,A/A/A
Pt2,P556,A,2022.0,2075.0,A,1991.0,2093.0,A,2007.0,2083.0,A,2007.0,2083.0,1,3-0 unanimous,-0.0,A,True,AAA,A/A/A
Pt2,P557,A,2017.0,2068.0,A,1998.0,2081.0,A,2008.0,2072.0,A,2012.0,2081.0,1,3-0 unanimous,-0.0,A,True,AAA,A/A/A
Pt2,P558,A,2022.0,2074.0,A,1996.0,2087.0,A,2012.0,2081.0,A,2012.0,2081.0,1,3-0 unanimous,-0.0,A,True,AAA,A/A/A
Pt2,P559,A,2018.0,2072.0,A,1992.0,2095.0,A,2001.0,2074.0,A,2001.0,2074.0,1,3-0 unanimous,-0.0,A,True,AAA,A/A/A
Pt2,P560,A,2014.0,2075.0,A,1990.0,2080.0,A,1993.0,2074.0,A,2006.0,2080.0,1,3-0 unanimous,-0.0,A,True,AAA,A/A/A
Pt2,P562,A,2021.0,2072.0,A,1990.0,2119.0,A,1997.0,2107.0,A,1994.0,2075.0,1,3-0 unanimous,-0.0,A,True,AAA,A/A/A
Pt2,P627,P,,,P,,,P,,,P,,,1,3-0 unanimous,-0.0,P,True,PPP,P/P/P
Pt2,P629,A,2007.0,2032.0,A,1978.0,2095.0,A,1999.0,2072.0,A,1999.0,2082.0,1,3-0 unanimous,-0.0,A,True,AAA,A/A/A
Pt2,P640,P,,,P,,,P,,,P,,,1,3-0 unanimous,-0.0,P,True,PPP,P/P/P
Pt2,P641,P,,,P,,,P,,,P,,,1,3-0 unanimous,-0.0,P,True,PPP,P/P/P
Pt2,P642,P,,,P,,,P,,,P,,,1,3-0 unanimous,-0.0,P,True,PPP,P/P/P
Pt2,P652,A,1995.0,2014.0,U,,,U,,,P,,,2,2-1 split,0.5793801642856949,U,False,AUU,A/U/U
Pt2,P659,A,2014.0,2075.0,A,1996.0,2087.0,A,2007.0,2075.0,A,1996.0,2087.0,1,3-0 unanimous,-0.0,A,True,AAA,A/A/A
Pt2,P661,A,1991.0,2064.0,A,1990.0,2072.0,A,1985.0,2071.0,A,1985.0,2071.0,1,3-0 unanimous,-0.0,A,True,AAA,A/A/A
Pt2,P993,P,,,P,,,P,,,P,,,1,3-0 unanimous,-0.0,P,True,PPP,P/P/P
Pt2,P997,P,,,U,,,U,,,P,,,2,2-1 split,0.5793801642856949,U,False,PUU,P/U/U
Pt2,P1002,U,,,U,,,U,,,U,,,1,3-0 unanimous,-0.0,U,True,UUU,U/U/U
Pt2,P1003,U,,,U,,,U,,,U,,,1,3-0 unanimous,-0.0,U,True,UUU,U/U/U
Pt2,P1004,U,,,U,,,U,,,U,,,1,3-0 unanimous,-0.0,U,True,UUU,U/U/U
Pt2,P1008,P,,,U,,,U,,,U,,,2,2-1 split,0.5793801642856949,U,True,PUU,P/U/U
Pt2,P1009,P,,,U,,,U,,,U,,,2,2-1 split,0.5793801642856949,U,True,PUU,P/U/U
Pt3,P14,P,,,P,,,P,,,P,,,1,3-0 unanimous,-0.0,P,True,PPP,P/P/P
Pt3,P55,U,,,U,,,A,1971.0,2124.0,U,,,2,2-1 split,0.5793801642856949,U,True,AUU,U/U/A
Pt3,P56,U,,,U,,,A,1960.0,2108.0,U,,,2,2-1 split,0.5793801642856949,U,True,AUU,U/U/A
Pt3,P57,U,,,U,,,A,1961.0,2115.0,U,,,2,2-1 split,0.5793801642856949,U,True,AUU,U/U/A
Pt3,P106,A,2068.0,2096.0,A,2073.0,2095.0,A,2054.0,2088.0,A,2068.0,2096.0,1,3-0 unanimous,-0.0,A,True,AAA,A/A/A
Pt3,P127,A,2000.0,2055.0,A,1981.0,2058.0,A,1988.0,2055.0,A,1988.0,2055.0,1,3-0 unanimous,-0.0,A,True,AAA,A/A/A
Pt3,P128,U,,,A,2007.0,2107.0,A,2007.0,2091.0,A,2007.0,2091.0,2,2-1 split,0.5793801642856949,A,True,AAU,U/A/A
Pt3,P129,A,2059.0,2103.0,A,2036.0,2139.0,A,2037.0,2111.0,A,2021.0,2118.0,1,3-0 unanimous,-0.0,A,True,AAA,A/A/A
Pt3,P131,A,2003.0,2072.0,A,1995.0,2083.0,A,1997.0,2057.0,A,1997.0,2057.0,1,3-0 unanimous,-0.0,A,True,AAA,A/A/A
Pt3,P132,A,2021.0,2088.0,A,2003.0,2114.0,A,2018.0,2099.0,A,2018.0,2090.0,1,3-0 unanimous,-0.0,A,True,AAA,A/A/A
Pt3,P133,A,2059.0,2095.0,A,2035.0,2117.0,A,2038.0,2105.0,A,2039.0,2110.0,1,3-0 unanimous,-0.0,A,True,AAA,A/A/A
Pt3,P134,A,2010.0,2078.0,A,2011.0,2080.0,A,2009.0,2058.0,A,2010.0,2058.0,1,3-0 unanimous,-0.0,A,True,AAA,A/A/A
Pt3,P135,A,1998.0,2053.0,U,,,A,1993.0,2067.0,A,1993.0,2067.0,2,2-1 split,0.5793801642856949,A,True,AAU,A/U/A
Pt3,P136,A,2019.0,2089.0,A,2014.0,2100.0,A,2007.0,2101.0,A,2014.0,2089.0,1,3-0 unanimous,-0.0,A,True,AAA,A/A/A
Pt3,P138,U,,,A,2008.0,2098.0,A,2001.0,2091.0,A,2002.0,2092.0,2,2-1 split,0.5793801642856949,A,True,AAU,U/A/A
Pt3,P140,A,2022.0,2093.0,A,2020.0,2106.0,A,2012.0,2098.0,A,2017.0,2093.0,1,3-0 unanimous,-0.0,A,True,AAA,A/A/A
Pt3,P142,A,1996.0,2055.0,A,1993.0,2076.0,A,1995.0,2055.0,A,1995.0,2055.0,1,3-0 unanimous,-0.0,A,True,AAA,A/A/A
Pt3,P143,A,2060.0,2107.0,A,2030.0,2117.0,A,2016.0,2114.0,A,2026.0,2107.0,1,3-0 unanimous,-0.0,A,True,AAA,A/A/A
Pt3,P150,A,2011.0,2093.0,U,,,A,2010.0,2105.0,A,2011.0,2105.0,2,2-1 split,0.5793801642856949,A,True,AAU,A/U/A
Pt3,P155,A,2091.0,2129.0,A,2049.0,2136.0,A,2043.0,2130.0,A,2054.0,2129.0,1,3-0 unanimous,-0.0,A,True,AAA,A/A/A
Pt3,P156,A,2038.0,2096.0,A,2033.0,2091.0,A,2040.0,2083.0,A,2040.0,2083.0,1,3-0 unanimous,-0.0,A,True,AAA,A/A/A
Pt3,P159,A,2000.0,2079.0,U,,,A,1994.0,2072.0,A,1994.0,2054.0,2,2-1 split,0.5793801642856949,A,True,AAU,A/U/A
Pt3,P160,A,2060.0,2104.0,A,2022.0,2107.0,A,2017.0,2103.0,A,2025.0,2107.0,1,3-0 unanimous,-0.0,A,True,AAA,A/A/A
Pt3,P161,A,2060.0,2120.0,A,2017.0,2124.0,A,2017.0,2103.0,A,2029.0,2103.0,1,3-0 unanimous,-0.0,A,True,AAA,A/A/A
Pt3,P172,U,,,U,,,A,1993.0,2069.0,A,1999.0,2069.0,2,2-1 split,0.5793801642856949,U,False,AUU,U/U/A
Pt3,P180,A,2064.0,2132.0,A,2065.0,2134.0,A,2066.0,2142.0,A,2072.0,2115.0,1,3-0 unanimous,-0.0,A,True,AAA,A/A/A
Pt3,P183,A,2052.0,2096.0,A,2023.0,2116.0,A,2011.0,2086.0,A,2019.0,2073.0,1,3-0 unanimous,-0.0,A,True,AAA,A/A/A
Pt3,P184,A,1974.0,2043.0,U,,,A,1973.0,2081.0,A,1973.0,2081.0,2,2-1 split,0.5793801642856949,A,True,AAU,A/U/A
Pt3,P196,U,,,A,2027.0,2155.0,A,2023.0,2155.0,A,2023.0,2155.0,2,2-1 split,0.5793801642856949,A,True,AAU,U/A/A
Pt3,P200,U,,,A,2026.0,2148.0,A,2017.0,2166.0,A,2017.0,2148.0,2,2-1 split,0.5793801642856949,A,True,AAU,U/A/A
Pt3,P202,A,2066.0,2149.0,A,2060.0,2150.0,A,2061.0,2150.0,A,2062.0,2152.0,1,3-0 unanimous,-0.0,A,True,AAA,A/A/A
Pt3,P290,P,,,P,,,P,,,P,,,1,3-0 unanimous,-0.0,P,True,PPP,P/P/P
Pt3,P315,A,2053.0,2128.0,U,,,A,1995.0,2083.0,A,2058.0,2103.0,2,2-1 split,0.5793801642856949,A,True,AAU,A/U/A
Pt3,P318,A,2060.0,2115.0,A,2006.0,2111.0,A,2001.0,2116.0,A,2021.0,2116.0,1,3-0 unanimous,-0.0,A,True,AAA,A/A/A
Pt3,P380,A,2059.0,2129.0,A,2027.0,2161.0,A,2003.0,2149.0,A,2030.0,2149.0,1,3-0 unanimous,-0.0,A,True,AAA,A/A/A
Pt3,P382,A,2036.0,2167.0,A,2000.0,2184.0,A,1998.0,2177.0,A,2000.0,2177.0,1,3-0 unanimous,-0.0,A,True,AAA,A/A/A
Pt3,P385,P,,,P,,,P,,,P,,,1,3-0 unanimous,-0.0,P,True,PPP,P/P/P
Pt3,P386,A,2024.0,2084.0,A,2004.0,2088.0,A,2002.0,2092.0,A,2004.0,2092.0,1,3-0 unanimous,-0.0,A,True,AAA,A/A/A
Pt3,P394,P,,,P,,,P,,,P,,,1,3-0 unanimous,-0.0,P,True,PPP,P/P/P
Pt3,P400,P,,,U,,,P,,,P,,,2,2-1 split,0.5793801642856949,P,True,PPU,P/U/P
Pt3,P416,P,,,P,,,U,,,P,,,2,2-1 split,0.5793801642856949,P,True,PPU,P/P/U
Pt3,P536,A,2032.0,2067.0,A,2004.0,2087.0,A,1992.0,2083.0,A,2049.0,2083.0,1,3-0 unanimous,-0.0,A,True,AAA,A/A/A
Pt3,P551,A,2055.0,2110.0,A,2016.0,2131.0,A,2019.0,2126.0,A,2029.0,2126.0,1,3-0 unanimous,-0.0,A,True,AAA,A/A/A
Pt3,P552,A,2024.0,2059.0,A,2009.0,2095.0,A,2007.0,2099.0,A,2012.0,2099.0,1,3-0 unanimous,-0.0,A,True,AAA,A/A/A
Pt3,P566,P,,,P,,,P,,,P,,,1,3-0 unanimous,-0.0,P,True,PPP,P/P/P
Pt3,P568,P,,,P,,,P,,,P,,,1,3-0 unanimous,-0.0,P,True,PPP,P/P/P
Pt3,P581,P,,,P,,,P,,,P,,,1,3-0 unanimous,-0.0,P,True,PPP,P/P/P
Pt3,P608,A,2057.0,2095.0,A,2021.0,2108.0,A,2017.0,2110.0,A,2021.0,2096.0,1,3-0 unanimous,-0.0,A,True,AAA,A/A/A
Pt3,P610,A,2070.0,2089.0,A,2020.0,2099.0,A,2020.0,2099.0,A,2020.0,2092.0,1,3-0 unanimous,-0.0,A,True,AAA,A/A/A
Pt3,P651,P,,,P,,,P,,,P,,,1,3-0 unanimous,-0.0,P,True,PPP,P/P/P
Pt3,P652,P,,,P,,,P,,,P,,,1,3-0 unanimous,-0.0,P,True,PPP,P/P/P
Pt3,P654,P,,,P,,,P,,,P,,,1,3-0 unanimous,-0.0,P,True,PPP,P/P/P
Pt3,P661,A,2043.0,2078.0,A,2037.0,2125.0,A,2029.0,2127.0,A,2043.0,2127.0,1,3-0 unanimous,-0.0,A,True,AAA,A/A/A
Pt3,P669,A,2055.0,2100.0,A,2047.0,2122.0,A,2037.0,2127.0,A,2050.0,2122.0,1,3-0 unanimous,-0.0,A,True,AAA,A/A/A
Pt3,P672,U,,,U,,,A,1999.0,2067.0,U,,,2,2-1 split,0.5793801642856949,U,True,AUU,U/U/A
Pt3,P673,U,,,U,,,A,1991.0,2065.0,U,,,2,2-1 split,0.5793801642856949,U,True,AUU,U/U/A
Pt3,P687,A,2019.0,2104.0,A,2018.0,2136.0,A,2006.0,2125.0,A,2015.0,2125.0,1,3-0 unanimous,-0.0,A,True,AAA,A/A/A
Pt3,P689,A,1998.0,2095.0,A,1992.0,2097.0,A,1989.0,2095.0,A,1992.0,2095.0,1,3-0 unanimous,-0.0,A,True,AAA,A/A/A
Pt3,P690,A,1991.0,2091.0,A,1989.0,2102.0,A,1982.0,2096.0,A,1987.0,2102.0,1,3-0 unanimous,-0.0,A,True,AAA,A/A/A
Pt3,P691,A,1993.0,2094.0,A,1984.0,2102.0,A,1989.0,2095.0,A,1989.0,2095.0,1,3-0 unanimous,-0.0,A,True,AAA,A/A/A
Pt3,P699,A,1995.0,2094.0,A,1992.0,2099.0,A,1990.0,2104.0,A,1992.0,2099.0,1,3-0 unanimous,-0.0,A,True,AAA,A/A/A
Pt3,P708,P,,,P,,,P,,,P,,,1,3-0 unanimous,-0.0,P,True,PPP,P/P/P
Pt3,P714,P,,,P,,,P,,,P,,,1,3-0 unanimous,-0.0,P,True,PPP,P/P/P
Pt3,P726,A,2001.0,2134.0,A,2000.0,2128.0,A,1996.0,2150.0,A,1997.0,2150.0,1,3-0 unanimous,-0.0,A,True,AAA,A/A/A
Pt3,P735,A,2038.0,2100.0,A,2027.0,2105.0,A,2018.0,2106.0,A,2027.0,2102.0,1,3-0 unanimous,-0.0,A,True,AAA,A/A/A
Pt3,P736,A,2047.0,2114.0,A,2035.0,2118.0,A,2037.0,2128.0,A,2037.0,2128.0,1,3-0 unanimous,-0.0,A,True,AAA,A/A/A
Pt3,P737,A,2036.0,2091.0,A,2019.0,2110.0,A,2005.0,2113.0,A,2005.0,2113.0,1,3-0 unanimous,-0.0,A,True,AAA,A/A/A
Pt3,P738,A,1998.0,2106.0,A,2003.0,2143.0,A,2001.0,2145.0,A,2003.0,2145.0,1,3-0 unanimous,-0.0,A,True,AAA,A/A/A
Pt3,P739,A,2003.0,2100.0,A,2022.0,2113.0,A,1995.0,2112.0,A,2004.0,2100.0,1,3-0 unanimous,-0.0,A,True,AAA,A/A/A
Pt3,P745,A,2022.0,2075.0,A,1999.0,2097.0,A,1993.0,2091.0,A,1993.0,2091.0,1,3-0 unanimous,-0.0,A,True,AAA,A/A/A
Pt3,P756,P,,,P,,,P,,,P,,,1,3-0 unanimous,-0.0,P,True,PPP,P/P/P
Pt3,P792,A,2069.0,2122.0,A,2080.0,2205.0,A,2071.0,2161.0,A,2071.0,2114.0,1,3-0 unanimous,-0.0,A,True,AAA,A/A/A
Pt3,P795,P,,,P,,,P,,,P,,,1,3-0 unanimous,-0.0,P,True,PPP,P/P/P
Pt3,P799,A,2081.0,2104.0,A,2077.0,2110.0,A,2077.0,2104.0,A,2081.0,2104.0,1,3-0 unanimous,-0.0,A,True,AAA,A/A/A
Pt3,P802,A,2075.0,2103.0,A,2074.0,2120.0,A,2076.0,2104.0,A,2076.0,2104.0,1,3-0 unanimous,-0.0,A,True,AAA,A/A/A
Pt3,P803,A,2079.0,2100.0,A,2076.0,2100.0,A,2000.0,2102.0,A,2079.0,2102.0,1,3-0 unanimous,-0.0,A,True,AAA,A/A/A
Pt3,P819,A,2041.0,2112.0,A,2070.0,2111.0,A,1993.0,2114.0,A,2041.0,2114.0,1,3-0 unanimous,-0.0,A,True,AAA,A/A/A
Pt3,P826,A,2057.0,2120.0,A,2061.0,2137.0,A,2057.0,2131.0,A,2057.0,2140.0,1,3-0 unanimous,-0.0,A,True,AAA,A/A/A
Pt3,P827,A,2088.0,2153.0,A,2087.0,2157.0,A,2085.0,2152.0,A,2087.0,2157.0,1,3-0 unanimous,-0.0,A,True,AAA,A/A/A
Pt3,P828,A,2057.0,2103.0,A,2060.0,2136.0,A,2056.0,2117.0,A,2057.0,2136.0,1,3-0 unanimous,-0.0,A,True,AAA,A/A/A
Pt3,P834,A,2068.0,2100.0,A,2076.0,2126.0,A,2017.0,2104.0,A,2014.0,2104.0,1,3-0 unanimous,-0.0,A,True,AAA,A/A/A
Pt3,P835,A,2070.0,2084.0,A,2074.0,2109.0,A,1999.0,2098.0,A,1999.0,2098.0,1,3-0 unanimous,-0.0,A,True,AAA,A/A/A
Pt3,P882,A,2057.0,2095.0,A,2037.0,2110.0,A,2032.0,2105.0,A,2033.0,2110.0,1,3-0 unanimous,-0.0,A,True,AAA,A/A/A
Pt3,P883,A,2035.0,2091.0,A,2035.0,2122.0,A,2033.0,2111.0,A,2035.0,2111.0,1,3-0 unanimous,-0.0,A,True,AAA,A/A/A
Pt3,P887,A,2079.0,2161.0,A,2082.0,2176.0,A,2076.0,2178.0,A,2076.0,2176.0,1,3-0 unanimous,-0.0,A,True,AAA,A/A/A
Pt3,P900,A,2053.0,2099.0,U,,,A,1999.0,2099.0,U,,,2,2-1 split,0.5793801642856949,A,False,AAU,A/U/A
Pt3,P910,A,2029.0,2112.0,A,2031.0,2129.0,A,2021.0,2125.0,A,2029.0,2129.0,1,3-0 unanimous,-0.0,A,True,AAA,A/A/A
Pt3,P912,A,2031.0,2106.0,A,2035.0,2131.0,A,2028.0,2125.0,A,2031.0,2131.0,1,3-0 unanimous,-0.0,A,True,AAA,A/A/A
Pt3,P940,U,,,U,,,A,2040.0,2108.0,A,2045.0,2108.0,2,2-1 split,0.5793801642856949,U,False,AUU,U/U/A
Pt3,P1460,P,,,U,,,P,,,P,,,2,2-1 split,0.5793801642856949,P,True,PPU,P/U/P
Pt4,P38,P,,,P,,,P,,,P,,,1,3-0 unanimous,-0.0,P,True,PPP,P/P/P
Pt4,P63,A,1996.0,2014.0,P,,,P,,,P,,,2,2-1 split,0.5793801642856949,P,True,APP,A/P/P
Pt4,P96,A,1993.0,2003.0,P,,,P,,,P,,,2,2-1 split,0.5793801642856949,P,True,APP,A/P/P
Pt4,P110,A,2021.0,2053.0,U,,,P,,,P,,,3,1-1-1 split,0.9999999999999998,,False,APU,A/U/P
Pt4,P111,A,1991.0,2007.0,P,,,P,,,P,,,2,2-1 split,0.5793801642856949,P,True,APP,A/P/P
Pt4,P112,A,1992.0,2006.0,P,,,P,,,P,,,2,2-1 split,0.5793801642856949,P,True,APP,A/P/P
Pt4,P116,P,,,P,,,P,,,P,,,1,3-0 unanimous,-0.0,P,True,PPP,P/P/P
Pt4,P117,P,,,P,,,P,,,P,,,1,3-0 unanimous,-0.0,P,True,PPP,P/P/P
Pt4,P121,P,,,P,,,P,,,P,,,1,3-0 unanimous,-0.0,P,True,PPP,P/P/P
Pt4,P132,P,,,P,,,P,,,P,,,1,3-0 unanimous,-0.0,P,True,PPP,P/P/P
Pt4,P141,P,,,P,,,P,,,P,,,1,3-0 unanimous,-0.0,P,True,PPP,P/P/P
Pt4,P142,P,,,P,,,P,,,P,,,1,3-0 unanimous,-0.0,P,True,PPP,P/P/P
Pt4,P149,A,1993.0,2011.0,P,,,P,,,P,,,2,2-1 split,0.5793801642856949,P,True,APP,A/P/P
Pt4,P151,A,1990.0,2006.0,P,,,P,,,P,,,2,2-1 split,0.5793801642856949,P,True,APP,A/P/P
Pt4,P160,A,1996.0,2011.0,P,,,P,,,P,,,2,2-1 split,0.5793801642856949,P,True,APP,A/P/P
Pt4,P161,P,,,U,,,P,,,P,,,2,2-1 split,0.5793801642856949,P,True,PPU,P/U/P
Pt4,P162,P,,,P,,,P,,,P,,,1,3-0 unanimous,-0.0,P,True,PPP,P/P/P
Pt4,P168,P,,,P,,,P,,,P,,,1,3-0 unanimous,-0.0,P,True,PPP,P/P/P
Pt4,P171,A,1998.0,2013.0,P,,,P,,,P,,,2,2-1 split,0.5793801642856949,P,True,APP,A/P/P
Pt4,P179,A,1998.0,2011.0,P,,,P,,,P,,,2,2-1 split,0.5793801642856949,P,True,APP,A/P/P
Pt4,P181,P,,,P,,,P,,,P,,,1,3-0 unanimous,-0.0,P,True,PPP,P/P/P
Pt4,P183,A,1998.0,2013.0,P,,,P,,,P,,,2,2-1 split,0.5793801642856949,P,True,APP,A/P/P
Pt4,P193,A,1991.0,2006.0,P,,,P,,,P,,,2,2-1 split,0.5793801642856949,P,True,APP,A/P/P
Pt4,P199,A,1993.0,2010.0,P,,,P,,,P,,,2,2-1 split,0.5793801642856949,P,True,APP,A/P/P
Pt4,P205,P,,,P,,,P,,,P,,,1,3-0 unanimous,-0.0,P,True,PPP,P/P/P
Pt4,P206,P,,,P,,,P,,,P,,,1,3-0 unanimous,-0.0,P,True,PPP,P/P/P
Pt4,P208,P,,,P,,,P,,,P,,,1,3-0 unanimous,-0.0,P,True,PPP,P/P/P
Pt4,P211,A,1998.0,2013.0,P,,,P,,,P,,,2,2-1 split,0.5793801642856949,P,True,APP,A/P/P
Pt4,P212,A,1993.0,2011.0,P,,,P,,,P,,,2,2-1 split,0.5793801642856949,P,True,APP,A/P/P
Pt4,P219,A,1993.0,2010.0,P,,,P,,,P,,,2,2-1 split,0.5793801642856949,P,True,APP,A/P/P
Pt4,P220,A,1995.0,2007.0,P,,,P,,,P,,,2,2-1 split,0.5793801642856949,P,True,APP,A/P/P
Pt4,P226,A,1993.0,2011.0,P,,,P,,,P,,,2,2-1 split,0.5793801642856949,P,True,APP,A/P/P
Pt4,P227,P,,,P,,,P,,,P,,,1,3-0 unanimous,-0.0,P,True,PPP,P/P/P
Pt4,P234,P,,,P,,,P,,,P,,,1,3-0 unanimous,-0.0,P,True,PPP,P/P/P
Pt4,P236,P,,,P,,,P,,,P,,,1,3-0 unanimous,-0.0,P,True,PPP,P/P/P
Pt4,P295,P,,,P,,,P,,,P,,,1,3-0 unanimous,-0.0,P,True,PPP,P/P/P
Pt4,P297,P,,,P,,,P,,,P,,,1,3-0 unanimous,-0.0,P,True,PPP,P/P/P
Pt4,P306,A,1992.0,2003.0,P,,,P,,,P,,,2,2-1 split,0.5793801642856949,P,True,APP,A/P/P
Pt4,P316,U,,,P,,,P,,,P,,,2,2-1 split,0.5793801642856949,P,True,PPU,U/P/P
Pt4,P318,P,,,P,,,P,,,P,,,1,3-0 unanimous,-0.0,P,True,PPP,P/P/P
Pt4,P320,A,1991.0,2011.0,P,,,P,,,P,,,2,2-1 split,0.5793801642856949,P,True,APP,A/P/P
Pt4,P323,P,,,P,,,P,,,P,,,1,3-0 unanimous,-0.0,P,True,PPP,P/P/P
Pt4,P332,P,,,P,,,P,,,P,,,1,3-0 unanimous,-0.0,P,True,PPP,P/P/P
Pt4,P350,P,,,P,,,P,,,P,,,1,3-0 unanimous,-0.0,P,True,PPP,P/P/P
Pt4,P351,P,,,P,,,P,,,P,,,1,3-0 unanimous,-0.0,P,True,PPP,P/P/P
Pt4,P358,A,1992.0,2011.0,P,,,P,,,P,,,2,2-1 split,0.5793801642856949,P,True,APP,A/P/P
Pt4,P362,A,1996.0,2011.0,P,,,P,,,P,,,2,2-1 split,0.5793801642856949,P,True,APP,A/P/P
Pt4,P366,A,1991.0,2003.0,P,,,P,,,P,,,2,2-1 split,0.5793801642856949,P,True,APP,A/P/P
Pt4,P376,P,,,P,,,P,,,P,,,1,3-0 unanimous,-0.0,P,True,PPP,P/P/P
Pt4,P381,A,1998.0,2011.0,P,,,P,,,P,,,2,2-1 split,0.5793801642856949,P,True,APP,A/P/P
Pt4,P382,A,1996.0,2011.0,P,,,P,,,P,,,2,2-1 split,0.5793801642856949,P,True,APP,A/P/P
Pt4,P385,A,2000.0,2010.0,P,,,P,,,P,,,2,2-1 split,0.5793801642856949,P,True,APP,A/P/P
Pt4,P389,A,1996.0,2013.0,P,,,P,,,P,,,2,2-1 split,0.5793801642856949,P,True,APP,A/P/P
Pt4,P395,A,1996.0,2013.0,P,,,P,,,P,,,2,2-1 split,0.5793801642856949,P,True,APP,A/P/P
Pt4,P403,P,,,P,,,P,,,P,,,1,3-0 unanimous,-0.0,P,True,PPP,P/P/P
Pt4,P406,P,,,P,,,P,,,P,,,1,3-0 unanimous,-0.0,P,True,PPP,P/P/P
Pt4,P416,A,1992.0,2003.0,P,,,P,,,P,,,2,2-1 split,0.5793801642856949,P,True,APP,A/P/P
Pt4,P424,A,1998.0,2011.0,P,,,P,,,P,,,2,2-1 split,0.5793801642856949,P,True,APP,A/P/P
Pt4,P427,P,,,P,,,P,,,P,,,1,3-0 unanimous,-0.0,P,True,PPP,P/P/P
Pt4,P434,P,,,P,,,P,,,P,,,1,3-0 unanimous,-0.0,P,True,PPP,P/P/P
Pt4,P437,A,2000.0,2011.0,P,,,P,,,P,,,2,2-1 split,0.5793801642856949,P,True,APP,A/P/P
Pt4,P440,P,,,P,,,P,,,P,,,1,3-0 unanimous,-0.0,P,True,PPP,P/P/P
Pt4,P446,P,,,P,,,P,,,P,,,1,3-0 unanimous,-0.0,P,True,PPP,P/P/P
Pt4,P451,P,,,P,,,P,,,P,,,1,3-0 unanimous,-0.0,P,True,PPP,P/P/P
Pt4,P454,A,1993.0,2010.0,P,,,P,,,P,,,2,2-1 split,0.5793801642856949,P,True,APP,A/P/P
Pt4,P459,A,1995.0,2010.0,P,,,P,,,P,,,2,2-1 split,0.5793801642856949,P,True,APP,A/P/P
Pt4,P461,A,1988.0,2010.0,P,,,P,,,P,,,2,2-1 split,0.5793801642856949,P,True,APP,A/P/P
Pt4,P465,P,,,U,,,P,,,P,,,2,2-1 split,0.5793801642856949,P,True,PPU,P/U/P
Pt4,P483,P,,,P,,,P,,,P,,,1,3-0 unanimous,-0.0,P,True,PPP,P/P/P
Pt4,P485,P,,,P,,,P,,,P,,,1,3-0 unanimous,-0.0,P,True,PPP,P/P/P
Pt4,P487,P,,,P,,,P,,,P,,,1,3-0 unanimous,-0.0,P,True,PPP,P/P/P
Pt4,P490,A,1996.0,2013.0,P,,,P,,,P,,,2,2-1 split,0.5793801642856949,P,True,APP,A/P/P
Pt4,P493,A,1996.0,2011.0,P,,,P,,,P,,,2,2-1 split,0.5793801642856949,P,True,APP,A/P/P
Pt4,P497,A,1998.0,2013.0,P,,,P,,,P,,,2,2-1 split,0.5793801642856949,P,True,APP,A/P/P
Pt4,P498,P,,,P,,,P,,,P,,,1,3-0 unanimous,-0.0,P,True,PPP,P/P/P
Pt4,P502,P,,,P,,,P,,,P,,,1,3-0 unanimous,-0.0,P,True,PPP,P/P/P
Pt4,P504,A,1995.0,2007.0,P,,,P,,,P,,,2,2-1 split,0.5793801642856949,P,True,APP,A/P/P
Pt4,P506,A,1996.0,2007.0,P,,,P,,,P,,,2,2-1 split,0.5793801642856949,P,True,APP,A/P/P
Pt4,P511,A,1993.0,2010.0,P,,,P,,,P,,,2,2-1 split,0.5793801642856949,P,True,APP,A/P/P
Pt4,P516,P,,,P,,,P,,,P,,,1,3-0 unanimous,-0.0,P,True,PPP,P/P/P
Pt4,P526,A,1995.0,2007.0,P,,,P,,,P,,,2,2-1 split,0.5793801642856949,P,True,APP,A/P/P
Pt4,P532,A,1996.0,2003.0,P,,,P,,,P,,,2,2-1 split,0.5793801642856949,P,True,APP,A/P/P
Pt4,P534,A,1993.0,2010.0,P,,,P,,,P,,,2,2-1 split,0.5793801642856949,P,True,APP,A/P/P
Pt4,P540,A,1996.0,2011.0,P,,,P,,,P,,,2,2-1 split,0.5793801642856949,P,True,APP,A/P/P
Pt4,P541,A,1996.0,2011.0,P,,,P,,,P,,,2,2-1 split,0.5793801642856949,P,True,APP,A/P/P
Pt4,P542,A,1996.0,2011.0,P,,,P,,,P,,,2,2-1 split,0.5793801642856949,P,True,APP,A/P/P
Pt4,P544,A,1995.0,2011.0,P,,,P,,,P,,,2,2-1 split,0.5793801642856949,P,True,APP,A/P/P
Pt4,P545,P,,,P,,,P,,,P,,,1,3-0 unanimous,-0.0,P,True,PPP,P/P/P
Pt4,P546,P,,,P,,,P,,,P,,,1,3-0 unanimous,-0.0,P,True,PPP,P/P/P
Pt4,P551,P,,,P,,,P,,,P,,,1,3-0 unanimous,-0.0,P,True,PPP,P/P/P
Pt4,P554,A,1995.0,2011.0,P,,,P,,,P,,,2,2-1 split,0.5793801642856949,P,True,APP,A/P/P
Pt4,P562,A,1996.0,2007.0,P,,,P,,,P,,,2,2-1 split,0.5793801642856949,P,True,APP,A/P/P
Pt4,P565,A,1995.0,2010.0,P,,,P,,,P,,,2,2-1 split,0.5793801642856949,P,True,APP,A/P/P
Pt4,P572,P,,,P,,,P,,,P,,,1,3-0 unanimous,-0.0,P,True,PPP,P/P/P
Pt4,P575,P,,,P,,,P,,,P,,,1,3-0 unanimous,-0.0,P,True,PPP,P/P/P
Pt4,P577,P,,,P,,,P,,,P,,,1,3-0 unanimous,-0.0,P,True,PPP,P/P/P
Pt4,P590,A,2000.0,2011.0,P,,,P,,,P,,,2,2-1 split,0.5793801642856949,P,True,APP,A/P/P
Pt4,P601,A,1990.0,2006.0,P,,,P,,,P,,,2,2-1 split,0.5793801642856949,P,True,APP,A/P/P
Pt4,P604,A,1991.0,2006.0,P,,,P,,,P,,,2,2-1 split,0.5793801642856949,P,True,APP,A/P/P
Pt4,P607,P,,,P,,,P,,,P,,,1,3-0 unanimous,-0.0,P,True,PPP,P/P/P
Pt4,P611,A,1996.0,2011.0,P,,,P,,,P,,,2,2-1 split,0.5793801642856949,P,True,APP,A/P/P
Pt4,P615,A,1996.0,2010.0,P,,,P,,,P,,,2,2-1 split,0.5793801642856949,P,True,APP,A/P/P
Pt4,P618,A,1996.0,2007.0,P,,,P,,,P,,,2,2-1 split,0.5793801642856949,P,True,APP,A/P/P
Pt4,P622,A,1996.0,2011.0,P,,,P,,,P,,,2,2-1 split,0.5793801642856949,P,True,APP,A/P/P
Pt4,P625,A,1996.0,2011.0,P,,,P,,,P,,,2,2-1 split,0.5793801642856949,P,True,APP,A/P/P
Pt4,P629,A,1995.0,2011.0,P,,,P,,,P,,,2,2-1 split,0.5793801642856949,P,True,APP,A/P/P
Pt4,P637,A,1996.0,2007.0,P,,,P,,,P,,,2,2-1 split,0.5793801642856949,P,True,APP,A/P/P
Pt4,P652,A,1998.0,2010.0,P,,,P,,,P,,,2,2-1 split,0.5793801642856949,P,True,APP,A/P/P
Pt4,P658,A,1993.0,2013.0,P,,,P,,,P,,,2,2-1 split,0.5793801642856949,P,True,APP,A/P/P
Pt4,P665,P,,,P,,,P,,,P,,,1,3-0 unanimous,-0.0,P,True,PPP,P/P/P
Pt4,P673,A,1996.0,2011.0,P,,,P,,,P,,,2,2-1 split,0.5793801642856949,P,True,APP,A/P/P
Pt4,P675,A,1998.0,2014.0,P,,,P,,,P,,,2,2-1 split,0.5793801642856949,P,True,APP,A/P/P
Pt4,P678,A,1995.0,2011.0,P,,,P,,,P,,,2,2-1 split,0.5793801642856949,P,True,APP,A/P/P
Pt4,P679,A,1996.0,2011.0,P,,,P,,,P,,,2,2-1 split,0.5793801642856949,P,True,APP,A/P/P
Pt4,P682,A,1996.0,2011.0,P,,,P,,,P,,,2,2-1 split,0.5793801642856949,P,True,APP,A/P/P
Pt4,P692,U,,,P,,,P,,,P,,,2,2-1 split,0.5793801642856949,P,True,PPU,U/P/P
Pt4,P696,A,1995.0,2011.0,P,,,P,,,P,,,2,2-1 split,0.5793801642856949,P,True,APP,A/P/P
Pt4,P699,P,,,P,,,P,,,P,,,1,3-0 unanimous,-0.0,P,True,PPP,P/P/P
Pt4,P701,U,,,P,,,P,,,P,,,2,2-1 split,0.5793801642856949,P,True,PPU,U/P/P
Pt4,P708,A,1996.0,2011.0,P,,,P,,,P,,,2,2-1 split,0.5793801642856949,P,True,APP,A/P/P
Pt4,P714,P,,,P,,,P,,,P,,,1,3-0 unanimous,-0.0,P,True,PPP,P/P/P
Pt4,P716,P,,,P,,,P,,,P,,,1,3-0 unanimous,-0.0,P,True,PPP,P/P/P
Pt4,P719,A,1990.0,2007.0,P,,,P,,,P,,,2,2-1 split,0.5793801642856949,P,True,APP,A/P/P
Pt4,P727,A,1995.0,2013.0,P,,,P,,,P,,,2,2-1 split,0.5793801642856949,P,True,APP,A/P/P
Pt4,P729,A,1988.0,2003.0,P,,,P,,,P,,,2,2-1 split,0.5793801642856949,P,True,APP,A/P/P
Pt4,P732,P,,,P,,,P,,,P,,,1,3-0 unanimous,-0.0,P,True,PPP,P/P/P
Pt4,P733,P,,,P,,,P,,,P,,,1,3-0 unanimous,-0.0,P,True,PPP,P/P/P
Pt4,P736,P,,,P,,,P,,,P,,,1,3-0 unanimous,-0.0,P,True,PPP,P/P/P
Pt4,P737,A,1995.0,2011.0,P,,,P,,,P,,,2,2-1 split,0.5793801642856949,P,True,APP,A/P/P
Pt4,P762,P,,,P,,,P,,,P,,,1,3-0 unanimous,-0.0,P,True,PPP,P/P/P
Pt4,P767,P,,,U,,,U,,,P,,,2,2-1 split,0.5793801642856949,U,False,PUU,P/U/U
Pt4,P768,P,,,P,,,P,,,P,,,1,3-0 unanimous,-0.0,P,True,PPP,P/P/P
Pt4,P773,A,1993.0,2011.0,P,,,P,,,P,,,2,2-1 split,0.5793801642856949,P,True,APP,A/P/P
Pt4,P782,A,1993.0,2011.0,P,,,P,,,P,,,2,2-1 split,0.5793801642856949,P,True,APP,A/P/P
Pt4,P801,A,1995.0,2011.0,P,,,P,,,P,,,2,2-1 split,0.5793801642856949,P,True,APP,A/P/P
Pt4,P805,A,1992.0,2011.0,P,,,P,,,P,,,2,2-1 split,0.5793801642856949,P,True,APP,A/P/P
Pt4,P816,P,,,P,,,P,,,P,,,1,3-0 unanimous,-0.0,P,True,PPP,P/P/P
Pt4,P829,A,1995.0,2007.0,P,,,P,,,P,,,2,2-1 split,0.5793801642856949,P,True,APP,A/P/P
Pt4,P852,A,1993.0,2006.0,P,,,P,,,P,,,2,2-1 split,0.5793801642856949,P,True,APP,A/P/P
Pt4,P867,A,1992.0,2003.0,P,,,P,,,P,,,2,2-1 split,0.5793801642856949,P,True,APP,A/P/P
Pt4,P894,P,,,P,,,P,,,P,,,1,3-0 unanimous,-0.0,P,True,PPP,P/P/P
Pt4,P896,A,1993.0,2011.0,P,,,P,,,P,,,2,2-1 split,0.5793801642856949,P,True,APP,A/P/P
Pt4,P910,A,1996.0,2007.0,P,,,P,,,P,,,2,2-1 split,0.5793801642856949,P,True,APP,A/P/P
Pt4,P917,A,1991.0,2006.0,P,,,P,,,P,,,2,2-1 split,0.5793801642856949,P,True,APP,A/P/P
Pt4,P922,A,1996.0,2007.0,P,,,P,,,P,,,2,2-1 split,0.5793801642856949,P,True,APP,A/P/P
Pt4,P934,A,1993.0,2007.0,P,,,P,,,P,,,2,2-1 split,0.5793801642856949,P,True,APP,A/P/P
Pt4,P935,P,,,P,,,P,,,P,,,1,3-0 unanimous,-0.0,P,True,PPP,P/P/P
Pt4,P936,A,1995.0,2007.0,P,,,P,,,P,,,2,2-1 split,0.5793801642856949,P,True,APP,A/P/P
Pt4,P954,A,1988.0,2003.0,P,,,P,,,P,,,2,2-1 split,0.5793801642856949,P,True,APP,A/P/P
Pt4,P959,A,1993.0,2007.0,P,,,P,,,P,,,2,2-1 split,0.5793801642856949,P,True,APP,A/P/P
Pt4,P972,P,,,P,,,P,,,P,,,1,3-0 unanimous,-0.0,P,True,PPP,P/P/P
Pt4,P974,P,,,P,,,P,,,P,,,1,3-0 unanimous,-0.0,P,True,PPP,P/P/P
Pt4,P987,A,1991.0,2003.0,P,,,P,,,P,,,2,2-1 split,0.5793801642856949,P,True,APP,A/P/P
Pt4,P988,A,1990.0,2003.0,P,,,P,,,P,,,2,2-1 split,0.5793801642856949,P,True,APP,A/P/P
Pt4,P990,A,1992.0,2003.0,P,,,P,,,P,,,2,2-1 split,0.5793801642856949,P,True,APP,A/P/P
Pt4,P1000,A,1986.0,2003.0,P,,,P,,,P,,,2,2-1 split,0.5793801642856949,P,True,APP,A/P/P
Pt4,P1004,U,,,U,,,A,1995.0,2062.0,U,,,2,2-1 split,0.5793801642856949,U,True,AUU,U/U/A
Pt4,P1029,U,,,U,,,U,,,U,,,1,3-0 unanimous,-0.0,U,True,UUU,U/U/U
Pt4,P1044,P,,,U,,,A,2020.0,2097.0,P,,,3,1-1-1 split,0.9999999999999998,,False,APU,P/U/A
Pt4,P1046,A,2060.0,2110.0,A,2032.0,2112.0,A,2030.0,2113.0,A,2030.0,2113.0,1,3-0 unanimous,-0.0,A,True,AAA,A/A/A
Pt4,P1048,A,2057.0,2107.0,A,2023.0,2111.0,A,2021.0,2113.0,A,2021.0,2113.0,1,3-0 unanimous,-0.0,A,True,AAA,A/A/A
Pt4,P1055,A,2060.0,2109.0,A,2021.0,2114.0,A,2027.0,2113.0,A,2027.0,2113.0,1,3-0 unanimous,-0.0,A,True,AAA,A/A/A
Pt4,P1062,A,2060.0,2110.0,A,2023.0,2116.0,A,2023.0,2118.0,A,2023.0,2116.0,1,3-0 unanimous,-0.0,A,True,AAA,A/A/A
Pt4,P1068,A,2060.0,2107.0,A,2027.0,2113.0,A,2021.0,2114.0,A,2021.0,2114.0,1,3-0 unanimous,-0.0,A,True,AAA,A/A/A
Pt4,P1069,P,,,P,,,P,,,P,,,1,3-0 unanimous,-0.0,P,True,PPP,P/P/P
Pt4,P1071,A,2049.0,2110.0,A,2032.0,2109.0,A,2027.0,2113.0,A,2027.0,2113.0,1,3-0 unanimous,-0.0,A,True,AAA,A/A/A
Pt4,P1073,P,,,P,,,P,,,P,,,1,3-0 unanimous,-0.0,P,True,PPP,P/P/P
Pt4,P1082,P,,,P,,,P,,,P,,,1,3-0 unanimous,-0.0,P,True,PPP,P/P/P
Pt4,P1088,P,,,P,,,P,,,P,,,1,3-0 unanimous,-0.0,P,True,PPP,P/P/P
Pt4,P1095,P,,,P,,,P,,,P,,,1,3-0 unanimous,-0.0,P,True,PPP,P/P/P
Pt4,P1098,P,,,P,,,P,,,P,,,1,3-0 unanimous,-0.0,P,True,PPP,P/P/P
Pt4,P1112,P,,,P,,,P,,,P,,,1,3-0 unanimous,-0.0,P,True,PPP,P/P/P
Pt4,P1115,P,,,P,,,P,,,P,,,1,3-0 unanimous,-0.0,P,True,PPP,P/P/P
Pt4,P1120,P,,,P,,,P,,,P,,,1,3-0 unanimous,-0.0,P,True,PPP,P/P/P
Pt4,P1144,A,2106.0,2121.0,A,2103.0,2123.0,A,2102.0,2124.0,A,2106.0,2123.0,1,3-0 unanimous,-0.0,A,True,AAA,A/A/A
Pt4,P1146,P,,,P,,,P,,,P,,,1,3-0 unanimous,-0.0,P,True,PPP,P/P/P
Pt4,P1150,P,,,P,,,P,,,P,,,1,3-0 unanimous,-0.0,P,True,PPP,P/P/P
Pt4,P1157,P,,,P,,,P,,,P,,,1,3-0 unanimous,-0.0,P,True,PPP,P/P/P
Pt4,P1159,P,,,P,,,P,,,P,,,1,3-0 unanimous,-0.0,P,True,PPP,P/P/P
Pt4,P1161,P,,,P,,,P,,,P,,,1,3-0 unanimous,-0.0,P,True,PPP,P/P/P
Pt4,P1173,A,2100.0,2124.0,A,2107.0,2124.0,A,2101.0,2131.0,A,2101.0,2131.0,1,3-0 unanimous,-0.0,A,True,AAA,A/A/A
Pt4,P1175,P,,,P,,,P,,,P,,,1,3-0 unanimous,-0.0,P,True,PPP,P/P/P
Pt4,P1179,P,,,P,,,P,,,P,,,1,3-0 unanimous,-0.0,P,True,PPP,P/P/P
Pt4,P1180,A,2094.0,2125.0,A,2095.0,2126.0,A,2096.0,2133.0,A,2095.0,2133.0,1,3-0 unanimous,-0.0,A,True,AAA,A/A/A
Pt4,P1183,A,2100.0,2124.0,A,2097.0,2126.0,A,2099.0,2134.0,A,2100.0,2134.0,1,3-0 unanimous,-0.0,A,True,AAA,A/A/A
Pt4,P1184,P,,,P,,,P,,,P,,,1,3-0 unanimous,-0.0,P,True,PPP,P/P/P
Pt4,P1185,A,2100.0,2125.0,A,2105.0,2129.0,A,2106.0,2125.0,A,2105.0,2125.0,1,3-0 unanimous,-0.0,A,True,AAA,A/A/A
Pt4,P1186,P,,,P,,,P,,,P,,,1,3-0 unanimous,-0.0,P,True,PPP,P/P/P
Pt4,P1189,A,2095.0,2110.0,A,2089.0,2115.0,A,2095.0,2120.0,A,2095.0,2120.0,1,3-0 unanimous,-0.0,A,True,AAA,A/A/A
Pt4,P1191,P,,,P,,,P,,,P,,,1,3-0 unanimous,-0.0,P,True,PPP,P/P/P
Pt4,P1199,P,,,P,,,P,,,P,,,1,3-0 unanimous,-0.0,P,True,PPP,P/P/P
Pt4,P1203,P,,,P,,,P,,,P,,,1,3-0 unanimous,-0.0,P,True,PPP,P/P/P
Pt4,P1212,P,,,P,,,P,,,P,,,1,3-0 unanimous,-0.0,P,True,PPP,P/P/P
Pt4,P1213,P,,,P,,,P,,,P,,,1,3-0 unanimous,-0.0,P,True,PPP,P/P/P
Pt4,P1214,P,,,P,,,P,,,P,,,1,3-0 unanimous,-0.0,P,True,PPP,P/P/P
Pt4,P1215,P,,,P,,,P,,,P,,,1,3-0 unanimous,-0.0,P,True,PPP,P/P/P
Pt4,P1220,P,,,P,,,P,,,P,,,1,3-0 unanimous,-0.0,P,True,PPP,P/P/P
Pt4,P1240,P,,,P,,,P,,,P,,,1,3-0 unanimous,-0.0,P,True,PPP,P/P/P
Pt4,P1245,P,,,P,,,P,,,P,,,1,3-0 unanimous,-0.0,P,True,PPP,P/P/P
Pt4,P1248,U,,,P,,,P,,,P,,,2,2-1 split,0.5793801642856949,P,True,PPU,U/P/P
Pt4,P1251,P,,,P,,,P,,,P,,,1,3-0 unanimous,-0.0,P,True,PPP,P/P/P
Pt4,P1255,P,,,P,,,P,,,P,,,1,3-0 unanimous,-0.0,P,True,PPP,P/P/P
Pt4,P1259,P,,,P,,,P,,,P,,,1,3-0 unanimous,-0.0,P,True,PPP,P/P/P
Pt4,P1272,P,,,P,,,P,,,P,,,1,3-0 unanimous,-0.0,P,True,PPP,P/P/P
Pt4,P1278,U,,,P,,,P,,,P,,,2,2-1 split,0.5793801642856949,P,True,PPU,U/P/P
Pt4,P1282,P,,,P,,,P,,,P,,,1,3-0 unanimous,-0.0,P,True,PPP,P/P/P
Pt4,P1284,P,,,P,,,P,,,P,,,1,3-0 unanimous,-0.0,P,True,PPP,P/P/P
Pt4,P1288,P,,,P,,,P,,,P,,,1,3-0 unanimous,-0.0,P,True,PPP,P/P/P
Pt4,P1315,P,,,P,,,P,,,P,,,1,3-0 unanimous,-0.0,P,True,PPP,P/P/P
Pt4,P1338,P,,,P,,,P,,,P,,,1,3-0 unanimous,-0.0,P,True,PPP,P/P/P
Pt4,P1364,P,,,P,,,P,,,P,,,1,3-0 unanimous,-0.0,P,True,PPP,P/P/P
Pt4,P1375,P,,,P,,,P,,,P,,,1,3-0 unanimous,-0.0,P,True,PPP,P/P/P
Pt4,P1379,P,,,P,,,P,,,P,,,1,3-0 unanimous,-0.0,P,True,PPP,P/P/P
Pt4,P1386,P,,,P,,,P,,,P,,,1,3-0 unanimous,-0.0,P,True,PPP,P/P/P
Pt4,P1391,P,,,P,,,P,,,P,,,1,3-0 unanimous,-0.0,P,True,PPP,P/P/P
Pt4,P1400,P,,,P,,,P,,,P,,,1,3-0 unanimous,-0.0,P,True,PPP,P/P/P
Pt4,P1405,P,,,P,,,P,,,P,,,1,3-0 unanimous,-0.0,P,True,PPP,P/P/P
Pt4,P1409,P,,,P,,,P,,,P,,,1,3-0 unanimous,-0.0,P,True,PPP,P/P/P
Pt4,P1412,P,,,P,,,P,,,P,,,1,3-0 unanimous,-0.0,P,True,PPP,P/P/P
Pt4,P1418,P,,,P,,,P,,,P,,,1,3-0 unanimous,-0.0,P,True,PPP,P/P/P
Pt4,P1419,P,,,P,,,P,,,P,,,1,3-0 unanimous,-0.0,P,True,PPP,P/P/P
Pt4,P1425,A,2010.0,2024.0,P,,,P,,,P,,,2,2-1 split,0.5793801642856949,P,True,APP,A/P/P
Pt4,P1538,P,,,P,,,P,,,P,,,1,3-0 unanimous,-0.0,P,True,PPP,P/P/P
Pt4,P1645,P,,,P,,,P,,,P,,,1,3-0 unanimous,-0.0,P,True,PPP,P/P/P
Pt4,P1646,P,,,U,,,P,,,P,,,2,2-1 split,0.5793801642856949,P,True,PPU,P/U/P
Pt4,P1789,A,1992.0,2007.0,P,,,P,,,P,,,2,2-1 split,0.5793801642856949,P,True,APP,A/P/P
Pt4,P1795,U,,,P,,,P,,,P,,,2,2-1 split,0.5793801642856949,P,True,PPU,U/P/P
Pt4,P1839,U,,,U,,,P,,,P,,,2,2-1 split,0.5793801642856949,U,False,PUU,U/U/P
Pt4,P1861,U,,,P,,,P,,,P,,,2,2-1 split,0.5793801642856949,P,True,PPU,U/P/P
Pt4,P1868,U,,,P,,,P,,,P,,,2,2-1 split,0.5793801642856949,P,True,PPU,U/P/P
Pt4,P1872,U,,,P,,,P,,,P,,,2,2-1 split,0.5793801642856949,P,True,PPU,U/P/P
Pt4,P1942,P,,,P,,,U,,,P,,,2,2-1 split,0.5793801642856949,P,True,PPU,P/P/U
Pt4,P1945,P,,,P,,,P,,,P,,,1,3-0 unanimous,-0.0,P,True,PPP,P/P/P
Pt4,P1946,U,,,P,,,U,,,P,,,2,2-1 split,0.5793801642856949,U,False,PUU,U/P/U
Pt4,P1947,P,,,P,,,P,,,P,,,1,3-0 unanimous,-0.0,P,True,PPP,P/P/P
Pt4,P1948,P,,,P,,,P,,,P,,,1,3-0 unanimous,-0.0,P,True,PPP,P/P/P
Pt4,P1955,P,,,P,,,P,,,P,,,1,3-0 unanimous,-0.0,P,True,PPP,P/P/P
Pt4,P1961,P,,,P,,,P,,,P,,,1,3-0 unanimous,-0.0,P,True,PPP,P/P/P
Pt4,P1962,P,,,P,,,P,,,P,,,1,3-0 unanimous,-0.0,P,True,PPP,P/P/P
Pt4,P1963,P,,,P,,,P,,,P,,,1,3-0 unanimous,-0.0,P,True,PPP,P/P/P
Pt4,P1964,P,,,P,,,P,,,P,,,1,3-0 unanimous,-0.0,P,True,PPP,P/P/P
Pt4,P1965,P,,,P,,,P,,,P,,,1,3-0 unanimous,-0.0,P,True,PPP,P/P/P
Pt4,P1967,A,1991.0,2013.0,P,,,P,,,P,,,2,2-1 split,0.5793801642856949,P,True,APP,A/P/P
Pt4,P1969,P,,,P,,,P,,,P,,,1,3-0 unanimous,-0.0,P,True,PPP,P/P/P
Pt4,P1970,P,,,P,,,P,,,P,,,1,3-0 unanimous,-0.0,P,True,PPP,P/P/P
Pt4,P1971,P,,,P,,,P,,,P,,,1,3-0 unanimous,-0.0,P,True,PPP,P/P/P
Pt4,P1974,P,,,P,,,P,,,P,,,1,3-0 unanimous,-0.0,P,True,PPP,P/P/P
Pt4,P1975,P,,,P,,,P,,,P,,,1,3-0 unanimous,-0.0,P,True,PPP,P/P/P
Pt4,P1976,P,,,P,,,P,,,P,,,1,3-0 unanimous,-0.0,P,True,PPP,P/P/P
Pt4,P1977,P,,,P,,,P,,,P,,,1,3-0 unanimous,-0.0,P,True,PPP,P/P/P
Pt4,P1988,P,,,P,,,P,,,P,,,1,3-0 unanimous,-0.0,P,True,PPP,P/P/P
Pt4,P1993,P,,,P,,,P,,,P,,,1,3-0 unanimous,-0.0,P,True,PPP,P/P/P
Pt4,P1995,P,,,P,,,P,,,P,,,1,3-0 unanimous,-0.0,P,True,PPP,P/P/P
Pt4,P2002,P,,,P,,,P,,,P,,,1,3-0 unanimous,-0.0,P,True,PPP,P/P/P
Pt4,P2003,P,,,P,,,P,,,P,,,1,3-0 unanimous,-0.0,P,True,PPP,P/P/P
Pt4,P2004,P,,,P,,,P,,,P,,,1,3-0 unanimous,-0.0,P,True,PPP,P/P/P
Pt4,P2005,P,,,P,,,P,,,P,,,1,3-0 unanimous,-0.0,P,True,PPP,P/P/P
Pt4,P2010,P,,,P,,,P,,,P,,,1,3-0 unanimous,-0.0,P,True,PPP,P/P/P
Pt4,P2016,P,,,P,,,P,,,P,,,1,3-0 unanimous,-0.0,P,True,PPP,P/P/P
Pt4,P2149,U,,,P,,,P,,,P,,,2,2-1 split,0.5793801642856949,P,True,PPU,U/P/P
Pt4,P2152,U,,,P,,,P,,,P,,,2,2-1 split,0.5793801642856949,P,True,PPU,U/P/P
Pt4,P2263,P,,,P,,,P,,,P,,,1,3-0 unanimous,-0.0,P,True,PPP,P/P/P
Pt4,P2266,U,,,U,,,U,,,U,,,1,3-0 unanimous,-0.0,U,True,UUU,U/U/U
Pt4,P2268,U,,,U,,,U,,,U,,,1,3-0 unanimous,-0.0,U,True,UUU,U/U/U
Pt4,P2273,P,,,P,,,P,,,P,,,1,3-0 unanimous,-0.0,P,True,PPP,P/P/P
Pt4,P2292,P,,,U,,,P,,,P,,,2,2-1 split,0.5793801642856949,P,True,PPU,P/U/P
Pt4,P2300,U,,,U,,,P,,,P,,,2,2-1 split,0.5793801642856949,U,False,PUU,U/U/P
Pt4,P2303,P,,,U,,,P,,,P,,,2,2-1 split,0.5793801642856949,P,True,PPU,P/U/P
Pt4,P2310,P,,,U,,,U,,,P,,,2,2-1 split,0.5793801642856949,U,False,PUU,P/U/U
Pt4,P2312,U,,,U,,,P,,,P,,,2,2-1 split,0.5793801642856949,U,False,PUU,U/U/P
Pt4,P2314,U,,,U,,,P,,,P,,,2,2-1 split,0.5793801642856949,U,False,PUU,U/U/P
Pt4,P2318,A,1985.0,2081.0,A,2076.0,2084.0,P,,,U,,,2,2-1 split,0.5793801642856949,A,False,AAP,A/A/P
Pt4,P2321,U,,,U,,,U,,,U,,,1,3-0 unanimous,-0.0,U,True,UUU,U/U/U
Pt4,P2322,U,,,U,,,P,,,P,,,2,2-1 split,0.5793801642856949,U,False,PUU,U/U/P
Pt4,P2324,P,,,P,,,P,,,P,,,1,3-0 unanimous,-0.0,P,True,PPP,P/P/P
Pt4,P2335,P,,,P,,,P,,,P,,,1,3-0 unanimous,-0.0,P,True,PPP,P/P/P
Pt4,P2339,P,,,P,,,P,,,P,,,1,3-0 unanimous,-0.0,P,True,PPP,P/P/P
Pt4,P2685,P,,,P,,,P,,,P,,,1,3-0 unanimous,-0.0,P,True,PPP,P/P/P
Pt4,P2686,P,,,P,,,P,,,P,,,1,3-0 unanimous,-0.0,P,True,PPP,P/P/P
Pt4,P2697,A,2078.0,2093.0,A,2074.0,2094.0,U,,,U,,,2,2-1 split,0.5793801642856949,A,False,AAU,A/A/U
Pt4,P2699,A,2059.0,2106.0,A,2051.0,2122.0,A,2049.0,2124.0,A,2051.0,2122.0,1,3-0 unanimous,-0.0,A,True,AAA,A/A/A
Pt4,P2701,P,,,P,,,P,,,P,,,1,3-0 unanimous,-0.0,P,True,PPP,P/P/P
Pt4,P2707,P,,,P,,,P,,,P,,,1,3-0 unanimous,-0.0,P,True,PPP,P/P/P
Pt4,P2721,P,,,P,,,P,,,P,,,1,3-0 unanimous,-0.0,P,True,PPP,P/P/P
Pt4,P2726,A,2014.0,2039.0,P,,,A,2019.0,2066.0,U,,,2,2-1 split,0.5793801642856949,A,False,AAP,A/P/A
Pt4,P2741,P,,,P,,,P,,,P,,,1,3-0 unanimous,-0.0,P,True,PPP,P/P/P
Pt4,P2971,A,2078.0,2104.0,A,2081.0,2106.0,A,2080.0,2103.0,A,2081.0,2103.0,1,3-0 unanimous,-0.0,A,True,AAA,A/A/A
Pt4,P3038,U,,,U,,,P,,,P,,,2,2-1 split,0.5793801642856949,U,False,PUU,U/U/P
Pt4,P3071,A,2078.0,2104.0,A,2078.0,2103.0,A,2077.0,2104.0,A,2078.0,2103.0,1,3-0 unanimous,-0.0,A,True,AAA,A/A/A
Pt4,P3203,P,,,P,,,P,,,P,,,1,3-0 unanimous,-0.0,P,True,PPP,P/P/P
Pt4,P3232,U,,,P,,,P,,,P,,,2,2-1 split,0.5793801642856949,P,True,PPU,U/P/P
Pt4,P3237,P,,,P,,,P,,,P,,,1,3-0 unanimous,-0.0,P,True,PPP,P/P/P
Pt4,P3239,P,,,P,,,P,,,P,,,1,3-0 unanimous,-0.0,P,True,PPP,P/P/P
Pt4,P3241,P,,,P,,,P,,,P,,,1,3-0 unanimous,-0.0,P,True,PPP,P/P/P
Pt4,P3242,P,,,P,,,P,,,P,,,1,3-0 unanimous,-0.0,P,True,PPP,P/P/P
Pt4,P3254,P,,,P,,,P,,,P,,,1,3-0 unanimous,-0.0,P,True,PPP,P/P/P
Pt4,P3255,P,,,P,,,P,,,P,,,1,3-0 unanimous,-0.0,P,True,PPP,P/P/P
Pt4,P3256,P,,,P,,,P,,,P,,,1,3-0 unanimous,-0.0,P,True,PPP,P/P/P
Pt4,P3257,P,,,P,,,P,,,P,,,1,3-0 unanimous,-0.0,P,True,PPP,P/P/P
Pt4,P3258,U,,,P,,,U,,,P,,,2,2-1 split,0.5793801642856949,U,False,PUU,U/P/U
Pt4,P3262,P,,,P,,,P,,,P,,,1,3-0 unanimous,-0.0,P,True,PPP,P/P/P
Pt4,P3264,P,,,P,,,P,,,P,,,1,3-0 unanimous,-0.0,P,True,PPP,P/P/P
Pt4,P3266,P,,,P,,,P,,,P,,,1,3-0 unanimous,-0.0,P,True,PPP,P/P/P
Pt4,P3267,U,,,U,,,U,,,P,,,1,3-0 unanimous,-0.0,U,False,UUU,U/U/U
Pt4,P3268,P,,,P,,,P,,,P,,,1,3-0 unanimous,-0.0,P,True,PPP,P/P/P
Pt4,P3270,P,,,P,,,P,,,P,,,1,3-0 unanimous,-0.0,P,True,PPP,P/P/P
Pt4,P3271,A,2067.0,2079.0,A,2070.0,2075.0,P,,,P,,,2,2-1 split,0.5793801642856949,A,False,AAP,A/A/P
Pt4,P3274,A,2032.0,2050.0,U,,,U,,,U,,,2,2-1 split,0.5793801642856949,U,True,AUU,A/U/U
Pt4,P3277,P,,,P,,,P,,,P,,,1,3-0 unanimous,-0.0,P,True,PPP,P/P/P
Pt4,P3278,P,,,P,,,P,,,P,,,1,3-0 unanimous,-0.0,P,True,PPP,P/P/P
Pt4,P3282,P,,,P,,,P,,,P,,,1,3-0 unanimous,-0.0,P,True,PPP,P/P/P
Pt4,P3285,P,,,P,,,P,,,P,,,1,3-0 unanimous,-0.0,P,True,PPP,P/P/P
Pt4,P3288,P,,,P,,,P,,,P,,,1,3-0 unanimous,-0.0,P,True,PPP,P/P/P
Pt4,P3289,P,,,P,,,P,,,P,,,1,3-0 unanimous,-0.0,P,True,PPP,P/P/P
Pt4,P3295,P,,,P,,,P,,,P,,,1,3-0 unanimous,-0.0,P,True,PPP,P/P/P
Pt4,P3301,P,,,P,,,P,,,P,,,1,3-0 unanimous,-0.0,P,True,PPP,P/P/P
Pt4,P3302,P,,,P,,,P,,,P,,,1,3-0 unanimous,-0.0,P,True,PPP,P/P/P
Pt4,P3307,P,,,P,,,P,,,P,,,1,3-0 unanimous,-0.0,P,True,PPP,P/P/P
Pt4,P3310,P,,,P,,,P,,,P,,,1,3-0 unanimous,-0.0,P,True,PPP,P/P/P
Pt4,P3314,P,,,P,,,P,,,P,,,1,3-0 unanimous,-0.0,P,True,PPP,P/P/P
Pt4,P3315,P,,,P,,,P,,,P,,,1,3-0 unanimous,-0.0,P,True,PPP,P/P/P
Pt4,P3318,U,,,P,,,P,,,P,,,2,2-1 split,0.5793801642856949,P,True,PPU,U/P/P
Pt4,P3319,P,,,P,,,P,,,P,,,1,3-0 unanimous,-0.0,P,True,PPP,P/P/P
Pt4,P3322,P,,,P,,,P,,,P,,,1,3-0 unanimous,-0.0,P,True,PPP,P/P/P
Pt4,P3323,U,,,U,,,P,,,P,,,2,2-1 split,0.5793801642856949,U,False,PUU,U/U/P
Pt4,P3329,U,,,U,,,P,,,P,,,2,2-1 split,0.5793801642856949,U,False,PUU,U/U/P
Pt4,P3332,P,,,P,,,P,,,P,,,1,3-0 unanimous,-0.0,P,True,PPP,P/P/P
Pt4,P3335,P,,,P,,,P,,,P,,,1,3-0 unanimous,-0.0,P,True,PPP,P/P/P
Pt4,P3336,P,,,P,,,P,,,P,,,1,3-0 unanimous,-0.0,P,True,PPP,P/P/P
Pt4,P3341,U,,,P,,,P,,,P,,,2,2-1 split,0.5793801642856949,P,True,PPU,U/P/P
Pt4,P3342,P,,,P,,,P,,,P,,,1,3-0 unanimous,-0.0,P,True,PPP,P/P/P
Pt4,P3343,P,,,P,,,U,,,P,,,2,2-1 split,0.5793801642856949,P,True,PPU,P/P/U
Pt4,P3347,P,,,P,,,P,,,P,,,1,3-0 unanimous,-0.0,P,True,PPP,P/P/P
Pt4,P3348,P,,,P,,,P,,,P,,,1,3-0 unanimous,-0.0,P,True,PPP,P/P/P
Pt4,P3352,U,,,P,,,P,,,P,,,2,2-1 split,0.5793801642856949,P,True,PPU,U/P/P
Pt4,P3358,P,,,P,,,P,,,P,,,1,3-0 unanimous,-0.0,P,True,PPP,P/P/P
Pt4,P3360,P,,,P,,,P,,,P,,,1,3-0 unanimous,-0.0,P,True,PPP,P/P/P
Pt4,P3362,P,,,P,,,P,,,P,,,1,3-0 unanimous,-0.0,P,True,PPP,P/P/P
Pt4,P3370,A,2031.0,2068.0,A,2009.0,2073.0,U,,,A,2051.0,2073.0,2,2-1 split,0.5793801642856949,A,True,AAU,A/A/U
Pt4,P3371,U,,,P,,,P,,,P,,,2,2-1 split,0.5793801642856949,P,True,PPU,U/P/P
Pt4,P3372,P,,,P,,,P,,,P,,,1,3-0 unanimous,-0.0,P,True,PPP,P/P/P
Pt4,P3374,A,2036.0,2064.0,A,2006.0,2066.0,A,2040.0,2072.0,A,2049.0,2072.0,1,3-0 unanimous,-0.0,A,True,AAA,A/A/A
Pt4,P3378,P,,,P,,,P,,,P,,,1,3-0 unanimous,-0.0,P,True,PPP,P/P/P
Pt4,P3382,U,,,P,,,P,,,P,,,2,2-1 split,0.5793801642856949,P,True,PPU,U/P/P
Pt4,P3386,U,,,P,,,P,,,P,,,2,2-1 split,0.5793801642856949,P,True,PPU,U/P/P
Pt4,P3389,P,,,P,,,P,,,P,,,1,3-0 unanimous,-0.0,P,True,PPP,P/P/P
Pt4,P3392,P,,,P,,,P,,,P,,,1,3-0 unanimous,-0.0,P,True,PPP,P/P/P
Pt4,P3403,P,,,P,,,P,,,P,,,1,3-0 unanimous,-0.0,P,True,PPP,P/P/P
Pt4,P3470,A,2047.0,2081.0,A,2058.0,2091.0,A,2056.0,2111.0,A,2056.0,2091.0,1,3-0 unanimous,-0.0,A,True,AAA,A/A/A
Pt4,P3471,P,,,P,,,P,,,P,,,1,3-0 unanimous,-0.0,P,True,PPP,P/P/P
Pt4,P3473,P,,,P,,,P,,,P,,,1,3-0 unanimous,-0.0,P,True,PPP,P/P/P
Pt4,P3481,A,2042.0,2080.0,A,2045.0,2086.0,A,2048.0,2103.0,A,2048.0,2080.0,1,3-0 unanimous,-0.0,A,True,AAA,A/A/A
Pt4,P3488,A,2045.0,2079.0,A,2046.0,2089.0,A,2049.0,2120.0,A,2049.0,2083.0,1,3-0 unanimous,-0.0,A,True,AAA,A/A/A
Pt4,P3489,P,,,P,,,P,,,P,,,1,3-0 unanimous,-0.0,P,True,PPP,P/P/P
Pt4,P3492,A,2047.0,2080.0,A,2044.0,2091.0,A,2049.0,2115.0,A,2049.0,2083.0,1,3-0 unanimous,-0.0,A,True,AAA,A/A/A
Pt4,P3495,A,2047.0,2080.0,A,2052.0,2090.0,A,2048.0,2110.0,A,2048.0,2080.0,1,3-0 unanimous,-0.0,A,True,AAA,A/A/A
Pt4,P3498,A,2043.0,2072.0,A,2050.0,2087.0,A,2042.0,2108.0,A,2043.0,2080.0,1,3-0 unanimous,-0.0,A,True,AAA,A/A/A
Pt4,P3500,A,2047.0,2080.0,A,2051.0,2088.0,A,2049.0,2111.0,A,2049.0,2081.0,1,3-0 unanimous,-0.0,A,True,AAA,A/A/A
Pt4,P3502,P,,,P,,,P,,,P,,,1,3-0 unanimous,-0.0,P,True,PPP,P/P/P
Pt4,P3503,P,,,P,,,P,,,P,,,1,3-0 unanimous,-0.0,P,True,PPP,P/P/P
Pt4,P3507,A,2081.0,2100.0,A,2082.0,2103.0,A,2080.0,2127.0,U,,,1,3-0 unanimous,-0.0,A,False,AAA,A/A/A
Pt4,P3531,A,2049.0,2072.0,A,2056.0,2094.0,A,2054.0,2109.0,A,2054.0,2081.0,1,3-0 unanimous,-0.0,A,True,AAA,A/A/A
Pt4,P3532,P,,,P,,,P,,,P,,,1,3-0 unanimous,-0.0,P,True,PPP,P/P/P
Pt4,P3534,P,,,P,,,P,,,P,,,1,3-0 unanimous,-0.0,P,True,PPP,P/P/P
Pt4,P3538,P,,,P,,,P,,,P,,,1,3-0 unanimous,-0.0,P,True,PPP,P/P/P
Pt4,P3551,A,2045.0,2072.0,A,2050.0,2091.0,A,2047.0,2110.0,A,2048.0,2075.0,1,3-0 unanimous,-0.0,A,True,AAA,A/A/A
Pt4,P3555,P,,,P,,,P,,,P,,,1,3-0 unanimous,-0.0,P,True,PPP,P/P/P
Pt4,P3562,P,,,P,,,P,,,P,,,1,3-0 unanimous,-0.0,P,True,PPP,P/P/P
Pt4,P3564,P,,,P,,,P,,,P,,,1,3-0 unanimous,-0.0,P,True,PPP,P/P/P
Pt4,P3574,P,,,P,,,P,,,P,,,1,3-0 unanimous,-0.0,P,True,PPP,P/P/P
Pt4,P3581,P,,,P,,,P,,,P,,,1,3-0 unanimous,-0.0,P,True,PPP,P/P/P
Pt4,P3584,A,2128.0,2143.0,U,,,P,,,U,,,3,1-1-1 split,0.9999999999999998,,False,APU,A/U/P
Pt4,P3906,P,,,P,,,P,,,P,,,1,3-0 unanimous,-0.0,P,True,PPP,P/P/P
Pt4,P3920,P,,,P,,,P,,,P,,,1,3-0 unanimous,-0.0,P,True,PPP,P/P/P
Pt4,P3921,P,,,P,,,P,,,P,,,1,3-0 unanimous,-0.0,P,True,PPP,P/P/P
Pt4,P3932,P,,,P,,,P,,,P,,,1,3-0 unanimous,-0.0,P,True,PPP,P/P/P
Pt4,P3933,P,,,P,,,P,,,P,,,1,3-0 unanimous,-0.0,P,True,PPP,P/P/P
Pt4,P3939,P,,,P,,,P,,,P,,,1,3-0 unanimous,-0.0,P,True,PPP,P/P/P
Pt4,P3942,P,,,P,,,P,,,P,,,1,3-0 unanimous,-0.0,P,True,PPP,P/P/P
Pt4,P3945,A,2019.0,2078.0,A,2022.0,2093.0,A,2018.0,2100.0,A,2022.0,2079.0,1,3-0 unanimous,-0.0,A,True,AAA,A/A/A
Pt4,P3946,U,,,P,,,U,,,P,,,2,2-1 split,0.5793801642856949,U,False,PUU,U/P/U
Pt4,P3947,P,,,P,,,P,,,P,,,1,3-0 unanimous,-0.0,P,True,PPP,P/P/P
Pt4,P3948,P,,,P,,,P,,,P,,,1,3-0 unanimous,-0.0,P,True,PPP,P/P/P
Pt4,P3963,P,,,P,,,P,,,P,,,1,3-0 unanimous,-0.0,P,True,PPP,P/P/P
Pt4,P3964,P,,,P,,,P,,,P,,,1,3-0 unanimous,-0.0,P,True,PPP,P/P/P
Pt4,P3978,P,,,P,,,P,,,P,,,1,3-0 unanimous,-0.0,P,True,PPP,P/P/P
Pt4,P3985,P,,,P,,,P,,,P,,,1,3-0 unanimous,-0.0,P,True,PPP,P/P/P
Pt4,P3986,P,,,P,,,P,,,P,,,1,3-0 unanimous,-0.0,P,True,PPP,P/P/P
Pt4,P3991,U,,,P,,,P,,,P,,,2,2-1 split,0.5793801642856949,P,True,PPU,U/P/P
Pt4,P4021,A,2064.0,2104.0,A,2072.0,2101.0,A,2072.0,2105.0,A,2072.0,2105.0,1,3-0 unanimous,-0.0,A,True,AAA,A/A/A
Pt4,P4025,P,,,P,,,P,,,P,,,1,3-0 unanimous,-0.0,P,True,PPP,P/P/P
Pt4,P4082,P,,,P,,,P,,,P,,,1,3-0 unanimous,-0.0,P,True,PPP,P/P/P
Pt4,P4085,P,,,P,,,P,,,P,,,1,3-0 unanimous,-0.0,P,True,PPP,P/P/P
Pt4,P4086,P,,,P,,,P,,,P,,,1,3-0 unanimous,-0.0,P,True,PPP,P/P/P
Pt4,P4172,A,2075.0,2110.0,A,2071.0,2118.0,A,2084.0,2134.0,A,2075.0,2118.0,1,3-0 unanimous,-0.0,A,True,AAA,A/A/A
Pt4,P4174,A,2081.0,2107.0,A,2082.0,2108.0,A,2081.0,2123.0,A,2082.0,2110.0,1,3-0 unanimous,-0.0,A,True,AAA,A/A/A
Pt4,P4176,A,2079.0,2107.0,A,2080.0,2111.0,A,2076.0,2116.0,A,2080.0,2116.0,1,3-0 unanimous,-0.0,A,True,AAA,A/A/A
Pt4,P4180,A,2084.0,2109.0,A,2078.0,2112.0,A,2075.0,2114.0,A,2075.0,2109.0,1,3-0 unanimous,-0.0,A,True,AAA,A/A/A
Pt4,P4232,P,,,P,,,P,,,P,,,1,3-0 unanimous,-0.0,P,True,PPP,P/P/P
Pt4,P4251,P,,,P,,,P,,,P,,,1,3-0 unanimous,-0.0,P,True,PPP,P/P/P
Pt4,P4252,P,,,P,,,P,,,P,,,1,3-0 unanimous,-0.0,P,True,PPP,P/P/P
Pt4,P4253,P,,,P,,,P,,,P,,,1,3-0 unanimous,-0.0,P,True,PPP,P/P/P
Pt4,P4254,P,,,P,,,P,,,P,,,1,3-0 unanimous,-0.0,P,True,PPP,P/P/P
Pt4,P4255,P,,,P,,,P,,,P,,,1,3-0 unanimous,-0.0,P,True,PPP,P/P/P
Pt4,P4256,P,,,P,,,P,,,P,,,1,3-0 unanimous,-0.0,P,True,PPP,P/P/P
Pt4,P4263,P,,,P,,,P,,,P,,,1,3-0 unanimous,-0.0,P,True,PPP,P/P/P
Pt4,P4264,P,,,P,,,P,,,P,,,1,3-0 unanimous,-0.0,P,True,PPP,P/P/P
Pt4,P4265,U,,,P,,,P,,,P,,,2,2-1 split,0.5793801642856949,P,True,PPU,U/P/P
Pt4,P4266,U,,,P,,,P,,,P,,,2,2-1 split,0.5793801642856949,P,True,PPU,U/P/P
Pt4,P4267,U,,,P,,,P,,,P,,,2,2-1 split,0.5793801642856949,P,True,PPU,U/P/P
Pt4,P4268,U,,,P,,,P,,,P,,,2,2-1 split,0.5793801642856949,P,True,PPU,U/P/P
Pt4,P4285,P,,,P,,,P,,,P,,,1,3-0 unanimous,-0.0,P,True,PPP,P/P/P
Pt4,P4286,P,,,P,,,P,,,P,,,1,3-0 unanimous,-0.0,P,True,PPP,P/P/P
Pt4,P4287,P,,,P,,,P,,,P,,,1,3-0 unanimous,-0.0,P,True,PPP,P/P/P
Pt4,P4331,P,,,P,,,P,,,P,,,1,3-0 unanimous,-0.0,P,True,PPP,P/P/P
Pt4,P4336,P,,,P,,,P,,,P,,,1,3-0 unanimous,-0.0,P,True,PPP,P/P/P
Pt4,P4352,P,,,P,,,P,,,P,,,1,3-0 unanimous,-0.0,P,True,PPP,P/P/P
Pt4,P4428,A,2125.0,2143.0,A,2124.0,2146.0,A,2125.0,2148.0,A,2126.0,2143.0,1,3-0 unanimous,-0.0,A,True,AAA,A/A/A
Pt4,P4429,A,2125.0,2136.0,A,2122.0,2138.0,A,2123.0,2145.0,A,2127.0,2140.0,1,3-0 unanimous,-0.0,A,True,AAA,A/A/A
Pt4,P4430,A,2087.0,2134.0,A,2118.0,2142.0,A,2122.0,2143.0,A,2124.0,2142.0,1,3-0 unanimous,-0.0,A,True,AAA,A/A/A
Pt4,P4431,A,2104.0,2116.0,A,2103.0,2119.0,A,2104.0,2128.0,A,2106.0,2119.0,1,3-0 unanimous,-0.0,A,True,AAA,A/A/A
Pt4,P4432,A,2106.0,2116.0,A,2103.0,2127.0,A,2104.0,2126.0,A,2107.0,2126.0,1,3-0 unanimous,-0.0,A,True,AAA,A/A/A
Pt4,P4433,A,2107.0,2117.0,A,2105.0,2128.0,A,2108.0,2136.0,A,2109.0,2128.0,1,3-0 unanimous,-0.0,A,True,AAA,A/A/A
Pt4,P4434,A,2114.0,2124.0,A,2112.0,2127.0,A,2113.0,2133.0,A,2114.0,2127.0,1,3-0 unanimous,-0.0,A,True,AAA,A/A/A
Pt4,P4435,A,2088.0,2127.0,A,2114.0,2136.0,A,2084.0,2137.0,A,2088.0,2136.0,1,3-0 unanimous,-0.0,A,True,AAA,A/A/A
Pt4,P4436,A,2107.0,2116.0,A,2107.0,2121.0,A,2107.0,2127.0,A,2108.0,2123.0,1,3-0 unanimous,-0.0,A,True,AAA,A/A/A
Pt4,P4437,A,2085.0,2117.0,A,2107.0,2123.0,A,2107.0,2127.0,A,2085.0,2123.0,1,3-0 unanimous,-0.0,A,True,AAA,A/A/A
Pt4,P4445,A,2085.0,2100.0,A,2082.0,2109.0,A,2082.0,2114.0,A,2087.0,2114.0,1,3-0 unanimous,-0.0,A,True,AAA,A/A/A
Pt4,P4446,A,2089.0,2104.0,A,2090.0,2111.0,A,2088.0,2118.0,A,2091.0,2111.0,1,3-0 unanimous,-0.0,A,True,AAA,A/A/A
Pt4,P4450,A,2091.0,2116.0,A,2092.0,2120.0,A,2090.0,2128.0,A,2092.0,2120.0,1,3-0 unanimous,-0.0,A,True,AAA,A/A/A
Pt4,P4451,A,2093.0,2117.0,A,2093.0,2117.0,A,2091.0,2134.0,A,2091.0,2120.0,1,3-0 unanimous,-0.0,A,True,AAA,A/A/A
Pt4,P4452,A,2085.0,2114.0,U,,,A,2085.0,2119.0,A,2086.0,2119.0,2,2-1 split,0.5793801642856949,A,True,AAU,A/U/A
Pt4,P4454,A,2093.0,2104.0,A,2090.0,2107.0,A,2088.0,2114.0,A,2090.0,2107.0,1,3-0 unanimous,-0.0,A,True,AAA,A/A/A
Pt4,P4455,A,2093.0,2109.0,A,2088.0,2109.0,A,2088.0,2117.0,A,2088.0,2117.0,1,3-0 unanimous,-0.0,A,True,AAA,A/A/A
Pt4,P4456,A,2089.0,2106.0,A,2084.0,2105.0,A,2082.0,2114.0,A,2084.0,2108.0,1,3-0 unanimous,-0.0,A,True,AAA,A/A/A
Pt4,P4457,A,2089.0,2106.0,A,2087.0,2105.0,A,2086.0,2111.0,A,2087.0,2111.0,1,3-0 unanimous,-0.0,A,True,AAA,A/A/A
Pt4,P4458,A,2096.0,2110.0,A,2089.0,2111.0,A,2089.0,2116.0,A,2091.0,2116.0,1,3-0 unanimous,-0.0,A,True,AAA,A/A/A
Pt4,P4459,A,2089.0,2100.0,A,2089.0,2106.0,A,2082.0,2110.0,A,2083.0,2110.0,1,3-0 unanimous,-0.0,A,True,AAA,A/A/A
Pt4,P4461,A,2093.0,2109.0,A,2090.0,2106.0,A,2087.0,2114.0,A,2087.0,2109.0,1,3-0 unanimous,-0.0,A,True,AAA,A/A/A
Pt4,P4462,A,2089.0,2100.0,A,2090.0,2101.0,A,2086.0,2110.0,A,2086.0,2106.0,1,3-0 unanimous,-0.0,A,True,AAA,A/A/A
Pt4,P4467,A,2081.0,2107.0,A,2086.0,2107.0,A,2085.0,2113.0,A,2083.0,2113.0,1,3-0 unanimous,-0.0,A,True,AAA,A/A/A
Pt4,P4468,A,2081.0,2100.0,A,2087.0,2105.0,A,2084.0,2119.0,A,2082.0,2108.0,1,3-0 unanimous,-0.0,A,True,AAA,A/A/A
Pt4,P4469,A,2081.0,2104.0,A,2087.0,2106.0,A,2082.0,2115.0,A,2081.0,2106.0,1,3-0 unanimous,-0.0,A,True,AAA,A/A/A
Pt4,P4471,A,2080.0,2107.0,A,2086.0,2104.0,A,2084.0,2109.0,A,2080.0,2109.0,1,3-0 unanimous,-0.0,A,True,AAA,A/A/A
Pt4,P4472,A,2078.0,2106.0,A,2087.0,2107.0,A,2085.0,2114.0,A,2085.0,2107.0,1,3-0 unanimous,-0.0,A,True,AAA,A/A/A
Pt4,P4473,A,2074.0,2107.0,A,2085.0,2107.0,A,2086.0,2116.0,A,2086.0,2109.0,1,3-0 unanimous,-0.0,A,True,AAA,A/A/A
Pt4,P4474,A,2075.0,2096.0,A,2083.0,2101.0,A,2085.0,2116.0,A,2083.0,2111.0,1,3-0 unanimous,-0.0,A,True,AAA,A/A/A
Pt4,P4475,A,2081.0,2110.0,A,2085.0,2113.0,A,2079.0,2121.0,A,2085.0,2113.0,1,3-0 unanimous,-0.0,A,True,AAA,A/A/A
Pt4,P4476,A,2081.0,2107.0,A,2088.0,2113.0,A,2084.0,2126.0,A,2088.0,2126.0,1,3-0 unanimous,-0.0,A,True,AAA,A/A/A
Pt4,P4478,A,2080.0,2107.0,A,2087.0,2111.0,A,2086.0,2119.0,A,2087.0,2119.0,1,3-0 unanimous,-0.0,A,True,AAA,A/A/A
Pt4,P4480,A,2079.0,2104.0,A,2089.0,2109.0,A,2084.0,2121.0,A,2084.0,2121.0,1,3-0 unanimous,-0.0,A,True,AAA,A/A/A
Pt4,P4482,A,2079.0,2110.0,A,2080.0,2116.0,A,2081.0,2125.0,A,2082.0,2117.0,1,3-0 unanimous,-0.0,A,True,AAA,A/A/A
Pt4,P4483,A,2081.0,2110.0,A,2081.0,2112.0,A,2086.0,2121.0,A,2081.0,2121.0,1,3-0 unanimous,-0.0,A,True,AAA,A/A/A
Pt4,P4488,A,2079.0,2125.0,A,2089.0,2121.0,A,2081.0,2142.0,A,2081.0,2121.0,1,3-0 unanimous,-0.0,A,True,AAA,A/A/A
Pt4,P4490,A,2081.0,2114.0,A,2086.0,2115.0,A,2082.0,2124.0,A,2081.0,2124.0,1,3-0 unanimous,-0.0,A,True,AAA,A/A/A
Pt4,P4491,A,2088.0,2114.0,A,2086.0,2120.0,A,2079.0,2123.0,A,2082.0,2123.0,1,3-0 unanimous,-0.0,A,True,AAA,A/A/A
Pt4,P4492,A,2079.0,2114.0,A,2084.0,2125.0,A,2080.0,2124.0,A,2079.0,2124.0,1,3-0 unanimous,-0.0,A,True,AAA,A/A/A
Pt4,P4549,A,2081.0,2104.0,A,2086.0,2105.0,A,2080.0,2110.0,A,2081.0,2110.0,1,3-0 unanimous,-0.0,A,True,AAA,A/A/A
Pt4,P4595,A,2107.0,2121.0,A,2108.0,2120.0,A,2107.0,2131.0,A,2108.0,2121.0,1,3-0 unanimous,-0.0,A,True,AAA,A/A/A
Pt4,P4599,P,,,P,,,P,,,P,,,1,3-0 unanimous,-0.0,P,True,PPP,P/P/P
Pt4,P4602,P,,,P,,,P,,,P,,,1,3-0 unanimous,-0.0,P,True,PPP,P/P/P
Pt4,P4604,P,,,P,,,P,,,P,,,1,3-0 unanimous,-0.0,P,True,PPP,P/P/P
Pt4,P4605,P,,,P,,,P,,,P,,,1,3-0 unanimous,-0.0,P,True,PPP,P/P/P
Pt4,P4609,P,,,P,,,P,,,P,,,1,3-0 unanimous,-0.0,P,True,PPP,P/P/P
Pt4,P4610,P,,,P,,,P,,,P,,,1,3-0 unanimous,-0.0,P,True,PPP,P/P/P
Pt4,P4614,A,1996.0,2014.0,P,,,P,,,P,,,2,2-1 split,0.5793801642856949,P,True,APP,A/P/P
Pt4,P4676,P,,,P,,,P,,,P,,,1,3-0 unanimous,-0.0,P,True,PPP,P/P/P
Pt4,P4677,P,,,P,,,P,,,P,,,1,3-0 unanimous,-0.0,P,True,PPP,P/P/P
Pt4,P4678,P,,,P,,,P,,,P,,,1,3-0 unanimous,-0.0,P,True,PPP,P/P/P
Pt4,P4683,P,,,P,,,P,,,P,,,1,3-0 unanimous,-0.0,P,True,PPP,P/P/P
Pt4,P4731,P,,,P,,,P,,,P,,,1,3-0 unanimous,-0.0,P,True,PPP,P/P/P
Pt5,P102,A,1995.0,2072.0,A,1990.0,2077.0,A,1989.0,2063.0,A,1990.0,2063.0,1,3-0 unanimous,-0.0,A,True,AAA,A/A/A
Pt5,P107,A,1991.0,2057.0,A,1989.0,2070.0,A,1991.0,2063.0,A,1991.0,2063.0,1,3-0 unanimous,-0.0,A,True,AAA,A/A/A
Pt5,P134,A,1992.0,2057.0,A,1990.0,2066.0,A,1991.0,2062.0,A,1992.0,2062.0,1,3-0 unanimous,-0.0,A,True,AAA,A/A/A
Pt5,P139,A,1988.0,2045.0,U,,,U,,,U,,,2,2-1 split,0.5793801642856949,U,True,AUU,A/U/U
Pt5,P141,A,1991.0,2055.0,A,1988.0,2069.0,A,1990.0,2062.0,A,1991.0,2062.0,1,3-0 unanimous,-0.0,A,True,AAA,A/A/A
Pt5,P145,A,1991.0,2057.0,A,1986.0,2070.0,A,1991.0,2064.0,A,1991.0,2064.0,1,3-0 unanimous,-0.0,A,True,AAA,A/A/A
Pt5,P149,A,1986.0,2047.0,U,,,U,,,U,,,2,2-1 split,0.5793801642856949,U,True,AUU,A/U/U
Pt5,P159,A,1986.0,2043.0,U,,,U,,,U,,,2,2-1 split,0.5793801642856949,U,True,AUU,A/U/U
Pt5,P168,A,1991.0,2057.0,A,1990.0,2066.0,A,1990.0,2060.0,A,1991.0,2060.0,1,3-0 unanimous,-0.0,A,True,AAA,A/A/A
Pt5,P174,A,1988.0,2057.0,A,1984.0,2066.0,U,,,A,1988.0,2057.0,2,2-1 split,0.5793801642856949,A,True,AAU,A/A/U
Pt5,P238,A,1986.0,2057.0,A,1989.0,2069.0,A,1986.0,2060.0,A,1989.0,2060.0,1,3-0 unanimous,-0.0,A,True,AAA,A/A/A
Pt5,P245,A,1991.0,2072.0,A,1990.0,2068.0,A,1990.0,2061.0,A,1991.0,2061.0,1,3-0 unanimous,-0.0,A,True,AAA,A/A/A
Pt5,P253,A,1988.0,2081.0,A,1990.0,2065.0,A,1989.0,2062.0,A,1990.0,2062.0,1,3-0 unanimous,-0.0,A,True,AAA,A/A/A
Pt5,P255,A,1986.0,2049.0,U,,,U,,,U,,,2,2-1 split,0.5793801642856949,U,True,AUU,A/U/U
Pt5,P342,P,,,P,,,P,,,P,,,1,3-0 unanimous,-0.0,P,True,PPP,P/P/P
Pt5,P351,P,,,P,,,P,,,P,,,1,3-0 unanimous,-0.0,P,True,PPP,P/P/P
Pt5,P403,A,1970.0,2036.0,U,,,U,,,U,,,2,2-1 split,0.5793801642856949,U,True,AUU,A/U/U
Pt5,P404,A,1970.0,2038.0,U,,,A,2002.0,2048.0,A,2002.0,2048.0,2,2-1 split,0.5793801642856949,A,True,AAU,A/U/A
Pt5,P406,A,1971.0,2059.0,U,,,A,2001.0,2047.0,A,2001.0,2047.0,2,2-1 split,0.5793801642856949,A,True,AAU,A/U/A
Pt5,P411,A,1960.0,2031.0,U,,,A,1998.0,2040.0,A,1998.0,2040.0,2,2-1 split,0.5793801642856949,A,True,AAU,A/U/A
Pt5,P420,U,,,P,,,P,,,P,,,2,2-1 split,0.5793801642856949,P,True,PPU,U/P/P
Pt5,P421,U,,,P,,,P,,,P,,,2,2-1 split,0.5793801642856949,P,True,PPU,U/P/P
Pt5,P428,A,1974.0,2034.0,A,2004.0,2060.0,A,2006.0,2072.0,A,2004.0,2060.0,1,3-0 unanimous,-0.0,A,True,AAA,A/A/A
Pt5,P429,A,1975.0,2052.0,A,2003.0,2066.0,A,2010.0,2067.0,A,2003.0,2066.0,1,3-0 unanimous,-0.0,A,True,AAA,A/A/A
Pt5,P430,A,2002.0,2047.0,A,2004.0,2063.0,A,2008.0,2066.0,A,2002.0,2063.0,1,3-0 unanimous,-0.0,A,True,AAA,A/A/A
Pt5,P431,A,2000.0,2047.0,A,2001.0,2057.0,A,2002.0,2060.0,A,2001.0,2060.0,1,3-0 unanimous,-0.0,A,True,AAA,A/A/A
Pt5,P482,A,1971.0,2039.0,A,1992.0,2043.0,A,2012.0,2055.0,A,2003.0,2064.0,1,3-0 unanimous,-0.0,A,True,AAA,A/A/A
Pt5,P508,P,,,P,,,P,,,P,,,1,3-0 unanimous,-0.0,P,True,PPP,P/P/P
Pt5,P563,P,,,P,,,P,,,P,,,1,3-0 unanimous,-0.0,P,True,PPP,P/P/P
Pt5,P695,A,1954.0,2027.0,U,,,U,,,U,,,2,2-1 split,0.5793801642856949,U,True,AUU,A/U/U
Pt5,P701,A,1975.0,2036.0,U,,,U,,,U,,,2,2-1 split,0.5793801642856949,U,True,AUU,A/U/U
Pt5,P711,A,1946.0,1964.0,U,,,U,,,U,,,2,2-1 split,0.5793801642856949,U,True,AUU,A/U/U
Pt5,P734,A,1956.0,2011.0,U,,,U,,,U,,,2,2-1 split,0.5793801642856949,U,True,AUU,A/U/U
Pt5,P735,U,,,U,,,U,,,U,,,1,3-0 unanimous,-0.0,U,True,UUU,U/U/U
Pt5,P736,U,,,U,,,U,,,U,,,1,3-0 unanimous,-0.0,U,True,UUU,U/U/U
Pt5,P737,U,,,U,,,A,1955.0,2044.0,U,,,2,2-1 split,0.5793801642856949,U,True,AUU,U/U/A
Pt5,P745,P,,,P,,,P,,,P,,,1,3-0 unanimous,-0.0,P,True,PPP,P/P/P
Pt5,P747,U,,,U,,,U,,,U,,,1,3-0 unanimous,-0.0,U,True,UUU,U/U/U
Pt5,P748,A,1966.0,2042.0,A,1983.0,2075.0,A,1982.0,2042.0,A,1966.0,2075.0,1,3-0 unanimous,-0.0,A,True,AAA,A/A/A
Pt5,P798,P,,,P,,,P,,,P,,,1,3-0 unanimous,-0.0,P,True,PPP,P/P/P
Pt5,P887,P,,,P,,,P,,,P,,,1,3-0 unanimous,-0.0,P,True,PPP,P/P/P
Pt5,P894,P,,,P,,,P,,,P,,,1,3-0 unanimous,-0.0,P,True,PPP,P/P/P
Pt5,P931,U,,,U,,,U,,,P,,,1,3-0 unanimous,-0.0,U,False,UUU,U/U/U
Pt5,P1001,A,1965.0,1991.0,A,1951.0,2040.0,A,1952.0,2007.0,A,1965.0,2007.0,1,3-0 unanimous,-0.0,A,True,AAA,A/A/A
Pt5,P1007,P,,,P,,,P,,,P,,,1,3-0 unanimous,-0.0,P,True,PPP,P/P/P
Pt5,P1008,A,1964.0,1988.0,A,1957.0,2041.0,A,1955.0,2007.0,A,1964.0,2007.0,1,3-0 unanimous,-0.0,A,True,AAA,A/A/A
Pt6,P36,A,2125.0,2148.0,A,2132.0,2170.0,A,2119.0,2172.0,A,2132.0,2170.0,1,3-0 unanimous,-0.0,A,True,AAA,A/A/A
Pt6,P40,A,2125.0,2150.0,A,2113.0,2168.0,A,2115.0,2165.0,A,2125.0,2165.0,1,3-0 unanimous,-0.0,A,True,AAA,A/A/A
Pt6,P41,A,2138.0,2191.0,A,2124.0,2212.0,A,2121.0,2192.0,A,2138.0,2212.0,1,3-0 unanimous,-0.0,A,True,AAA,A/A/A
Pt6,P44,A,2125.0,2150.0,A,2118.0,2169.0,A,2123.0,2170.0,A,2123.0,2169.0,1,3-0 unanimous,-0.0,A,True,AAA,A/A/A
Pt6,P48,A,2131.0,2153.0,A,2133.0,2173.0,A,2115.0,2168.0,A,2131.0,2168.0,1,3-0 unanimous,-0.0,A,True,AAA,A/A/A
Pt6,P56,A,2142.0,2189.0,A,2122.0,2192.0,A,2125.0,2194.0,A,2125.0,2194.0,1,3-0 unanimous,-0.0,A,True,AAA,A/A/A
Pt6,P65,U,,,U,,,A,2089.0,2176.0,A,1990.0,2197.0,2,2-1 split,0.5793801642856949,U,False,AUU,U/U/A
Pt6,P68,A,2131.0,2152.0,A,2113.0,2166.0,A,2116.0,2170.0,A,2092.0,2166.0,1,3-0 unanimous,-0.0,A,True,AAA,A/A/A
Pt6,P69,A,2143.0,2191.0,A,2121.0,2217.0,A,2125.0,2216.0,A,2125.0,2217.0,1,3-0 unanimous,-0.0,A,True,AAA,A/A/A
Pt6,P71,A,2129.0,2148.0,A,2113.0,2159.0,A,2111.0,2170.0,A,2113.0,2159.0,1,3-0 unanimous,-0.0,A,True,AAA,A/A/A
Pt6,P75,A,2143.0,2189.0,A,2128.0,2208.0,A,2122.0,2206.0,A,2122.0,2206.0,1,3-0 unanimous,-0.0,A,True,AAA,A/A/A
Pt6,P76,A,2141.0,2189.0,A,2126.0,2214.0,A,2122.0,2211.0,A,2122.0,2211.0,1,3-0 unanimous,-0.0,A,True,AAA,A/A/A
Pt6,P77,A,2143.0,2191.0,A,2129.0,2199.0,A,2122.0,2205.0,A,2122.0,2199.0,1,3-0 unanimous,-0.0,A,True,AAA,A/A/A
Pt6,P83,A,2129.0,2152.0,A,2119.0,2167.0,A,2118.0,2168.0,A,2119.0,2167.0,1,3-0 unanimous,-0.0,A,True,AAA,A/A/A
Pt6,P84,A,2141.0,2195.0,A,2126.0,2190.0,A,2124.0,2195.0,A,2126.0,2195.0,1,3-0 unanimous,-0.0,A,True,AAA,A/A/A
Pt6,P87,A,2130.0,2148.0,A,2118.0,2176.0,A,2116.0,2168.0,A,2118.0,2168.0,1,3-0 unanimous,-0.0,A,True,AAA,A/A/A
Pt6,P96,A,2055.0,2085.0,A,2063.0,2105.0,A,2054.0,2122.0,A,2063.0,2085.0,1,3-0 unanimous,-0.0,A,True,AAA,A/A/A
Pt6,P100,A,2063.0,2091.0,A,2064.0,2123.0,A,2065.0,2127.0,A,2067.0,2091.0,1,3-0 unanimous,-0.0,A,True,AAA,A/A/A
Pt6,P101,A,2057.0,2121.0,A,2065.0,2127.0,A,2061.0,2122.0,A,2057.0,2122.0,1,3-0 unanimous,-0.0,A,True,AAA,A/A/A
Pt6,P103,A,2055.0,2084.0,A,2057.0,2111.0,A,2058.0,2103.0,A,2055.0,2103.0,1,3-0 unanimous,-0.0,A,True,AAA,A/A/A
Pt6,P105,A,2060.0,2103.0,A,2065.0,2121.0,A,2063.0,2123.0,A,2065.0,2123.0,1,3-0 unanimous,-0.0,A,True,AAA,A/A/A
Pt6,P108,U,,,A,2072.0,2140.0,A,2066.0,2134.0,A,2068.0,2134.0,2,2-1 split,0.5793801642856949,A,True,AAU,U/A/A
Pt6,P118,A,2057.0,2120.0,A,2057.0,2122.0,A,2061.0,2102.0,A,2057.0,2122.0,1,3-0 unanimous,-0.0,A,True,AAA,A/A/A
Pt6,P124,A,2057.0,2117.0,A,2056.0,2120.0,A,2062.0,2119.0,A,2056.0,2120.0,1,3-0 unanimous,-0.0,A,True,AAA,A/A/A
Pt6,P138,A,2032.0,2127.0,A,2073.0,2157.0,A,2064.0,2128.0,A,2032.0,2157.0,1,3-0 unanimous,-0.0,A,True,AAA,A/A/A
Pt6,P139,A,2057.0,2089.0,A,2055.0,2122.0,A,2060.0,2103.0,A,2057.0,2103.0,1,3-0 unanimous,-0.0,A,True,AAA,A/A/A
Pt6,P140,U,,,A,2066.0,2128.0,A,2067.0,2132.0,A,1993.0,2128.0,2,2-1 split,0.5793801642856949,A,True,AAU,U/A/A
Pt6,P142,U,,,A,2072.0,2143.0,A,2064.0,2147.0,A,2064.0,2147.0,2,2-1 split,0.5793801642856949,A,True,AAU,U/A/A
Pt6,P144,A,2169.0,2191.0,A,2168.0,2198.0,A,2167.0,2201.0,U,,,1,3-0 unanimous,-0.0,A,False,AAA,A/A/A
Pt6,P148,A,2057.0,2096.0,A,2088.0,2128.0,A,2020.0,2129.0,A,2088.0,2123.0,1,3-0 unanimous,-0.0,A,True,AAA,A/A/A
Pt6,P149,A,2174.0,2192.0,A,2171.0,2205.0,A,2171.0,2207.0,A,2174.0,2205.0,1,3-0 unanimous,-0.0,A,True,AAA,A/A/A
Pt6,P150,A,2205.0,2215.0,A,2103.0,2210.0,A,2067.0,2141.0,A,2067.0,2215.0,1,3-0 unanimous,-0.0,A,True,AAA,A/A/A
Pt6,P160,A,2204.0,2215.0,A,2196.0,2240.0,A,2205.0,2238.0,A,2205.0,2240.0,1,3-0 unanimous,-0.0,A,True,AAA,A/A/A
Pt6,P163,A,2174.0,2196.0,A,2171.0,2202.0,A,2172.0,2201.0,A,2174.0,2201.0,1,3-0 unanimous,-0.0,A,True,AAA,A/A/A
Pt6,P165,A,2171.0,2191.0,A,2166.0,2195.0,A,2166.0,2209.0,A,2171.0,2197.0,1,3-0 unanimous,-0.0,A,True,AAA,A/A/A
Pt6,P167,A,2052.0,2096.0,A,2067.0,2106.0,A,2051.0,2114.0,A,2067.0,2106.0,1,3-0 unanimous,-0.0,A,True,AAA,A/A/A
Pt6,P168,A,2060.0,2114.0,A,2089.0,2125.0,A,2084.0,2132.0,A,2021.0,2132.0,1,3-0 unanimous,-0.0,A,True,AAA,A/A/A
Pt6,P170,A,2171.0,2192.0,A,2168.0,2198.0,A,2169.0,2199.0,A,2171.0,2198.0,1,3-0 unanimous,-0.0,A,True,AAA,A/A/A
Pt6,P173,A,2059.0,2103.0,A,2086.0,2121.0,A,2083.0,2131.0,A,2086.0,2131.0,1,3-0 unanimous,-0.0,A,True,AAA,A/A/A
Pt6,P177,A,2171.0,2194.0,A,2167.0,2194.0,A,2169.0,2200.0,A,2171.0,2200.0,1,3-0 unanimous,-0.0,A,True,AAA,A/A/A
Pt6,P179,A,2060.0,2114.0,A,2091.0,2132.0,A,2084.0,2127.0,A,2086.0,2127.0,1,3-0 unanimous,-0.0,A,True,AAA,A/A/A
Pt6,P184,A,2088.0,2124.0,A,2089.0,2132.0,A,2085.0,2130.0,A,2088.0,2127.0,1,3-0 unanimous,-0.0,A,True,AAA,A/A/A
Pt6,P187,A,2085.0,2125.0,A,2091.0,2132.0,A,2070.0,2134.0,A,2087.0,2132.0,1,3-0 unanimous,-0.0,A,True,AAA,A/A/A
Pt6,P190,A,2169.0,2194.0,A,2173.0,2203.0,A,2172.0,2202.0,A,2173.0,2202.0,1,3-0 unanimous,-0.0,A,True,AAA,A/A/A
Pt6,P191,A,2088.0,2114.0,A,2092.0,2137.0,A,2089.0,2131.0,A,2088.0,2131.0,1,3-0 unanimous,-0.0,A,True,AAA,A/A/A
Pt6,P192,A,2171.0,2193.0,A,2167.0,2198.0,A,2169.0,2203.0,A,2171.0,2198.0,1,3-0 unanimous,-0.0,A,True,AAA,A/A/A
Pt6,P194,A,2064.0,2125.0,A,2090.0,2146.0,A,2061.0,2139.0,A,2058.0,2139.0,1,3-0 unanimous,-0.0,A,True,AAA,A/A/A
Pt6,P195,A,2060.0,2107.0,A,2089.0,2136.0,A,2081.0,2130.0,A,2084.0,2126.0,1,3-0 unanimous,-0.0,A,True,AAA,A/A/A
Pt6,P196,A,2204.0,2217.0,A,2195.0,2229.0,A,2201.0,2228.0,A,2201.0,2228.0,1,3-0 unanimous,-0.0,A,True,AAA,A/A/A
Pt6,P199,A,2085.0,2109.0,A,2086.0,2132.0,A,2082.0,2125.0,A,2086.0,2125.0,1,3-0 unanimous,-0.0,A,True,AAA,A/A/A
Pt6,P200,A,2203.0,2214.0,A,2200.0,2227.0,A,2201.0,2221.0,A,2203.0,2221.0,1,3-0 unanimous,-0.0,A,True,AAA,A/A/A
Pt6,P203,A,2084.0,2112.0,A,2091.0,2128.0,A,2087.0,2134.0,A,2087.0,2128.0,1,3-0 unanimous,-0.0,A,True,AAA,A/A/A
Pt6,P206,A,2171.0,2194.0,A,2171.0,2200.0,A,2168.0,2198.0,A,2171.0,2200.0,1,3-0 unanimous,-0.0,A,True,AAA,A/A/A
Pt6,P208,A,2169.0,2198.0,A,2163.0,2200.0,A,2169.0,2198.0,A,2169.0,2198.0,1,3-0 unanimous,-0.0,A,True,AAA,A/A/A
Pt6,P210,A,2088.0,2110.0,A,2089.0,2127.0,A,2085.0,2129.0,A,2089.0,2127.0,1,3-0 unanimous,-0.0,A,True,AAA,A/A/A
Pt6,P211,A,2204.0,2217.0,A,2206.0,2230.0,A,2198.0,2230.0,A,2206.0,2230.0,1,3-0 unanimous,-0.0,A,True,AAA,A/A/A
Pt6,P212,A,2169.0,2194.0,A,2170.0,2194.0,A,2168.0,2199.0,A,2170.0,2199.0,1,3-0 unanimous,-0.0,A,True,AAA,A/A/A
Pt6,P214,A,2089.0,2125.0,A,2090.0,2128.0,A,2087.0,2133.0,A,2089.0,2128.0,1,3-0 unanimous,-0.0,A,True,AAA,A/A/A
Pt6,P216,A,2171.0,2196.0,A,2165.0,2194.0,A,2167.0,2197.0,A,2171.0,2194.0,1,3-0 unanimous,-0.0,A,True,AAA,A/A/A
Pt6,P221,A,2084.0,2120.0,A,2083.0,2137.0,A,2082.0,2126.0,A,2084.0,2126.0,1,3-0 unanimous,-0.0,A,True,AAA,A/A/A
Pt6,P223,A,2199.0,2215.0,A,2201.0,2227.0,A,2202.0,2226.0,A,2202.0,2226.0,1,3-0 unanimous,-0.0,A,True,AAA,A/A/A
Pt6,P226,A,2171.0,2194.0,A,2167.0,2205.0,A,2168.0,2199.0,A,2171.0,2194.0,1,3-0 unanimous,-0.0,A,True,AAA,A/A/A
Pt6,P228,A,2203.0,2217.0,A,2201.0,2230.0,A,2201.0,2222.0,A,2203.0,2222.0,1,3-0 unanimous,-0.0,A,True,AAA,A/A/A
Pt6,P231,A,2059.0,2093.0,A,2064.0,2114.0,A,2049.0,2108.0,A,2059.0,2108.0,1,3-0 unanimous,-0.0,A,True,AAA,A/A/A
Pt6,P232,A,2084.0,2114.0,A,2086.0,2127.0,A,2071.0,2129.0,A,2086.0,2127.0,1,3-0 unanimous,-0.0,A,True,AAA,A/A/A
Pt6,P239,A,2078.0,2095.0,A,2082.0,2135.0,A,2031.0,2096.0,A,2078.0,2135.0,1,3-0 unanimous,-0.0,A,True,AAA,A/A/A
Pt6,P241,A,2043.0,2063.0,U,,,A,2042.0,2067.0,A,2042.0,2063.0,2,2-1 split,0.5793801642856949,A,True,AAU,A/U/A
Pt6,P243,A,2042.0,2064.0,A,2045.0,2146.0,A,2039.0,2069.0,A,2039.0,2069.0,1,3-0 unanimous,-0.0,A,True,AAA,A/A/A
Pt6,P244,A,2042.0,2064.0,A,2047.0,2089.0,A,2038.0,2071.0,A,2042.0,2071.0,1,3-0 unanimous,-0.0,A,True,AAA,A/A/A
Pt6,P249,A,2043.0,2067.0,A,2050.0,2127.0,A,2039.0,2066.0,A,2040.0,2066.0,1,3-0 unanimous,-0.0,A,True,AAA,A/A/A
Pt6,P255,U,,,A,2052.0,2134.0,A,2045.0,2071.0,A,2047.0,2061.0,2,2-1 split,0.5793801642856949,A,True,AAU,U/A/A
Pt6,P256,A,2042.0,2063.0,A,2043.0,2142.0,A,2039.0,2073.0,A,2042.0,2073.0,1,3-0 unanimous,-0.0,A,True,AAA,A/A/A
Pt6,P271,U,,,U,,,A,2026.0,2077.0,U,,,2,2-1 split,0.5793801642856949,U,True,AUU,U/U/A
Pt6,P272,U,,,A,2047.0,2134.0,A,2038.0,2067.0,U,,,2,2-1 split,0.5793801642856949,A,False,AAU,U/A/A
Pt6,P273,A,2039.0,2059.0,U,,,A,2038.0,2079.0,A,2040.0,2079.0,2,2-1 split,0.5793801642856949,A,True,AAU,A/U/A
Pt6,P277,U,,,U,,,A,2027.0,2079.0,U,,,2,2-1 split,0.5793801642856949,U,True,AUU,U/U/A
Pt6,P278,A,2043.0,2064.0,U,,,A,2040.0,2088.0,A,2040.0,2088.0,2,2-1 split,0.5793801642856949,A,True,AAU,A/U/A
Pt6,P284,A,2075.0,2096.0,A,2074.0,2137.0,A,2075.0,2119.0,A,2075.0,2137.0,1,3-0 unanimous,-0.0,A,True,AAA,A/A/A
Pt6,P286,U,,,U,,,A,2029.0,2077.0,U,,,2,2-1 split,0.5793801642856949,U,True,AUU,U/U/A
Pt6,P287,U,,,A,2048.0,2126.0,A,2043.0,2087.0,A,2048.0,2074.0,2,2-1 split,0.5793801642856949,A,True,AAU,U/A/A
Pt6,P288,U,,,A,2037.0,2132.0,A,2042.0,2077.0,A,2037.0,2077.0,2,2-1 split,0.5793801642856949,A,True,AAU,U/A/A
Pt6,P295,U,,,A,2046.0,2132.0,A,2040.0,2069.0,A,2040.0,2069.0,2,2-1 split,0.5793801642856949,A,True,AAU,U/A/A
Pt6,P296,A,2043.0,2072.0,A,2045.0,2132.0,A,2039.0,2085.0,A,2043.0,2085.0,1,3-0 unanimous,-0.0,A,True,AAA,A/A/A
Pt6,P300,A,2047.0,2067.0,A,2044.0,2138.0,A,2042.0,2080.0,A,2044.0,2080.0,1,3-0 unanimous,-0.0,A,True,AAA,A/A/A
Pt6,P303,P,,,A,2056.0,2148.0,A,2045.0,2074.0,P,,,2,2-1 split,0.5793801642856949,A,False,AAP,P/A/A
Pt6,P304,U,,,U,,,A,2044.0,2083.0,A,2044.0,2083.0,2,2-1 split,0.5793801642856949,U,False,AUU,U/U/A
Pt6,P308,U,,,U,,,A,2028.0,2081.0,P,,,2,2-1 split,0.5793801642856949,U,False,AUU,U/U/A
Pt6,P309,U,,,A,2050.0,2138.0,A,2041.0,2070.0,A,2041.0,2070.0,2,2-1 split,0.5793801642856949,A,True,AAU,U/A/A
Pt6,P314,U,,,A,2101.0,2173.0,A,2098.0,2173.0,A,2098.0,2173.0,2,2-1 split,0.5793801642856949,A,True,AAU,U/A/A
Pt6,P329,P,,,P,,,P,,,P,,,1,3-0 unanimous,-0.0,P,True,PPP,P/P/P
Pt6,P330,P,,,P,,,P,,,P,,,1,3-0 unanimous,-0.0,P,True,PPP,P/P/P
Pt6,P331,P,,,P,,,P,,,P,,,1,3-0 unanimous,-0.0,P,True,PPP,P/P/P
Pt6,P332,U,,,U,,,A,2010.0,2083.0,U,,,2,2-1 split,0.5793801642856949,U,True,AUU,U/U/A
Pt6,P333,A,2042.0,2068.0,A,2049.0,2086.0,A,2040.0,2078.0,A,2042.0,2078.0,1,3-0 unanimous,-0.0,A,True,AAA,A/A/A
Pt6,P334,P,,,P,,,P,,,P,,,1,3-0 unanimous,-0.0,P,True,PPP,P/P/P
Pt6,P335,P,,,P,,,P,,,U,,,1,3-0 unanimous,-0.0,P,False,PPP,P/P/P
Pt6,P336,P,,,P,,,P,,,U,,,1,3-0 unanimous,-0.0,P,False,PPP,P/P/P
Pt6,P337,P,,,P,,,P,,,U,,,1,3-0 unanimous,-0.0,P,False,PPP,P/P/P
Pt6,P338,P,,,P,,,P,,,U,,,1,3-0 unanimous,-0.0,P,False,PPP,P/P/P
Pt6,P345,U,,,U,,,U,,,U,,,1,3-0 unanimous,-0.0,U,True,UUU,U/U/U
Pt6,P346,U,,,U,,,U,,,U,,,1,3-0 unanimous,-0.0,U,True,UUU,U/U/U
Pt6,P348,P,,,U,,,U,,,U,,,2,2-1 split,0.5793801642856949,U,True,PUU,P/U/U
Pt6,P349,P,,,U,,,P,,,P,,,2,2-1 split,0.5793801642856949,P,True,PPU,P/U/P
Pt6,P351,U,,,U,,,U,,,U,,,1,3-0 unanimous,-0.0,U,True,UUU,U/U/U
Pt6,P352,U,,,U,,,U,,,U,,,1,3-0 unanimous,-0.0,U,True,UUU,U/U/U
Pt6,P353,P,,,P,,,P,,,P,,,1,3-0 unanimous,-0.0,P,True,PPP,P/P/P
Pt6,P355,P,,,P,,,P,,,U,,,1,3-0 unanimous,-0.0,P,False,PPP,P/P/P
Pt6,P356,U,,,U,,,U,,,U,,,1,3-0 unanimous,-0.0,U,True,UUU,U/U/U
Pt6,P358,P,,,P,,,P,,,U,,,1,3-0 unanimous,-0.0,P,False,PPP,P/P/P
Pt6,P366,A,1992.0,2024.0,U,,,A,2001.0,2047.0,U,,,2,2-1 split,0.5793801642856949,A,False,AAU,A/U/A
Pt6,P367,U,,,U,,,U,,,U,,,1,3-0 unanimous,-0.0,U,True,UUU,U/U/U
Pt6,P376,U,,,U,,,U,,,U,,,1,3-0 unanimous,-0.0,U,True,UUU,U/U/U
Pt6,P378,P,,,P,,,P,,,U,,,1,3-0 unanimous,-0.0,P,False,PPP,P/P/P
Pt6,P379,U,,,U,,,U,,,U,,,1,3-0 unanimous,-0.0,U,True,UUU,U/U/U
Pt6,P382,P,,,P,,,P,,,U,,,1,3-0 unanimous,-0.0,P,False,PPP,P/P/P
Pt6,P383,U,,,U,,,U,,,U,,,1,3-0 unanimous,-0.0,U,True,UUU,U/U/U
Pt6,P385,U,,,U,,,U,,,U,,,1,3-0 unanimous,-0.0,U,True,UUU,U/U/U
Pt6,P391,U,,,P,,,P,,,U,,,2,2-1 split,0.5793801642856949,P,False,PPU,U/P/P
Pt6,P404,P,,,P,,,P,,,P,,,1,3-0 unanimous,-0.0,P,True,PPP,P/P/P
Pt6,P407,U,,,P,,,P,,,P,,,2,2-1 split,0.5793801642856949,P,True,PPU,U/P/P
Pt6,P408,U,,,U,,,U,,,U,,,1,3-0 unanimous,-0.0,U,True,UUU,U/U/U
Pt6,P411,P,,,P,,,P,,,P,,,1,3-0 unanimous,-0.0,P,True,PPP,P/P/P
Pt6,P471,U,,,U,,,U,,,U,,,1,3-0 unanimous,-0.0,U,True,UUU,U/U/U
Pt6,P501,P,,,P,,,P,,,P,,,1,3-0 unanimous,-0.0,P,True,PPP,P/P/P
Pt6,P502,P,,,P,,,P,,,P,,,1,3-0 unanimous,-0.0,P,True,PPP,P/P/P
Pt6,P515,P,,,P,,,P,,,P,,,1,3-0 unanimous,-0.0,P,True,PPP,P/P/P
Pt6,P516,U,,,U,,,A,1996.0,2053.0,U,,,2,2-1 split,0.5793801642856949,U,True,AUU,U/U/A
Pt6,P517,U,,,U,,,U,,,U,,,1,3-0 unanimous,-0.0,U,True,UUU,U/U/U
Pt6,P518,U,,,A,2079.0,2131.0,A,2037.0,2137.0,A,1978.0,2145.0,2,2-1 split,0.5793801642856949,A,True,AAU,U/A/A
Pt6,P520,A,2078.0,2096.0,U,,,P,,,P,,,3,1-1-1 split,0.9999999999999998,,False,APU,A/U/P
Pt6,P521,A,2064.0,2100.0,A,2068.0,2127.0,A,2061.0,2134.0,A,2061.0,2127.0,1,3-0 unanimous,-0.0,A,True,AAA,A/A/A
Pt6,P523,A,2064.0,2084.0,U,,,A,2047.0,2141.0,U,,,2,2-1 split,0.5793801642856949,A,False,AAU,A/U/A
Pt6,P524,U,,,A,2049.0,2123.0,A,2034.0,2122.0,A,1978.0,2123.0,2,2-1 split,0.5793801642856949,A,True,AAU,U/A/A
Pt6,P525,A,2074.0,2096.0,U,,,P,,,P,,,3,1-1-1 split,0.9999999999999998,,False,APU,A/U/P
Pt6,P526,A,2052.0,2078.0,U,,,A,2052.0,2093.0,P,,,2,2-1 split,0.5793801642856949,A,False,AAU,A/U/A
Pt6,P527,U,,,A,2072.0,2124.0,A,2035.0,2119.0,A,1975.0,2124.0,2,2-1 split,0.5793801642856949,A,True,AAU,U/A/A
Pt6,P528,A,2072.0,2093.0,U,,,P,,,P,,,3,1-1-1 split,0.9999999999999998,,False,APU,A/U/P
Pt6,P529,A,2063.0,2089.0,A,2070.0,2117.0,A,2061.0,2104.0,A,2061.0,2104.0,1,3-0 unanimous,-0.0,A,True,AAA,A/A/A
Pt6,P530,A,2053.0,2081.0,U,,,A,2051.0,2095.0,A,2051.0,2095.0,2,2-1 split,0.5793801642856949,A,True,AAU,A/U/A
Pt6,P537,U,,,U,,,A,2056.0,2125.0,U,,,2,2-1 split,0.5793801642856949,U,True,AUU,U/U/A
Pt6,P541,A,2075.0,2099.0,A,2074.0,2125.0,A,2076.0,2145.0,A,2076.0,2145.0,1,3-0 unanimous,-0.0,A,True,AAA,A/A/A
Pt6,P544,U,,,U,,,A,2053.0,2117.0,U,,,2,2-1 split,0.5793801642856949,U,True,AUU,U/U/A
Pt6,P546,A,2045.0,2081.0,U,,,A,2042.0,2114.0,A,2045.0,2114.0,2,2-1 split,0.5793801642856949,A,True,AAU,A/U/A
Pt6,P549,A,2034.0,2096.0,U,,,P,,,P,,,3,1-1-1 split,0.9999999999999998,,False,APU,A/U/P
Pt6,P550,A,2067.0,2091.0,A,2065.0,2126.0,A,2061.0,2109.0,A,2067.0,2109.0,1,3-0 unanimous,-0.0,A,True,AAA,A/A/A
Pt6,P555,A,2068.0,2093.0,A,2068.0,2121.0,A,2064.0,2113.0,A,2068.0,2113.0,1,3-0 unanimous,-0.0,A,True,AAA,A/A/A
Pt6,P556,U,,,U,,,U,,,U,,,1,3-0 unanimous,-0.0,U,True,UUU,U/U/U
Pt6,P558,U,,,U,,,A,2045.0,2117.0,U,,,2,2-1 split,0.5793801642856949,U,True,AUU,U/U/A
Pt6,P570,A,2070.0,2100.0,U,,,A,2069.0,2142.0,U,,,2,2-1 split,0.5793801642856949,A,False,AAU,A/U/A
Pt6,P571,A,2074.0,2093.0,U,,,P,,,P,,,3,1-1-1 split,0.9999999999999998,,False,APU,A/U/P
Pt6,P572,A,2068.0,2100.0,A,2070.0,2116.0,A,2065.0,2132.0,A,2065.0,2107.0,1,3-0 unanimous,-0.0,A,True,AAA,A/A/A
Pt6,P573,U,,,U,,,U,,,U,,,1,3-0 unanimous,-0.0,U,True,UUU,U/U/U
Pt6,P575,U,,,U,,,A,2045.0,2119.0,U,,,2,2-1 split,0.5793801642856949,U,True,AUU,U/U/A
Pt6,P578,U,,,A,2082.0,2140.0,A,2071.0,2153.0,U,,,2,2-1 split,0.5793801642856949,A,False,AAU,U/A/A
Pt6,P579,A,2072.0,2091.0,U,,,P,,,P,,,3,1-1-1 split,0.9999999999999998,,False,APU,A/U/P
Pt6,P580,A,2060.0,2091.0,A,2062.0,2120.0,A,2062.0,2131.0,A,2062.0,2104.0,1,3-0 unanimous,-0.0,A,True,AAA,A/A/A
Pt6,P582,A,2034.0,2081.0,U,,,A,2030.0,2111.0,U,,,2,2-1 split,0.5793801642856949,A,False,AAU,A/U/A
Pt6,P584,U,,,U,,,A,2034.0,2116.0,U,,,2,2-1 split,0.5793801642856949,U,True,AUU,U/U/A
Pt6,P585,A,2047.0,2070.0,U,,,A,2055.0,2153.0,P,,,2,2-1 split,0.5793801642856949,A,False,AAU,A/U/A
Pt6,P586,A,2038.0,2068.0,U,,,A,2040.0,2148.0,P,,,2,2-1 split,0.5793801642856949,A,False,AAU,A/U/A
Pt6,P592,U,,,U,,,A,2068.0,2139.0,U,,,2,2-1 split,0.5793801642856949,U,True,AUU,U/U/A
Pt6,P593,A,2064.0,2091.0,P,,,P,,,P,,,2,2-1 split,0.5793801642856949,P,True,APP,A/P/P
Pt6,P598,U,,,U,,,P,,,P,,,2,2-1 split,0.5793801642856949,U,False,PUU,U/U/P
Pt6,P599,A,2049.0,2060.0,U,,,P,,,P,,,3,1-1-1 split,0.9999999999999998,,False,APU,A/U/P
Pt6,P607,U,,,U,,,P,,,P,,,2,2-1 split,0.5793801642856949,U,False,PUU,U/U/P
Pt6,P610,A,2070.0,2094.0,A,2055.0,2153.0,A,2054.0,2141.0,A,2055.0,2141.0,1,3-0 unanimous,-0.0,A,True,AAA,A/A/A
Pt6,P611,A,2104.0,2157.0,A,2097.0,2173.0,A,2097.0,2170.0,A,2097.0,2170.0,1,3-0 unanimous,-0.0,A,True,AAA,A/A/A
Pt6,P615,U,,,P,,,P,,,P,,,2,2-1 split,0.5793801642856949,P,True,PPU,U/P/P
Pt6,P620,P,,,P,,,P,,,P,,,1,3-0 unanimous,-0.0,P,True,PPP,P/P/P
Pt6,P623,U,,,U,,,U,,,U,,,1,3-0 unanimous,-0.0,U,True,UUU,U/U/U
Pt6,P624,U,,,U,,,U,,,U,,,1,3-0 unanimous,-0.0,U,True,UUU,U/U/U
Pt6,P627,P,,,U,,,P,,,P,,,2,2-1 split,0.5793801642856949,P,True,PPU,P/U/P
Pt6,P631,A,2073.0,2121.0,A,2047.0,2140.0,A,2050.0,2136.0,A,2053.0,2136.0,1,3-0 unanimous,-0.0,A,True,AAA,A/A/A
Pt6,P634,U,,,A,2091.0,2150.0,A,2084.0,2153.0,A,2084.0,2156.0,2,2-1 split,0.5793801642856949,A,True,AAU,U/A/A
Pt6,P635,P,,,P,,,P,,,P,,,1,3-0 unanimous,-0.0,P,True,PPP,P/P/P
Pt6,P637,A,2055.0,2074.0,A,2055.0,2123.0,A,2053.0,2124.0,A,2053.0,2124.0,1,3-0 unanimous,-0.0,A,True,AAA,A/A/A
Pt6,P638,A,2074.0,2130.0,A,2066.0,2146.0,A,2065.0,2140.0,A,2066.0,2140.0,1,3-0 unanimous,-0.0,A,True,AAA,A/A/A
Pt6,P641,U,,,A,2082.0,2168.0,A,2081.0,2168.0,A,2082.0,2168.0,2,2-1 split,0.5793801642856949,A,True,AAU,U/A/A
Pt6,P642,P,,,P,,,P,,,P,,,1,3-0 unanimous,-0.0,P,True,PPP,P/P/P
Pt6,P643,A,2058.0,2078.0,A,2055.0,2122.0,A,2045.0,2122.0,A,2047.0,2122.0,1,3-0 unanimous,-0.0,A,True,AAA,A/A/A
Pt6,P646,P,,,P,,,P,,,P,,,1,3-0 unanimous,-0.0,P,True,PPP,P/P/P
Pt6,P649,A,2090.0,2136.0,A,2079.0,2156.0,A,2077.0,2135.0,A,2058.0,2156.0,1,3-0 unanimous,-0.0,A,True,AAA,A/A/A
Pt6,P650,U,,,A,2072.0,2162.0,A,2066.0,2157.0,A,2060.0,2162.0,2,2-1 split,0.5793801642856949,A,True,AAU,U/A/A
Pt6,P652,P,,,P,,,P,,,P,,,1,3-0 unanimous,-0.0,P,True,PPP,P/P/P
Pt6,P655,A,2082.0,2131.0,A,2072.0,2148.0,A,2062.0,2136.0,A,2062.0,2136.0,1,3-0 unanimous,-0.0,A,True,AAA,A/A/A
Pt6,P656,U,,,A,2076.0,2162.0,A,2084.0,2159.0,A,2059.0,2159.0,2,2-1 split,0.5793801642856949,A,True,AAU,U/A/A
Pt6,P657,A,2138.0,2175.0,A,2095.0,2179.0,A,2145.0,2182.0,P,,,1,3-0 unanimous,-0.0,A,False,AAA,A/A/A
Pt6,P661,P,,,P,,,P,,,P,,,1,3-0 unanimous,-0.0,P,True,PPP,P/P/P
Pt6,P665,A,2094.0,2140.0,A,2076.0,2150.0,A,2100.0,2141.0,A,2061.0,2150.0,1,3-0 unanimous,-0.0,A,True,AAA,A/A/A
Pt6,P666,U,,,A,2089.0,2163.0,A,2091.0,2167.0,A,2089.0,2167.0,2,2-1 split,0.5793801642856949,A,True,AAU,U/A/A
Pt6,P668,P,,,P,,,P,,,P,,,1,3-0 unanimous,-0.0,P,True,PPP,P/P/P
Pt6,P670,U,,,U,,,A,2059.0,2133.0,U,,,2,2-1 split,0.5793801642856949,U,True,AUU,U/U/A
Pt6,P671,A,2090.0,2146.0,A,2074.0,2154.0,A,2077.0,2161.0,A,2059.0,2161.0,1,3-0 unanimous,-0.0,A,True,AAA,A/A/A
Pt6,P677,U,,,A,2075.0,2179.0,A,2100.0,2177.0,A,2075.0,2177.0,2,2-1 split,0.5793801642856949,A,True,AAU,U/A/A
Pt6,P678,A,2103.0,2135.0,A,2095.0,2169.0,A,2095.0,2168.0,A,2095.0,2169.0,1,3-0 unanimous,-0.0,A,True,AAA,A/A/A
Pt6,P683,U,,,A,2087.0,2177.0,A,2101.0,2171.0,A,2076.0,2171.0,2,2-1 split,0.5793801642856949,A,True,AAU,U/A/A
Pt6,P684,A,2101.0,2129.0,A,2076.0,2171.0,A,2083.0,2168.0,A,2076.0,2168.0,1,3-0 unanimous,-0.0,A,True,AAA,A/A/A
Pt6,P687,A,2093.0,2125.0,A,2057.0,2140.0,A,2057.0,2142.0,U,,,1,3-0 unanimous,-0.0,A,False,AAA,A/A/A
Pt6,P688,A,2134.0,2162.0,U,,,A,2119.0,2190.0,A,2089.0,2190.0,2,2-1 split,0.5793801642856949,A,True,AAU,A/U/A
Pt6,P689,U,,,A,2085.0,2177.0,A,2100.0,2179.0,A,2100.0,2179.0,2,2-1 split,0.5793801642856949,A,True,AAU,U/A/A
Pt6,P690,U,,,A,2099.0,2178.0,A,2094.0,2170.0,A,2077.0,2178.0,2,2-1 split,0.5793801642856949,A,True,AAU,U/A/A
Pt6,P692,A,2077.0,2124.0,A,2065.0,2138.0,A,2069.0,2139.0,A,2077.0,2132.0,1,3-0 unanimous,-0.0,A,True,AAA,A/A/A
Pt6,P695,A,2139.0,2166.0,A,2126.0,2198.0,A,2121.0,2195.0,A,2126.0,2195.0,1,3-0 unanimous,-0.0,A,True,AAA,A/A/A
Pt6,P696,U,,,A,2122.0,2089.0,A,2082.0,2186.0,A,2082.0,2186.0,2,2-1 split,0.5793801642856949,A,True,AAU,U/A/A
Pt6,P697,U,,,A,2092.0,2171.0,A,2085.0,2172.0,A,2085.0,2172.0,2,2-1 split,0.5793801642856949,A,True,AAU,U/A/A
Pt6,P699,A,2133.0,2162.0,A,2097.0,2188.0,A,2118.0,2191.0,A,2097.0,2191.0,1,3-0 unanimous,-0.0,A,True,AAA,A/A/A
Pt6,P700,U,,,A,2081.0,2169.0,A,2105.0,2186.0,A,2081.0,2186.0,2,2-1 split,0.5793801642856949,A,True,AAU,U/A/A
Pt6,P701,A,2098.0,2128.0,A,2097.0,2165.0,A,2094.0,2167.0,A,2094.0,2167.0,1,3-0 unanimous,-0.0,A,True,AAA,A/A/A
Pt6,P703,A,2075.0,2123.0,A,2057.0,2148.0,A,2057.0,2138.0,A,2057.0,2138.0,1,3-0 unanimous,-0.0,A,True,AAA,A/A/A
Pt6,P704,U,,,A,2076.0,2170.0,A,2098.0,2186.0,A,2076.0,2186.0,2,2-1 split,0.5793801642856949,A,True,AAU,U/A/A
Pt6,P705,U,,,A,2093.0,2166.0,A,2082.0,2168.0,A,2082.0,2166.0,2,2-1 split,0.5793801642856949,A,True,AAU,U/A/A
Pt6,P707,A,2073.0,2091.0,A,2056.0,2142.0,A,2070.0,2155.0,A,2056.0,2142.0,1,3-0 unanimous,-0.0,A,True,AAA,A/A/A
Pt6,P710,A,2156.0,2165.0,A,2105.0,2189.0,A,2105.0,2191.0,A,2105.0,2191.0,1,3-0 unanimous,-0.0,A,True,AAA,A/A/A
Pt6,P718,A,2086.0,2128.0,A,2064.0,2139.0,A,2077.0,2140.0,A,2064.0,2140.0,1,3-0 unanimous,-0.0,A,True,AAA,A/A/A
Pt6,P719,A,2143.0,2166.0,A,2113.0,2196.0,A,2110.0,2191.0,A,2110.0,2191.0,1,3-0 unanimous,-0.0,A,True,AAA,A/A/A
Pt6,P720,U,,,A,2080.0,2180.0,A,2079.0,2190.0,A,2079.0,2190.0,2,2-1 split,0.5793801642856949,A,True,AAU,U/A/A
Pt6,P721,U,,,A,2080.0,2167.0,A,2088.0,2168.0,A,2080.0,2168.0,2,2-1 split,0.5793801642856949,A,True,AAU,U/A/A
Pt6,P722,P,,,U,,,U,,,P,,,2,2-1 split,0.5793801642856949,U,False,PUU,P/U/U
Pt6,P723,P,,,A,2060.0,2149.0,A,2061.0,2163.0,P,,,2,2-1 split,0.5793801642856949,A,False,AAP,P/A/A
Pt6,P724,U,,,A,2080.0,2150.0,A,2070.0,2164.0,A,2080.0,2135.0,2,2-1 split,0.5793801642856949,A,True,AAU,U/A/A
Pt6,P725,U,,,A,2085.0,2170.0,A,2079.0,2185.0,A,2079.0,2185.0,2,2-1 split,0.5793801642856949,A,True,AAU,U/A/A
Pt6,P728,A,2152.0,2166.0,U,,,A,2092.0,2169.0,A,2152.0,2166.0,2,2-1 split,0.5793801642856949,A,True,AAU,A/U/A
Pt6,P732,A,2156.0,2166.0,A,2102.0,2194.0,A,2107.0,2194.0,A,2156.0,2166.0,1,3-0 unanimous,-0.0,A,True,AAA,A/A/A
Pt6,P733,U,,,A,2083.0,2173.0,A,2099.0,2190.0,A,2083.0,2190.0,2,2-1 split,0.5793801642856949,A,True,AAU,U/A/A
Pt6,P734,U,,,A,2080.0,2167.0,A,2082.0,2167.0,A,2082.0,2167.0,2,2-1 split,0.5793801642856949,A,True,AAU,U/A/A
Pt6,P736,U,,,A,2074.0,2154.0,A,2060.0,2171.0,A,2074.0,2146.0,2,2-1 split,0.5793801642856949,A,True,AAU,U/A/A
Pt6,P737,A,2148.0,2167.0,A,2099.0,2200.0,A,2111.0,2201.0,A,2159.0,2169.0,1,3-0 unanimous,-0.0,A,True,AAA,A/A/A
Pt6,P738,U,,,A,2084.0,2177.0,A,2079.0,2191.0,A,2079.0,2191.0,2,2-1 split,0.5793801642856949,A,True,AAU,U/A/A
Pt6,P739,U,,,A,2087.0,2169.0,A,2076.0,2172.0,A,2081.0,2169.0,2,2-1 split,0.5793801642856949,A,True,AAU,U/A/A
Pt6,P742,U,,,A,2080.0,2179.0,A,2078.0,2183.0,A,2078.0,2179.0,2,2-1 split,0.5793801642856949,A,True,AAU,U/A/A
Pt6,P743,U,,,A,2080.0,2177.0,A,2080.0,2169.0,A,2080.0,2169.0,2,2-1 split,0.5793801642856949,A,True,AAU,U/A/A
Pt6,P744,A,2085.0,2099.0,A,2059.0,2140.0,A,2050.0,2168.0,U,,,1,3-0 unanimous,-0.0,A,False,AAA,A/A/A
Pt6,P745,A,2157.0,2170.0,A,2110.0,2194.0,A,2110.0,2189.0,A,2159.0,2170.0,1,3-0 unanimous,-0.0,A,True,AAA,A/A/A
Pt6,P746,U,,,A,2096.0,2189.0,A,2079.0,2189.0,A,2079.0,2189.0,2,2-1 split,0.5793801642856949,A,True,AAU,U/A/A
Pt6,P747,P,,,U,,,U,,,P,,,2,2-1 split,0.5793801642856949,U,False,PUU,P/U/U
Pt6,P749,A,2088.0,2106.0,U,,,A,2060.0,2140.0,U,,,2,2-1 split,0.5793801642856949,A,False,AAU,A/U/A
Pt6,P750,U,,,A,2087.0,2176.0,A,2080.0,2171.0,A,2080.0,2171.0,2,2-1 split,0.5793801642856949,A,True,AAU,U/A/A
Pt6,P753,A,2088.0,2103.0,A,2072.0,2146.0,A,2050.0,2166.0,U,,,1,3-0 unanimous,-0.0,A,False,AAA,A/A/A
Pt6,P754,A,2084.0,2119.0,A,2075.0,2142.0,A,2059.0,2161.0,A,2075.0,2161.0,1,3-0 unanimous,-0.0,A,True,AAA,A/A/A
Pt6,P755,U,,,A,2081.0,2165.0,A,2098.0,2173.0,A,2081.0,2165.0,2,2-1 split,0.5793801642856949,A,True,AAU,U/A/A
Pt6,P758,A,2086.0,2101.0,A,2060.0,2134.0,A,2057.0,2161.0,U,,,1,3-0 unanimous,-0.0,A,False,AAA,A/A/A
Pt6,P759,A,2090.0,2130.0,A,2070.0,2143.0,A,2058.0,2135.0,A,2058.0,2135.0,1,3-0 unanimous,-0.0,A,True,AAA,A/A/A
Pt6,P760,U,,,A,2083.0,2167.0,A,2097.0,2174.0,A,2083.0,2174.0,2,2-1 split,0.5793801642856949,A,True,AAU,U/A/A
Pt6,P761,U,,,A,2078.0,2151.0,A,2060.0,2168.0,A,2078.0,2168.0,2,2-1 split,0.5793801642856949,A,True,AAU,U/A/A
Pt6,P764,A,2088.0,2146.0,A,2060.0,2153.0,A,2065.0,2151.0,A,2060.0,2153.0,1,3-0 unanimous,-0.0,A,True,AAA,A/A/A
Pt6,P765,A,2088.0,2103.0,A,2061.0,2127.0,A,2059.0,2161.0,A,2061.0,2127.0,1,3-0 unanimous,-0.0,A,True,AAA,A/A/A
Pt6,P766,U,,,A,2076.0,2143.0,A,2076.0,2168.0,A,2076.0,2143.0,2,2-1 split,0.5793801642856949,A,True,AAU,U/A/A
Pt6,P781,A,2075.0,2109.0,A,2082.0,2153.0,A,2073.0,2170.0,A,2075.0,2170.0,1,3-0 unanimous,-0.0,A,True,AAA,A/A/A
Pt6,P782,A,2109.0,2140.0,A,2076.0,2151.0,A,2078.0,2153.0,A,2078.0,2151.0,1,3-0 unanimous,-0.0,A,True,AAA,A/A/A
Pt6,P788,A,2077.0,2119.0,A,2073.0,2148.0,A,2059.0,2137.0,A,2073.0,2137.0,1,3-0 unanimous,-0.0,A,True,AAA,A/A/A
Pt6,P789,A,2084.0,2143.0,A,2076.0,2155.0,A,2080.0,2161.0,A,2080.0,2155.0,1,3-0 unanimous,-0.0,A,True,AAA,A/A/A
Pt6,P790,A,2151.0,2174.0,A,2093.0,2176.0,U,,,U,,,2,2-1 split,0.5793801642856949,A,False,AAU,A/A/U
Pt6,P791,U,,,A,2118.0,2186.0,A,2120.0,2188.0,A,2120.0,2188.0,2,2-1 split,0.5793801642856949,A,True,AAU,U/A/A
Pt6,P793,A,2083.0,2118.0,A,2064.0,2154.0,A,2057.0,2149.0,A,2074.0,2137.0,1,3-0 unanimous,-0.0,A,True,AAA,A/A/A
Pt6,P794,A,2099.0,2138.0,A,2078.0,2151.0,A,2076.0,2151.0,A,2078.0,2144.0,1,3-0 unanimous,-0.0,A,True,AAA,A/A/A
Pt6,P804,A,2157.0,2174.0,A,2125.0,2176.0,U,,,A,2157.0,2174.0,2,2-1 split,0.5793801642856949,A,True,AAU,A/A/U
Pt6,P805,A,2156.0,2167.0,A,2126.0,2173.0,A,2123.0,2198.0,A,2126.0,2173.0,1,3-0 unanimous,-0.0,A,True,AAA,A/A/A
Pt6,P809,A,2073.0,2106.0,A,2066.0,2148.0,A,2064.0,2147.0,A,2066.0,2140.0,1,3-0 unanimous,-0.0,A,True,AAA,A/A/A
Pt6,P810,A,2104.0,2139.0,A,2086.0,2152.0,A,2081.0,2153.0,A,2081.0,2153.0,1,3-0 unanimous,-0.0,A,True,AAA,A/A/A
Pt6,P812,A,2148.0,2169.0,A,2108.0,2181.0,U,,,A,2148.0,2169.0,2,2-1 split,0.5793801642856949,A,True,AAU,A/A/U
Pt6,P813,A,2150.0,2165.0,A,2118.0,2183.0,A,2119.0,2199.0,A,2119.0,2199.0,1,3-0 unanimous,-0.0,A,True,AAA,A/A/A
Pt6,P814,A,2079.0,2109.0,A,2072.0,2138.0,A,2065.0,2172.0,A,2072.0,2139.0,1,3-0 unanimous,-0.0,A,True,AAA,A/A/A
Pt6,P815,A,2099.0,2129.0,A,2078.0,2148.0,A,2074.0,2149.0,A,2078.0,2148.0,1,3-0 unanimous,-0.0,A,True,AAA,A/A/A
Pt6,P851,P,,,P,,,P,,,P,,,1,3-0 unanimous,-0.0,P,True,PPP,P/P/P
Pt6,P853,A,2165.0,2176.0,A,2105.0,2185.0,A,2079.0,2177.0,A,2079.0,2177.0,1,3-0 unanimous,-0.0,A,True,AAA,A/A/A
Pt6,P854,A,2146.0,2156.0,A,2097.0,2163.0,A,2074.0,2176.0,A,2074.0,2176.0,1,3-0 unanimous,-0.0,A,True,AAA,A/A/A
Pt6,P856,P,,,U,,,P,,,P,,,2,2-1 split,0.5793801642856949,P,True,PPU,P/U/P
Pt6,P857,P,,,U,,,A,2056.0,2160.0,P,,,3,1-1-1 split,0.9999999999999998,,False,APU,P/U/A
Pt6,P858,P,,,P,,,P,,,P,,,1,3-0 unanimous,-0.0,P,True,PPP,P/P/P
Pt6,P859,P,,,U,,,P,,,P,,,2,2-1 split,0.5793801642856949,P,True,PPU,P/U/P
Pt6,P862,A,2093.0,2114.0,A,2056.0,2142.0,A,2055.0,2140.0,A,2056.0,2140.0,1,3-0 unanimous,-0.0,A,True,AAA,A/A/A
Pt6,P865,P,,,U,,,A,2053.0,2134.0,P,,,3,1-1-1 split,0.9999999999999998,,False,APU,P/U/A
Pt6,P866,P,,,U,,,P,,,P,,,2,2-1 split,0.5793801642856949,P,True,PPU,P/U/P
Pt6,P867,P,,,U,,,U,,,P,,,2,2-1 split,0.5793801642856949,U,False,PUU,P/U/U
Pt6,P869,A,2083.0,2108.0,A,2058.0,2147.0,A,2058.0,2139.0,A,2058.0,2139.0,1,3-0 unanimous,-0.0,A,True,AAA,A/A/A
Pt6,P873,P,,,A,2058.0,2138.0,A,2060.0,2136.0,P,,,2,2-1 split,0.5793801642856949,A,False,AAP,P/A/A
Pt6,P875,A,2109.0,2131.0,U,,,A,2076.0,2164.0,P,,,2,2-1 split,0.5793801642856949,A,False,AAU,A/U/A
Pt6,P876,P,,,U,,,A,2057.0,2133.0,P,,,3,1-1-1 split,0.9999999999999998,,False,APU,P/U/A
Pt6,P877,P,,,U,,,A,2059.0,2136.0,P,,,3,1-1-1 split,0.9999999999999998,,False,APU,P/U/A
Pt6,P878,A,2082.0,2104.0,A,2059.0,2137.0,A,2057.0,2136.0,A,2057.0,2137.0,1,3-0 unanimous,-0.0,A,True,AAA,A/A/A
Pt6,P880,P,,,U,,,A,2051.0,2125.0,P,,,3,1-1-1 split,0.9999999999999998,,False,APU,P/U/A
Pt6,P881,P,,,U,,,A,2057.0,2131.0,P,,,3,1-1-1 split,0.9999999999999998,,False,APU,P/U/A
Pt6,P882,P,,,U,,,P,,,P,,,2,2-1 split,0.5793801642856949,P,True,PPU,P/U/P
Pt6,P883,P,,,A,2060.0,2135.0,A,2060.0,2132.0,P,,,2,2-1 split,0.5793801642856949,A,False,AAP,P/A/A
Pt6,P884,U,,,A,2074.0,2141.0,A,2070.0,2130.0,U,,,2,2-1 split,0.5793801642856949,A,False,AAU,U/A/A
Pt6,P887,A,2083.0,2104.0,A,2058.0,2145.0,A,2057.0,2134.0,A,2057.0,2134.0,1,3-0 unanimous,-0.0,A,True,AAA,A/A/A
Pt6,P889,P,,,A,2052.0,2126.0,A,2046.0,2122.0,P,,,2,2-1 split,0.5793801642856949,A,False,AAP,P/A/A
Pt6,P891,A,2068.0,2096.0,A,2053.0,2139.0,A,2060.0,2132.0,A,2053.0,2132.0,1,3-0 unanimous,-0.0,A,True,AAA,A/A/A
Pt6,P893,P,,,U,,,P,,,P,,,2,2-1 split,0.5793801642856949,P,True,PPU,P/U/P
Pt6,P895,U,,,A,2090.0,2176.0,A,2071.0,2172.0,A,2071.0,2176.0,2,2-1 split,0.5793801642856949,A,True,AAU,U/A/A
Pt6,P896,P,,,U,,,P,,,P,,,2,2-1 split,0.5793801642856949,P,True,PPU,P/U/P
Pt6,P897,P,,,U,,,P,,,P,,,2,2-1 split,0.5793801642856949,P,True,PPU,P/U/P
Pt6,P900,A,2064.0,2111.0,A,2056.0,2146.0,A,2055.0,2134.0,A,2056.0,2134.0,1,3-0 unanimous,-0.0,A,True,AAA,A/A/A
Pt6,P902,P,,,U,,,P,,,P,,,2,2-1 split,0.5793801642856949,P,True,PPU,P/U/P
Pt6,P903,P,,,A,2066.0,2133.0,A,2050.0,2121.0,P,,,2,2-1 split,0.5793801642856949,A,False,AAP,P/A/A
Pt6,P904,P,,,U,,,U,,,P,,,2,2-1 split,0.5793801642856949,U,False,PUU,P/U/U
Pt6,P906,U,,,A,2095.0,2175.0,A,2079.0,2174.0,A,2079.0,2174.0,2,2-1 split,0.5793801642856949,A,True,AAU,U/A/A
Pt6,P907,A,2103.0,2125.0,A,2078.0,2161.0,A,2079.0,2163.0,A,2079.0,2163.0,1,3-0 unanimous,-0.0,A,True,AAA,A/A/A
Pt6,P908,A,2078.0,2126.0,A,2056.0,2149.0,A,2055.0,2136.0,A,2055.0,2149.0,1,3-0 unanimous,-0.0,A,True,AAA,A/A/A
Pt6,P909,A,2113.0,2148.0,U,,,A,2080.0,2162.0,P,,,2,2-1 split,0.5793801642856949,A,False,AAU,A/U/A
Pt6,P910,P,,,U,,,U,,,P,,,2,2-1 split,0.5793801642856949,U,False,PUU,P/U/U
Pt6,P912,P,,,U,,,P,,,P,,,2,2-1 split,0.5793801642856949,P,True,PPU,P/U/P
Pt6,P913,A,2070.0,2104.0,A,2060.0,2123.0,A,2057.0,2129.0,A,2057.0,2123.0,1,3-0 unanimous,-0.0,A,True,AAA,A/A/A
Pt6,P914,U,,,A,2095.0,2190.0,A,2076.0,2192.0,A,2076.0,2192.0,2,2-1 split,0.5793801642856949,A,True,AAU,U/A/A
Pt6,P915,A,2133.0,2148.0,U,,,U,,,P,,,2,2-1 split,0.5793801642856949,U,False,AUU,A/U/U
Pt6,P916,P,,,U,,,U,,,P,,,2,2-1 split,0.5793801642856949,U,False,PUU,P/U/U
Pt6,P919,A,2082.0,2104.0,A,2072.0,2137.0,A,2057.0,2146.0,A,2057.0,2146.0,1,3-0 unanimous,-0.0,A,True,AAA,A/A/A
Pt6,P920,A,2129.0,2148.0,U,,,A,2075.0,2155.0,P,,,2,2-1 split,0.5793801642856949,A,False,AAU,A/U/A
Pt6,P922,P,,,U,,,P,,,P,,,2,2-1 split,0.5793801642856949,P,True,PPU,P/U/P
Pt6,P926,U,,,A,2087.0,2189.0,A,2075.0,2187.0,A,2075.0,2189.0,2,2-1 split,0.5793801642856949,A,True,AAU,U/A/A
Pt6,P927,A,2103.0,2145.0,A,2078.0,2158.0,A,2068.0,2168.0,A,2078.0,2168.0,1,3-0 unanimous,-0.0,A,True,AAA,A/A/A
Pt6,P930,P,,,U,,,A,2049.0,2122.0,P,,,3,1-1-1 split,0.9999999999999998,,False,APU,P/U/A
Pt6,P931,P,,,U,,,A,2053.0,2125.0,P,,,3,1-1-1 split,0.9999999999999998,,False,APU,P/U/A
Pt6,P934,P,,,U,,,A,2035.0,2149.0,P,,,3,1-1-1 split,0.9999999999999998,,False,APU,P/U/A
Pt6,P935,P,,,U,,,A,2063.0,2151.0,P,,,3,1-1-1 split,0.9999999999999998,,False,APU,P/U/A
Pt6,P938,A,2083.0,2108.0,A,2065.0,2139.0,A,2057.0,2142.0,A,2057.0,2142.0,1,3-0 unanimous,-0.0,A,True,AAA,A/A/A
Pt6,P939,A,2111.0,2151.0,A,2080.0,2152.0,A,2079.0,2159.0,P,,,1,3-0 unanimous,-0.0,A,False,AAA,A/A/A
Pt6,P940,P,,,U,,,A,2039.0,2135.0,P,,,3,1-1-1 split,0.9999999999999998,,False,APU,P/U/A
Pt6,P941,A,2068.0,2091.0,A,2071.0,2139.0,A,2050.0,2150.0,U,,,1,3-0 unanimous,-0.0,A,False,AAA,A/A/A
Pt6,P943,U,,,A,2074.0,2157.0,A,2073.0,2165.0,A,2073.0,2165.0,2,2-1 split,0.5793801642856949,A,True,AAU,U/A/A
Pt6,P944,U,,,U,,,A,2043.0,2140.0,U,,,2,2-1 split,0.5793801642856949,U,True,AUU,U/U/A
Pt6,P945,P,,,U,,,A,2064.0,2149.0,P,,,3,1-1-1 split,0.9999999999999998,,False,APU,P/U/A
Pt6,P947,A,2088.0,2104.0,A,2065.0,2141.0,A,2057.0,2140.0,A,2057.0,2140.0,1,3-0 unanimous,-0.0,A,True,AAA,A/A/A
Pt6,P955,A,2083.0,2119.0,A,2054.0,2120.0,A,2027.0,2120.0,U,,,1,3-0 unanimous,-0.0,A,False,AAA,A/A/A
Pt6,P960,U,,,A,2083.0,2146.0,A,2076.0,2160.0,U,,,2,2-1 split,0.5793801642856949,A,False,AAU,U/A/A
Pt6,P966,A,2098.0,2182.0,A,2082.0,2198.0,A,2077.0,2195.0,A,2077.0,2198.0,1,3-0 unanimous,-0.0,A,True,AAA,A/A/A
Pt6,P970,A,2096.0,2182.0,A,2070.0,2185.0,A,2082.0,2197.0,A,2082.0,2187.0,1,3-0 unanimous,-0.0,A,True,AAA,A/A/A
Pt6,P973,A,2099.0,2190.0,A,2079.0,2196.0,A,2077.0,2195.0,A,2077.0,2196.0,1,3-0 unanimous,-0.0,A,True,AAA,A/A/A
Pt6,P985,A,2099.0,2196.0,A,2077.0,2188.0,A,2081.0,2199.0,A,2081.0,2196.0,1,3-0 unanimous,-0.0,A,True,AAA,A/A/A
Pt6,P986,A,2086.0,2108.0,A,2082.0,2151.0,A,2074.0,2162.0,U,,,1,3-0 unanimous,-0.0,A,False,AAA,A/A/A
Pt6,P988,A,2098.0,2194.0,A,2075.0,2191.0,A,2072.0,2196.0,A,2075.0,2194.0,1,3-0 unanimous,-0.0,A,True,AAA,A/A/A
Pt6,P990,A,2016.0,2049.0,U,,,A,2004.0,2098.0,A,2004.0,2098.0,2,2-1 split,0.5793801642856949,A,True,AAU,A/U/A
Pt6,P1001,U,,,A,2040.0,2210.0,A,2036.0,2220.0,A,2036.0,2220.0,2,2-1 split,0.5793801642856949,A,True,AAU,U/A/A
Pt6,P1003,U,,,U,,,U,,,U,,,1,3-0 unanimous,-0.0,U,True,UUU,U/U/U
Pt6,P1004,P,,,P,,,P,,,P,,,1,3-0 unanimous,-0.0,P,True,PPP,P/P/P
Pt6,P1006,P,,,P,,,P,,,P,,,1,3-0 unanimous,-0.0,P,True,PPP,P/P/P
Pt6,P1014,A,2021.0,2055.0,U,,,U,,,U,,,2,2-1 split,0.5793801642856949,U,True,AUU,A/U/U
Pt6,P1017,U,,,U,,,U,,,U,,,1,3-0 unanimous,-0.0,U,True,UUU,U/U/U
Pt6,P1021,U,,,U,,,P,,,P,,,2,2-1 split,0.5793801642856949,U,False,PUU,U/U/P
Pt6,P1023,U,,,U,,,U,,,U,,,1,3-0 unanimous,-0.0,U,True,UUU,U/U/U
Pt6,P1025,A,1953.0,2072.0,U,,,A,1959.0,2080.0,A,1953.0,2080.0,2,2-1 split,0.5793801642856949,A,True,AAU,A/U/A
Pt6,P1027,A,2089.0,2114.0,A,2053.0,2128.0,A,2001.0,2125.0,A,2001.0,2125.0,1,3-0 unanimous,-0.0,A,True,AAA,A/A/A
Pt6,P1028,A,2093.0,2114.0,A,2085.0,2118.0,A,2095.0,2116.0,A,2097.0,2114.0,1,3-0 unanimous,-0.0,A,True,AAA,A/A/A
Pt6,P1030,A,2064.0,2093.0,A,2059.0,2124.0,U,,,A,2059.0,2124.0,2,2-1 split,0.5793801642856949,A,True,AAU,A/A/U
Pt6,P1031,U,,,A,2048.0,2180.0,A,2040.0,2165.0,A,1999.0,2180.0,2,2-1 split,0.5793801642856949,A,True,AAU,U/A/A
Pt6,P1041,U,,,U,,,A,1980.0,2047.0,A,1980.0,2047.0,2,2-1 split,0.5793801642856949,U,False,AUU,U/U/A
Pt6,P1042,A,2045.0,2072.0,U,,,P,,,U,,,3,1-1-1 split,0.9999999999999998,,False,APU,A/U/P
Pt6,P1043,U,,,A,2074.0,2188.0,A,2074.0,2196.0,A,2074.0,2196.0,2,2-1 split,0.5793801642856949,A,True,AAU,U/A/A
Pt6,P1044,U,,,U,,,U,,,U,,,1,3-0 unanimous,-0.0,U,True,UUU,U/U/U
Pt6,P1046,A,1988.0,2036.0,U,,,U,,,U,,,2,2-1 split,0.5793801642856949,U,True,AUU,A/U/U
Pt6,P1049,A,2093.0,2110.0,A,2095.0,2122.0,A,2058.0,2124.0,A,2095.0,2122.0,1,3-0 unanimous,-0.0,A,True,AAA,A/A/A
Pt6,P1050,U,,,A,2064.0,2122.0,A,2065.0,2121.0,A,2065.0,2121.0,2,2-1 split,0.5793801642856949,A,True,AAU,U/A/A
Pt6,P1051,A,1979.0,2039.0,U,,,A,1976.0,2069.0,U,,,2,2-1 split,0.5793801642856949,A,False,AAU,A/U/A
Pt6,P1052,U,,,A,2058.0,2089.0,A,2047.0,2074.0,A,2058.0,2074.0,2,2-1 split,0.5793801642856949,A,True,AAU,U/A/A
Pt6,P1053,U,,,A,2098.0,2180.0,A,2077.0,2170.0,A,2098.0,2180.0,2,2-1 split,0.5793801642856949,A,True,AAU,U/A/A
Pt6,P1054,A,1990.0,2043.0,U,,,U,,,U,,,2,2-1 split,0.5793801642856949,U,True,AUU,A/U/U
Pt6,P1055,A,2038.0,2075.0,A,2045.0,2088.0,A,2044.0,2085.0,A,2038.0,2085.0,1,3-0 unanimous,-0.0,A,True,AAA,A/A/A
Pt6,P1056,A,2093.0,2124.0,A,2091.0,2177.0,A,2088.0,2173.0,A,2091.0,2177.0,1,3-0 unanimous,-0.0,A,True,AAA,A/A/A
Pt6,P1067,U,,,U,,,A,1980.0,2126.0,A,1980.0,2126.0,2,2-1 split,0.5793801642856949,U,False,AUU,U/U/A
Pt6,P1069,U,,,U,,,P,,,U,,,2,2-1 split,0.5793801642856949,U,True,PUU,U/U/P
Pt6,P1070,A,2047.0,2075.0,A,2047.0,2080.0,A,2041.0,2097.0,A,2047.0,2080.0,1,3-0 unanimous,-0.0,A,True,AAA,A/A/A
Pt6,P1071,A,2093.0,2121.0,A,2097.0,2169.0,A,2028.0,2163.0,A,2028.0,2169.0,1,3-0 unanimous,-0.0,A,True,AAA,A/A/A
Pt6,P1073,A,2095.0,2109.0,A,2094.0,2112.0,A,2092.0,2125.0,A,2095.0,2112.0,1,3-0 unanimous,-0.0,A,True,AAA,A/A/A
Pt6,P1075,A,1981.0,2047.0,U,,,A,1973.0,2059.0,U,,,2,2-1 split,0.5793801642856949,A,False,AAU,A/U/A
Pt6,P1076,A,2042.0,2068.0,A,2044.0,2074.0,A,2040.0,2074.0,A,2044.0,2074.0,1,3-0 unanimous,-0.0,A,True,AAA,A/A/A
Pt6,P1078,A,2099.0,2117.0,A,2101.0,2127.0,A,2097.0,2129.0,A,2099.0,2127.0,1,3-0 unanimous,-0.0,A,True,AAA,A/A/A
Pt6,P1079,A,1993.0,2047.0,U,,,U,,,U,,,2,2-1 split,0.5793801642856949,U,True,AUU,A/U/U
Pt6,P1080,A,2047.0,2075.0,A,2047.0,2072.0,A,2048.0,2076.0,A,2048.0,2072.0,1,3-0 unanimous,-0.0,A,True,AAA,A/A/A
Pt6,P1081,A,2095.0,2138.0,A,2097.0,2181.0,A,2079.0,2166.0,A,2062.0,2199.0,1,3-0 unanimous,-0.0,A,True,AAA,A/A/A
Pt6,P1082,A,2096.0,2110.0,A,2095.0,2119.0,A,2097.0,2133.0,A,2099.0,2128.0,1,3-0 unanimous,-0.0,A,True,AAA,A/A/A
Pt6,P1083,A,1982.0,2039.0,U,,,U,,,U,,,2,2-1 split,0.5793801642856949,U,True,AUU,A/U/U
Pt6,P1084,U,,,U,,,U,,,U,,,1,3-0 unanimous,-0.0,U,True,UUU,U/U/U
Pt6,P1085,A,2089.0,2138.0,A,2088.0,2184.0,A,2029.0,2163.0,A,2065.0,2202.0,1,3-0 unanimous,-0.0,A,True,AAA,A/A/A
Pt6,P1096,A,1988.0,2028.0,P,,,A,1977.0,2066.0,A,2015.0,2045.0,2,2-1 split,0.5793801642856949,A,True,AAP,A/P/A
Pt6,P1097,A,2028.0,2067.0,A,2032.0,2086.0,A,2027.0,2079.0,A,2028.0,2079.0,1,3-0 unanimous,-0.0,A,True,AAA,A/A/A
Pt6,P1098,A,2023.0,2081.0,A,2062.0,2107.0,U,,,A,2062.0,2107.0,2,2-1 split,0.5793801642856949,A,True,AAU,A/A/U
Pt6,P1104,U,,,U,,,A,2075.0,2131.0,A,2090.0,2131.0,2,2-1 split,0.5793801642856949,U,False,AUU,U/U/A
Pt6,P1107,A,1998.0,2039.0,U,,,U,,,U,,,2,2-1 split,0.5793801642856949,U,True,AUU,A/U/U
Pt6,P1110,A,2096.0,2117.0,A,2097.0,2128.0,A,2097.0,2132.0,A,2097.0,2132.0,1,3-0 unanimous,-0.0,A,True,AAA,A/A/A
Pt6,P1111,A,2050.0,2093.0,A,2050.0,2103.0,A,2054.0,2098.0,A,2051.0,2093.0,1,3-0 unanimous,-0.0,A,True,AAA,A/A/A
Pt6,P1112,A,2072.0,2096.0,A,2074.0,2111.0,A,2064.0,2114.0,A,2064.0,2111.0,1,3-0 unanimous,-0.0,A,True,AAA,A/A/A
Pt6,P1113,A,2064.0,2099.0,A,2065.0,2098.0,A,2063.0,2103.0,A,2063.0,2103.0,1,3-0 unanimous,-0.0,A,True,AAA,A/A/A
Pt6,P1114,U,,,A,2096.0,2163.0,A,2095.0,2172.0,A,2095.0,2172.0,2,2-1 split,0.5793801642856949,A,True,AAU,U/A/A
Pt6,P1116,A,2047.0,2085.0,A,2047.0,2104.0,A,2050.0,2088.0,A,2050.0,2104.0,1,3-0 unanimous,-0.0,A,True,AAA,A/A/A
Pt6,P1117,A,2074.0,2095.0,A,2064.0,2107.0,A,2060.0,2102.0,A,2062.0,2102.0,1,3-0 unanimous,-0.0,A,True,AAA,A/A/A
Pt6,P1118,U,,,U,,,A,2090.0,2128.0,A,2090.0,2158.0,2,2-1 split,0.5793801642856949,U,False,AUU,U/U/A
Pt6,P1119,A,2091.0,2109.0,A,2091.0,2111.0,A,2096.0,2122.0,A,2097.0,2122.0,1,3-0 unanimous,-0.0,A,True,AAA,A/A/A
Pt6,P1120,U,,,A,2043.0,2110.0,A,1992.0,2110.0,A,2043.0,2119.0,2,2-1 split,0.5793801642856949,A,True,AAU,U/A/A
Pt6,P1121,A,2075.0,2099.0,A,2061.0,2111.0,A,2076.0,2101.0,A,2063.0,2101.0,1,3-0 unanimous,-0.0,A,True,AAA,A/A/A
Pt6,P1122,U,,,A,2091.0,2158.0,A,2093.0,2129.0,A,2094.0,2158.0,2,2-1 split,0.5793801642856949,A,True,AAU,U/A/A
Pt6,P1123,A,2064.0,2106.0,U,,,A,1997.0,2107.0,A,2064.0,2107.0,2,2-1 split,0.5793801642856949,A,True,AAU,A/U/A
Pt6,P1124,A,2047.0,2080.0,A,2051.0,2099.0,A,2047.0,2101.0,A,2047.0,2099.0,1,3-0 unanimous,-0.0,A,True,AAA,A/A/A
Pt6,P1125,A,2068.0,2095.0,A,2067.0,2110.0,A,2060.0,2103.0,A,2060.0,2110.0,1,3-0 unanimous,-0.0,A,True,AAA,A/A/A
Pt6,P1126,A,2060.0,2089.0,A,2059.0,2101.0,A,2056.0,2103.0,A,2059.0,2103.0,1,3-0 unanimous,-0.0,A,True,AAA,A/A/A
Pt6,P1127,U,,,A,2093.0,2157.0,A,2088.0,2126.0,A,2088.0,2157.0,2,2-1 split,0.5793801642856949,A,True,AAU,U/A/A
Pt6,P1128,A,2053.0,2100.0,A,2053.0,2110.0,A,2047.0,2107.0,A,2049.0,2110.0,1,3-0 unanimous,-0.0,A,True,AAA,A/A/A
Pt6,P1129,A,2063.0,2093.0,A,2072.0,2105.0,A,2059.0,2111.0,A,2059.0,2111.0,1,3-0 unanimous,-0.0,A,True,AAA,A/A/A
Pt6,P1130,A,2064.0,2093.0,A,2065.0,2089.0,A,2061.0,2102.0,A,2061.0,2102.0,1,3-0 unanimous,-0.0,A,True,AAA,A/A/A
Pt6,P1131,U,,,A,2089.0,2163.0,A,2092.0,2128.0,A,2092.0,2163.0,2,2-1 split,0.5793801642856949,A,True,AAU,U/A/A
Pt6,P1132,A,2053.0,2091.0,A,2056.0,2093.0,A,2052.0,2095.0,A,2056.0,2093.0,1,3-0 unanimous,-0.0,A,True,AAA,A/A/A
Pt6,P1133,A,2070.0,2096.0,A,2069.0,2105.0,A,2075.0,2102.0,A,2060.0,2105.0,1,3-0 unanimous,-0.0,A,True,AAA,A/A/A
Pt6,P1134,A,2067.0,2100.0,A,2065.0,2101.0,A,2063.0,2099.0,A,2063.0,2101.0,1,3-0 unanimous,-0.0,A,True,AAA,A/A/A
Pt6,P1135,U,,,A,2093.0,2173.0,A,2091.0,2166.0,A,2093.0,2166.0,2,2-1 split,0.5793801642856949,A,True,AAU,U/A/A
Pt6,P1138,A,2049.0,2100.0,A,2050.0,2107.0,A,2047.0,2108.0,A,2050.0,2111.0,1,3-0 unanimous,-0.0,A,True,AAA,A/A/A
Pt6,P1140,A,2070.0,2091.0,A,2063.0,2101.0,A,2060.0,2101.0,A,2060.0,2101.0,1,3-0 unanimous,-0.0,A,True,AAA,A/A/A
Pt6,P1142,A,2064.0,2093.0,A,2061.0,2096.0,A,2061.0,2105.0,A,2062.0,2108.0,1,3-0 unanimous,-0.0,A,True,AAA,A/A/A
Pt6,P1144,U,,,A,2092.0,2162.0,A,2090.0,2130.0,A,2090.0,2162.0,2,2-1 split,0.5793801642856949,A,True,AAU,U/A/A
Pt6,P1149,A,2014.0,2075.0,U,,,A,2048.0,2083.0,A,2049.0,2080.0,2,2-1 split,0.5793801642856949,A,True,AAU,A/U/A
Pt6,P1155,A,2045.0,2081.0,U,,,A,2042.0,2084.0,A,2053.0,2081.0,2,2-1 split,0.5793801642856949,A,True,AAU,A/U/A
Pt6,P1160,A,2072.0,2100.0,A,2068.0,2109.0,A,2070.0,2110.0,A,2072.0,2109.0,1,3-0 unanimous,-0.0,A,True,AAA,A/A/A
Pt6,P1161,A,2053.0,2075.0,A,2052.0,2090.0,A,2050.0,2077.0,A,2052.0,2090.0,1,3-0 unanimous,-0.0,A,True,AAA,A/A/A
Pt6,P1162,A,2068.0,2091.0,A,2078.0,2093.0,A,2078.0,2100.0,A,2078.0,2100.0,1,3-0 unanimous,-0.0,A,True,AAA,A/A/A
Pt6,P1172,A,2052.0,2120.0,A,2104.0,2134.0,A,2061.0,2119.0,A,2057.0,2120.0,1,3-0 unanimous,-0.0,A,True,AAA,A/A/A
Pt6,P1181,A,2072.0,2100.0,A,2066.0,2098.0,A,2063.0,2104.0,A,2055.0,2104.0,1,3-0 unanimous,-0.0,A,True,AAA,A/A/A
Pt6,P1182,A,2031.0,2064.0,A,2052.0,2064.0,A,2042.0,2074.0,A,2031.0,2074.0,1,3-0 unanimous,-0.0,A,True,AAA,A/A/A
Pt6,P1183,U,,,A,2048.0,2078.0,A,2049.0,2080.0,A,2049.0,2078.0,2,2-1 split,0.5793801642856949,A,True,AAU,U/A/A
Pt6,P1186,A,2078.0,2117.0,A,2069.0,2113.0,A,2067.0,2116.0,A,2067.0,2117.0,1,3-0 unanimous,-0.0,A,True,AAA,A/A/A
Pt6,P1187,A,2067.0,2081.0,A,2064.0,2080.0,A,2065.0,2092.0,A,2061.0,2092.0,1,3-0 unanimous,-0.0,A,True,AAA,A/A/A
Pt6,P1188,A,2011.0,2117.0,A,2103.0,2115.0,A,2058.0,2121.0,A,2048.0,2121.0,1,3-0 unanimous,-0.0,A,True,AAA,A/A/A
Pt6,P1189,A,2068.0,2106.0,A,2073.0,2111.0,A,2070.0,2113.0,A,2059.0,2113.0,1,3-0 unanimous,-0.0,A,True,AAA,A/A/A
Pt6,P1190,A,2036.0,2068.0,A,2046.0,2077.0,A,2048.0,2071.0,A,2036.0,2077.0,1,3-0 unanimous,-0.0,A,True,AAA,A/A/A
Pt6,P1191,U,,,A,2051.0,2083.0,A,2049.0,2084.0,A,2051.0,2083.0,2,2-1 split,0.5793801642856949,A,True,AAU,U/A/A
Pt6,P1193,A,2075.0,2107.0,A,2069.0,2113.0,A,2067.0,2114.0,A,2054.0,2114.0,1,3-0 unanimous,-0.0,A,True,AAA,A/A/A
Pt6,P1194,A,2064.0,2081.0,A,2069.0,2110.0,A,2068.0,2108.0,A,2052.0,2110.0,1,3-0 unanimous,-0.0,A,True,AAA,A/A/A
Pt6,P1195,A,2174.0,2213.0,A,2179.0,2225.0,A,2179.0,2215.0,A,2179.0,2233.0,1,3-0 unanimous,-0.0,A,True,AAA,A/A/A
Pt6,P1197,A,2059.0,2121.0,U,,,A,2048.0,2135.0,A,2048.0,2135.0,2,2-1 split,0.5793801642856949,A,True,AAU,A/U/A
Pt6,P1198,A,2053.0,2080.0,A,2051.0,2083.0,A,2048.0,2140.0,A,2053.0,2083.0,1,3-0 unanimous,-0.0,A,True,AAA,A/A/A
Pt6,P1200,A,2007.0,2125.0,U,,,U,,,U,,,2,2-1 split,0.5793801642856949,U,True,AUU,A/U/U
Pt6,P1201,U,,,U,,,U,,,U,,,1,3-0 unanimous,-0.0,U,True,UUU,U/U/U
Pt6,P1202,A,2047.0,2068.0,A,2049.0,2078.0,A,2045.0,2071.0,A,2049.0,2068.0,1,3-0 unanimous,-0.0,A,True,AAA,A/A/A
Pt6,P1206,A,2067.0,2112.0,A,2072.0,2126.0,A,2065.0,2127.0,A,2065.0,2120.0,1,3-0 unanimous,-0.0,A,True,AAA,A/A/A
Pt6,P1207,U,,,U,,,U,,,U,,,1,3-0 unanimous,-0.0,U,True,UUU,U/U/U
Pt6,P1208,A,2183.0,2215.0,A,2181.0,2221.0,A,2181.0,2219.0,A,2183.0,2221.0,1,3-0 unanimous,-0.0,A,True,AAA,A/A/A
Pt6,P1217,U,,,U,,,U,,,U,,,1,3-0 unanimous,-0.0,U,True,UUU,U/U/U
Pt6,P1218,A,2100.0,2132.0,U,,,U,,,A,2100.0,2194.0,2,2-1 split,0.5793801642856949,U,False,AUU,A/U/U
Pt6,P1219,A,2095.0,2131.0,U,,,U,,,A,2079.0,2199.0,2,2-1 split,0.5793801642856949,U,False,AUU,A/U/U
Pt6,P1220,A,2096.0,2132.0,U,,,U,,,A,2085.0,2172.0,2,2-1 split,0.5793801642856949,U,False,AUU,A/U/U
Pt6,P1221,U,,,A,2103.0,2194.0,A,2101.0,2189.0,A,2101.0,2197.0,2,2-1 split,0.5793801642856949,A,True,AAU,U/A/A
Pt6,P1223,U,,,A,2086.0,2172.0,A,2106.0,2172.0,A,2086.0,2172.0,2,2-1 split,0.5793801642856949,A,True,AAU,U/A/A
Pt6,P1224,A,2103.0,2137.0,U,,,A,2119.0,2169.0,A,2080.0,2169.0,2,2-1 split,0.5793801642856949,A,True,AAU,A/U/A
Pt6,P1239,P,,,U,,,U,,,P,,,2,2-1 split,0.5793801642856949,U,False,PUU,P/U/U
Pt6,P1240,A,2096.0,2117.0,A,2095.0,2146.0,A,2092.0,2152.0,A,2079.0,2152.0,1,3-0 unanimous,-0.0,A,True,AAA,A/A/A
Pt6,P1248,U,,,U,,,U,,,U,,,1,3-0 unanimous,-0.0,U,True,UUU,U/U/U
Pt6,P1253,A,2132.0,2209.0,U,,,A,2127.0,2220.0,A,2130.0,2220.0,2,2-1 split,0.5793801642856949,A,True,AAU,A/U/A
Pt6,P1254,U,,,U,,,U,,,U,,,1,3-0 unanimous,-0.0,U,True,UUU,U/U/U
Pt6,P1255,A,2117.0,2146.0,U,,,A,2113.0,2171.0,A,2106.0,2171.0,2,2-1 split,0.5793801642856949,A,True,AAU,A/U/A
Pt6,P1256,U,,,U,,,U,,,U,,,1,3-0 unanimous,-0.0,U,True,UUU,U/U/U
Pt6,P1258,U,,,U,,,U,,,U,,,1,3-0 unanimous,-0.0,U,True,UUU,U/U/U
Pt6,P1261,A,2095.0,2131.0,U,,,U,,,U,,,2,2-1 split,0.5793801642856949,U,True,AUU,A/U/U
Pt6,P1265,U,,,U,,,U,,,U,,,1,3-0 unanimous,-0.0,U,True,UUU,U/U/U
Pt6,P1270,U,,,A,2025.0,2136.0,A,2036.0,2133.0,A,2025.0,2136.0,2,2-1 split,0.5793801642856949,A,True,AAU,U/A/A
Pt6,P1271,A,2100.0,2138.0,A,2070.0,2146.0,A,2099.0,2140.0,A,2055.0,2146.0,1,3-0 unanimous,-0.0,A,True,AAA,A/A/A
Pt6,P1272,U,,,U,,,A,2073.0,2145.0,A,2029.0,2145.0,2,2-1 split,0.5793801642856949,U,False,AUU,U/U/A
Pt6,P1273,A,2103.0,2129.0,U,,,A,2099.0,2139.0,A,2101.0,2139.0,2,2-1 split,0.5793801642856949,A,True,AAU,A/U/A
Pt6,P1274,U,,,U,,,A,2075.0,2152.0,A,2019.0,2152.0,2,2-1 split,0.5793801642856949,U,False,AUU,U/U/A
Pt6,P1286,U,,,U,,,U,,,U,,,1,3-0 unanimous,-0.0,U,True,UUU,U/U/U
Pt6,P1289,U,,,U,,,U,,,A,2066.0,2156.0,1,3-0 unanimous,-0.0,U,False,UUU,U/U/U
Pt6,P1290,A,2042.0,2078.0,U,,,A,2041.0,2124.0,A,2041.0,2124.0,2,2-1 split,0.5793801642856949,A,True,AAU,A/U/A
Pt6,P1291,A,2079.0,2124.0,U,,,A,2067.0,2126.0,U,,,2,2-1 split,0.5793801642856949,A,False,AAU,A/U/A
Pt6,P1294,A,2099.0,2150.0,U,,,U,,,A,2057.0,2167.0,2,2-1 split,0.5793801642856949,U,False,AUU,A/U/U
Pt6,P1295,A,2081.0,2112.0,U,,,A,2063.0,2129.0,A,2063.0,2129.0,2,2-1 split,0.5793801642856949,A,True,AAU,A/U/A
Pt6,P1296,U,,,U,,,A,2062.0,2135.0,A,2054.0,2135.0,2,2-1 split,0.5793801642856949,U,False,AUU,U/U/A
Pt6,P1299,U,,,U,,,U,,,U,,,1,3-0 unanimous,-0.0,U,True,UUU,U/U/U
Pt6,P1300,U,,,U,,,A,2024.0,2114.0,A,2024.0,2151.0,2,2-1 split,0.5793801642856949,U,False,AUU,U/U/A
Pt6,P1301,U,,,U,,,A,2058.0,2126.0,A,2058.0,2129.0,2,2-1 split,0.5793801642856949,U,False,AUU,U/U/A
Pt6,P1302,U,,,U,,,A,2029.0,2137.0,A,2029.0,2137.0,2,2-1 split,0.5793801642856949,U,False,AUU,U/U/A
Pt6,P1303,A,2002.0,2064.0,U,,,A,2007.0,2095.0,A,2002.0,2095.0,2,2-1 split,0.5793801642856949,A,True,AAU,A/U/A
Pt6,P1305,U,,,U,,,U,,,U,,,1,3-0 unanimous,-0.0,U,True,UUU,U/U/U
Pt6,P1306,A,2091.0,2129.0,U,,,A,2063.0,2147.0,A,2063.0,2147.0,2,2-1 split,0.5793801642856949,A,True,AAU,A/U/A
Pt6,P1308,U,,,U,,,U,,,U,,,1,3-0 unanimous,-0.0,U,True,UUU,U/U/U
Pt6,P1309,A,2079.0,2129.0,U,,,A,2069.0,2133.0,U,,,2,2-1 split,0.5793801642856949,A,False,AAU,A/U/A
Pt6,P1310,A,2089.0,2117.0,U,,,A,2061.0,2132.0,A,2061.0,2132.0,2,2-1 split,0.5793801642856949,A,True,AAU,A/U/A
Pt6,P1311,A,2096.0,2129.0,U,,,A,2063.0,2137.0,A,2063.0,2137.0,2,2-1 split,0.5793801642856949,A,True,AAU,A/U/A
Pt6,P1315,U,,,U,,,U,,,U,,,1,3-0 unanimous,-0.0,U,True,UUU,U/U/U
Pt6,P1316,U,,,U,,,U,,,A,2070.0,2152.0,1,3-0 unanimous,-0.0,U,False,UUU,U/U/U
Pt6,P1321,A,2068.0,2132.0,A,2037.0,2162.0,A,2062.0,2157.0,U,,,1,3-0 unanimous,-0.0,A,False,AAA,A/A/A
Pt6,P1324,P,,,P,,,P,,,P,,,1,3-0 unanimous,-0.0,P,True,PPP,P/P/P
Pt6,P1325,U,,,A,2071.0,2153.0,A,2068.0,2157.0,A,2068.0,2153.0,2,2-1 split,0.5793801642856949,A,True,AAU,U/A/A
Pt6,P1326,U,,,U,,,U,,,U,,,1,3-0 unanimous,-0.0,U,True,UUU,U/U/U
Pt6,P1330,P,,,U,,,P,,,P,,,2,2-1 split,0.5793801642856949,P,True,PPU,P/U/P
Pt6,P1331,U,,,U,,,U,,,A,2069.0,2153.0,1,3-0 unanimous,-0.0,U,False,UUU,U/U/U
Pt6,P1332,A,2053.0,2121.0,U,,,A,2059.0,2130.0,A,2053.0,2130.0,2,2-1 split,0.5793801642856949,A,True,AAU,A/U/A
Pt6,P1335,A,2081.0,2148.0,A,2082.0,2170.0,A,2074.0,2158.0,A,2074.0,2158.0,1,3-0 unanimous,-0.0,A,True,AAA,A/A/A
Pt6,P1339,P,,,P,,,P,,,P,,,1,3-0 unanimous,-0.0,P,True,PPP,P/P/P
Pt6,P1340,A,2121.0,2157.0,U,,,A,2073.0,2154.0,A,2073.0,2154.0,2,2-1 split,0.5793801642856949,A,True,AAU,A/U/A
Pt6,P1341,U,,,A,2069.0,2107.0,A,2057.0,2133.0,A,2059.0,2133.0,2,2-1 split,0.5793801642856949,A,True,AAU,U/A/A
Pt6,P1344,A,2070.0,2096.0,U,,,P,,,P,,,3,1-1-1 split,0.9999999999999998,,False,APU,A/U/P
Pt6,P1345,A,2117.0,2169.0,A,2080.0,2160.0,A,2070.0,2157.0,A,2070.0,2157.0,1,3-0 unanimous,-0.0,A,True,AAA,A/A/A
Pt6,P1347,A,2142.0,2228.0,U,,,A,2118.0,2259.0,U,,,2,2-1 split,0.5793801642856949,A,False,AAU,A/U/A
Pt6,P1348,A,2072.0,2095.0,U,,,P,,,P,,,3,1-1-1 split,0.9999999999999998,,False,APU,A/U/P
Pt6,P1349,A,2060.0,2141.0,A,2063.0,2146.0,A,2040.0,2142.0,A,2040.0,2146.0,1,3-0 unanimous,-0.0,A,True,AAA,A/A/A
Pt6,P1353,A,2107.0,2157.0,A,2076.0,2155.0,U,,,A,2076.0,2155.0,2,2-1 split,0.5793801642856949,A,True,AAU,A/A/U
Pt6,P1354,U,,,U,,,A,2032.0,2133.0,A,2032.0,2133.0,2,2-1 split,0.5793801642856949,U,False,AUU,U/U/A
Pt6,P1356,A,2013.0,2114.0,A,2091.0,2113.0,A,2000.0,2119.0,A,2000.0,2119.0,1,3-0 unanimous,-0.0,A,True,AAA,A/A/A
Pt6,P1357,A,2068.0,2096.0,U,,,P,,,P,,,3,1-1-1 split,0.9999999999999998,,False,APU,A/U/P
Pt6,P1359,A,2072.0,2103.0,U,,,P,,,P,,,3,1-1-1 split,0.9999999999999998,,False,APU,A/U/P
Pt6,P1360,A,2063.0,2141.0,A,2075.0,2145.0,A,2037.0,2153.0,A,2037.0,2153.0,1,3-0 unanimous,-0.0,A,True,AAA,A/A/A
Pt6,P1365,A,2153.0,2228.0,U,,,A,2119.0,2267.0,U,,,2,2-1 split,0.5793801642856949,A,False,AAU,A/U/A
Pt6,P1371,A,2150.0,2227.0,U,,,A,2119.0,2256.0,U,,,2,2-1 split,0.5793801642856949,A,False,AAU,A/U/A
Pt6,P1372,A,2074.0,2096.0,U,,,P,,,P,,,3,1-1-1 split,0.9999999999999998,,False,APU,A/U/P
Pt6,P1374,A,2080.0,2096.0,U,,,P,,,P,,,3,1-1-1 split,0.9999999999999998,,False,APU,A/U/P
Pt6,P1377,A,2068.0,2099.0,U,,,P,,,P,,,3,1-1-1 split,0.9999999999999998,,False,APU,A/U/P
Pt6,P1379,A,2106.0,2135.0,U,,,A,2067.0,2133.0,A,2067.0,2130.0,2,2-1 split,0.5793801642856949,A,True,AAU,A/U/A
Pt6,P1385,A,2150.0,2228.0,A,2146.0,2237.0,A,2116.0,2253.0,U,,,1,3-0 unanimous,-0.0,A,False,AAA,A/A/A
Pt6,P1387,A,2072.0,2089.0,U,,,P,,,P,,,3,1-1-1 split,0.9999999999999998,,False,APU,A/U/P
Pt6,P1389,A,2060.0,2117.0,A,2071.0,2135.0,A,2072.0,2132.0,A,2060.0,2132.0,1,3-0 unanimous,-0.0,A,True,AAA,A/A/A
Pt6,P1393,A,2068.0,2095.0,P,,,P,,,P,,,2,2-1 split,0.5793801642856949,P,True,APP,A/P/P
Pt6,P1394,A,2124.0,2153.0,A,2074.0,2164.0,A,2072.0,2168.0,A,2072.0,2164.0,1,3-0 unanimous,-0.0,A,True,AAA,A/A/A
Pt6,P1395,U,,,A,2072.0,2142.0,A,2070.0,2145.0,A,2036.0,2145.0,2,2-1 split,0.5793801642856949,A,True,AAU,U/A/A
Pt6,P1400,A,2189.0,2203.0,A,2110.0,2240.0,A,2060.0,2235.0,U,,,1,3-0 unanimous,-0.0,A,False,AAA,A/A/A
Pt6,P1402,A,2157.0,2174.0,A,2150.0,2185.0,A,2052.0,2179.0,A,2008.0,2185.0,1,3-0 unanimous,-0.0,A,True,AAA,A/A/A
Pt6,P1409,A,2129.0,2171.0,U,,,A,2069.0,2174.0,A,1990.0,2174.0,2,2-1 split,0.5793801642856949,A,True,AAU,A/U/A
Pt6,P1410,U,,,U,,,A,2052.0,2115.0,A,2052.0,2134.0,2,2-1 split,0.5793801642856949,U,False,AUU,U/U/A
Pt6,P1413,A,2161.0,2174.0,A,2148.0,2174.0,A,2047.0,2175.0,A,2002.0,2175.0,1,3-0 unanimous,-0.0,A,True,AAA,A/A/A
Pt6,P1417,A,2138.0,2171.0,A,2110.0,2171.0,A,2057.0,2177.0,A,1994.0,2177.0,1,3-0 unanimous,-0.0,A,True,AAA,A/A/A
Pt6,P1419,A,2184.0,2199.0,A,2184.0,2215.0,A,2053.0,2214.0,A,2184.0,2214.0,1,3-0 unanimous,-0.0,A,True,AAA,A/A/A
Pt6,P1421,A,2157.0,2173.0,A,2155.0,2175.0,A,2069.0,2176.0,A,2157.0,2176.0,1,3-0 unanimous,-0.0,A,True,AAA,A/A/A
Pt6,P1432,A,2152.0,2228.0,A,2144.0,2241.0,A,2138.0,2249.0,A,2152.0,2249.0,1,3-0 unanimous,-0.0,A,True,AAA,A/A/A
Pt6,P1435,U,,,U,,,U,,,U,,,1,3-0 unanimous,-0.0,U,True,UUU,U/U/U
Pt6,P1440,A,2075.0,2100.0,U,,,A,2079.0,2156.0,P,,,2,2-1 split,0.5793801642856949,A,False,AAU,A/U/A
Pt6,P1443,A,2072.0,2099.0,U,,,P,,,P,,,3,1-1-1 split,0.9999999999999998,,False,APU,A/U/P
Pt6,P1445,A,2099.0,2141.0,A,2062.0,2162.0,A,2060.0,2148.0,A,2060.0,2148.0,1,3-0 unanimous,-0.0,A,True,AAA,A/A/A
Pt6,P1446,A,2152.0,2178.0,A,2147.0,2180.0,A,2145.0,2179.0,A,2147.0,2180.0,1,3-0 unanimous,-0.0,A,True,AAA,A/A/A
Pt6,P1448,A,2074.0,2099.0,P,,,P,,,P,,,2,2-1 split,0.5793801642856949,P,True,APP,A/P/P
Pt6,P1451,A,2146.0,2228.0,A,2149.0,2252.0,A,2110.0,2252.0,U,,,1,3-0 unanimous,-0.0,A,False,AAA,A/A/A
Pt6,P1452,A,2074.0,2091.0,P,,,P,,,P,,,2,2-1 split,0.5793801642856949,P,True,APP,A/P/P
Pt6,P1455,A,2150.0,2224.0,A,2146.0,2233.0,A,2114.0,2247.0,U,,,1,3-0 unanimous,-0.0,A,False,AAA,A/A/A
Pt6,P1457,A,2068.0,2089.0,P,,,P,,,P,,,2,2-1 split,0.5793801642856949,P,True,APP,A/P/P
Pt6,P1460,A,2160.0,2174.0,A,2138.0,2179.0,A,2068.0,2184.0,A,2138.0,2179.0,1,3-0 unanimous,-0.0,A,True,AAA,A/A/A
Pt6,P1463,A,2075.0,2095.0,P,,,P,,,P,,,2,2-1 split,0.5793801642856949,P,True,APP,A/P/P
Pt6,P1470,A,2075.0,2093.0,P,,,P,,,P,,,2,2-1 split,0.5793801642856949,P,True,APP,A/P/P
Pt6,P1484,U,,,U,,,A,2076.0,2154.0,A,2076.0,2154.0,2,2-1 split,0.5793801642856949,U,False,AUU,U/U/A
Pt6,P1487,A,2204.0,2225.0,A,2142.0,2245.0,A,2110.0,2242.0,A,2142.0,2245.0,1,3-0 unanimous,-0.0,A,True,AAA,A/A/A
Pt6,P1490,A,2093.0,2132.0,A,2094.0,2136.0,A,2091.0,2153.0,A,2091.0,2136.0,1,3-0 unanimous,-0.0,A,True,AAA,A/A/A
Pt6,P1500,A,2089.0,2132.0,U,,,A,2072.0,2169.0,U,,,2,2-1 split,0.5793801642856949,A,False,AAU,A/U/A
Pt6,P1506,A,2109.0,2125.0,A,2099.0,2133.0,A,2099.0,2142.0,A,2099.0,2142.0,1,3-0 unanimous,-0.0,A,True,AAA,A/A/A
Pt6,P1510,A,2116.0,2138.0,A,2110.0,2153.0,A,2076.0,2141.0,A,2116.0,2141.0,1,3-0 unanimous,-0.0,A,True,AAA,A/A/A
Pt6,P1511,A,2177.0,2209.0,A,2173.0,2221.0,A,2174.0,2211.0,A,2177.0,2211.0,1,3-0 unanimous,-0.0,A,True,AAA,A/A/A
Pt6,P1512,A,2057.0,2100.0,A,2068.0,2115.0,A,2057.0,2121.0,A,2057.0,2121.0,1,3-0 unanimous,-0.0,A,True,AAA,A/A/A
Pt6,P1513,A,2089.0,2117.0,A,2090.0,2123.0,A,2079.0,2126.0,A,2089.0,2126.0,1,3-0 unanimous,-0.0,A,True,AAA,A/A/A
Pt6,P1515,A,2117.0,2132.0,A,2118.0,2149.0,A,2114.0,2156.0,A,2117.0,2149.0,1,3-0 unanimous,-0.0,A,True,AAA,A/A/A
Pt6,P1516,A,2081.0,2112.0,A,2080.0,2127.0,A,2079.0,2144.0,A,2081.0,2127.0,1,3-0 unanimous,-0.0,A,True,AAA,A/A/A
Pt6,P1517,A,2096.0,2124.0,A,2091.0,2168.0,A,2090.0,2167.0,A,2091.0,2168.0,1,3-0 unanimous,-0.0,A,True,AAA,A/A/A
Pt6,P1518,A,2120.0,2173.0,A,2113.0,2175.0,A,2116.0,2176.0,A,2120.0,2173.0,1,3-0 unanimous,-0.0,A,True,AAA,A/A/A
Pt6,P1519,U,,,A,2118.0,2143.0,A,2112.0,2169.0,A,2118.0,2143.0,2,2-1 split,0.5793801642856949,A,True,AAU,U/A/A
Pt6,P1521,A,2106.0,2125.0,A,2092.0,2136.0,A,2091.0,2134.0,A,2096.0,2125.0,1,3-0 unanimous,-0.0,A,True,AAA,A/A/A
Pt6,P1522,U,,,A,2122.0,2148.0,A,2118.0,2156.0,A,2122.0,2148.0,2,2-1 split,0.5793801642856949,A,True,AAU,U/A/A
Pt6,P1523,A,2063.0,2085.0,A,2060.0,2140.0,A,2049.0,2105.0,A,2060.0,2133.0,1,3-0 unanimous,-0.0,A,True,AAA,A/A/A
Pt6,P1526,A,2120.0,2171.0,A,2120.0,2172.0,A,2103.0,2186.0,A,2120.0,2186.0,1,3-0 unanimous,-0.0,A,True,AAA,A/A/A
Pt6,P1527,U,,,A,2118.0,2176.0,A,2115.0,2156.0,A,2118.0,2156.0,2,2-1 split,0.5793801642856949,A,True,AAU,U/A/A
Pt6,P1531,U,,,A,2110.0,2151.0,A,2115.0,2153.0,A,2115.0,2153.0,2,2-1 split,0.5793801642856949,A,True,AAU,U/A/A
Pt6,P1545,A,2173.0,2207.0,A,2165.0,2211.0,A,2173.0,2212.0,A,2173.0,2211.0,1,3-0 unanimous,-0.0,A,True,AAA,A/A/A
Pt6,P1546,A,2160.0,2177.0,A,2109.0,2216.0,A,2152.0,2209.0,A,1992.0,2216.0,1,3-0 unanimous,-0.0,A,True,AAA,A/A/A
Pt6,P1548,U,,,U,,,U,,,U,,,1,3-0 unanimous,-0.0,U,True,UUU,U/U/U
Pt6,P1550,U,,,A,2121.0,2148.0,A,2115.0,2152.0,A,2121.0,2152.0,2,2-1 split,0.5793801642856949,A,True,AAU,U/A/A
Pt6,P1556,A,2089.0,2117.0,A,2086.0,2136.0,A,2083.0,2127.0,A,2089.0,2117.0,1,3-0 unanimous,-0.0,A,True,AAA,A/A/A
Pt6,P1557,A,2093.0,2129.0,A,2087.0,2151.0,A,2087.0,2154.0,A,2087.0,2154.0,1,3-0 unanimous,-0.0,A,True,AAA,A/A/A
Pt6,P1562,A,2088.0,2121.0,A,2089.0,2132.0,A,2085.0,2140.0,A,2088.0,2121.0,1,3-0 unanimous,-0.0,A,True,AAA,A/A/A
Pt6,P1566,U,,,U,,,U,,,U,,,1,3-0 unanimous,-0.0,U,True,UUU,U/U/U
Pt6,P1567,U,,,U,,,U,,,U,,,1,3-0 unanimous,-0.0,U,True,UUU,U/U/U
Pt6,P1572,U,,,U,,,P,,,U,,,2,2-1 split,0.5793801642856949,U,True,PUU,U/U/P
Pt6,P1573,U,,,U,,,U,,,U,,,1,3-0 unanimous,-0.0,U,True,UUU,U/U/U
Pt6,P1574,A,2099.0,2131.0,A,2092.0,2138.0,A,2096.0,2136.0,A,2099.0,2136.0,1,3-0 unanimous,-0.0,A,True,AAA,A/A/A
Pt6,P1576,A,2081.0,2110.0,A,2080.0,2138.0,A,2072.0,2137.0,A,2081.0,2137.0,1,3-0 unanimous,-0.0,A,True,AAA,A/A/A
Pt6,P1580,U,,,U,,,U,,,U,,,1,3-0 unanimous,-0.0,U,True,UUU,U/U/U
Pt6,P1585,U,,,U,,,U,,,U,,,1,3-0 unanimous,-0.0,U,True,UUU,U/U/U
Pt6,P1588,A,2088.0,2121.0,A,2081.0,2124.0,A,2079.0,2129.0,A,2088.0,2124.0,1,3-0 unanimous,-0.0,A,True,AAA,A/A/A
Pt6,P1590,A,2096.0,2131.0,A,2089.0,2140.0,A,2090.0,2136.0,A,2090.0,2136.0,1,3-0 unanimous,-0.0,A,True,AAA,A/A/A
Pt6,P1594,U,,,U,,,U,,,U,,,1,3-0 unanimous,-0.0,U,True,UUU,U/U/U
Pt6,P1598,U,,,U,,,U,,,U,,,1,3-0 unanimous,-0.0,U,True,UUU,U/U/U
Pt6,P1604,A,2093.0,2125.0,A,2080.0,2146.0,A,2094.0,2128.0,A,2094.0,2146.0,1,3-0 unanimous,-0.0,A,True,AAA,A/A/A
Pt6,P1607,U,,,U,,,U,,,U,,,1,3-0 unanimous,-0.0,U,True,UUU,U/U/U
Pt6,P1613,U,,,U,,,U,,,U,,,1,3-0 unanimous,-0.0,U,True,UUU,U/U/U
Pt6,P1617,U,,,U,,,U,,,U,,,1,3-0 unanimous,-0.0,U,True,UUU,U/U/U
Pt6,P1619,A,2096.0,2124.0,A,2095.0,2134.0,A,2097.0,2129.0,A,2097.0,2134.0,1,3-0 unanimous,-0.0,A,True,AAA,A/A/A
Pt6,P1632,A,2089.0,2125.0,A,2083.0,2137.0,A,2088.0,2135.0,A,2088.0,2125.0,1,3-0 unanimous,-0.0,A,True,AAA,A/A/A
Pt6,P1634,A,2081.0,2114.0,A,2065.0,2124.0,A,2063.0,2122.0,A,2063.0,2124.0,1,3-0 unanimous,-0.0,A,True,AAA,A/A/A
Pt6,P1637,A,2125.0,2156.0,A,2124.0,2178.0,A,2117.0,2175.0,A,2125.0,2175.0,1,3-0 unanimous,-0.0,A,True,AAA,A/A/A
Pt6,P1638,A,2117.0,2129.0,A,2116.0,2142.0,A,2114.0,2151.0,A,2118.0,2151.0,1,3-0 unanimous,-0.0,A,True,AAA,A/A/A
Pt6,P1639,U,,,U,,,U,,,U,,,1,3-0 unanimous,-0.0,U,True,UUU,U/U/U
Pt6,P1647,A,2081.0,2114.0,U,,,A,2080.0,2134.0,A,2080.0,2118.0,2,2-1 split,0.5793801642856949,A,True,AAU,A/U/A
Pt6,P1649,U,,,U,,,U,,,U,,,1,3-0 unanimous,-0.0,U,True,UUU,U/U/U
Pt6,P1656,P,,,P,,,P,,,P,,,1,3-0 unanimous,-0.0,P,True,PPP,P/P/P
Pt6,P1658,A,1996.0,2068.0,A,2054.0,2069.0,A,2035.0,2075.0,A,2035.0,2069.0,1,3-0 unanimous,-0.0,A,True,AAA,A/A/A
Pt6,P1659,A,2052.0,2075.0,A,2052.0,2088.0,A,2046.0,2082.0,A,2052.0,2088.0,1,3-0 unanimous,-0.0,A,True,AAA,A/A/A
Pt6,P1661,P,,,U,,,A,2109.0,2172.0,U,,,3,1-1-1 split,0.9999999999999998,,False,APU,P/U/A
Pt6,P1663,A,1990.0,2067.0,U,,,A,2031.0,2080.0,A,2031.0,2080.0,2,2-1 split,0.5793801642856949,A,True,AAU,A/U/A
Pt6,P1664,U,,,U,,,A,2036.0,2090.0,A,2036.0,2090.0,2,2-1 split,0.5793801642856949,U,False,AUU,U/U/A
Pt6,P1665,A,2057.0,2106.0,U,,,A,2048.0,2113.0,A,2048.0,2113.0,2,2-1 split,0.5793801642856949,A,True,AAU,A/U/A
Pt6,P1672,A,2060.0,2099.0,A,2070.0,2105.0,A,2072.0,2114.0,A,2072.0,2105.0,1,3-0 unanimous,-0.0,A,True,AAA,A/A/A
Pt6,P1678,P,,,P,,,P,,,P,,,1,3-0 unanimous,-0.0,P,True,PPP,P/P/P
Pt6,P1680,A,2078.0,2107.0,A,2081.0,2114.0,A,2068.0,2122.0,A,2019.0,2114.0,1,3-0 unanimous,-0.0,A,True,AAA,A/A/A
Pt6,P1683,P,,,P,,,P,,,P,,,1,3-0 unanimous,-0.0,P,True,PPP,P/P/P
Pt6,P1685,A,2039.0,2110.0,A,2080.0,2118.0,A,2069.0,2142.0,A,2018.0,2118.0,1,3-0 unanimous,-0.0,A,True,AAA,A/A/A
Pt6,P1688,P,,,P,,,P,,,P,,,1,3-0 unanimous,-0.0,P,True,PPP,P/P/P
Pt6,P1689,P,,,P,,,P,,,P,,,1,3-0 unanimous,-0.0,P,True,PPP,P/P/P
Pt6,P1690,A,2060.0,2120.0,U,,,A,2101.0,2150.0,A,2052.0,2150.0,2,2-1 split,0.5793801642856949,A,True,AAU,A/U/A
Pt6,P1692,P,,,P,,,P,,,P,,,1,3-0 unanimous,-0.0,P,True,PPP,P/P/P
Pt6,P1694,A,2055.0,2089.0,A,2067.0,2095.0,A,2058.0,2097.0,A,2060.0,2095.0,1,3-0 unanimous,-0.0,A,True,AAA,A/A/A
Pt6,P1699,P,,,U,,,P,,,P,,,2,2-1 split,0.5793801642856949,P,True,PPU,P/U/P
Pt6,P1704,A,2024.0,2079.0,A,2057.0,2085.0,A,2056.0,2101.0,A,2057.0,2087.0,1,3-0 unanimous,-0.0,A,True,AAA,A/A/A
Pt6,P1706,U,,,A,2072.0,2110.0,A,2048.0,2109.0,A,2000.0,2104.0,2,2-1 split,0.5793801642856949,A,True,AAU,U/A/A
Pt6,P1707,A,2042.0,2072.0,A,2041.0,2080.0,A,2043.0,2084.0,A,2043.0,2072.0,1,3-0 unanimous,-0.0,A,True,AAA,A/A/A
Pt6,P1708,A,2042.0,2074.0,A,2041.0,2077.0,A,2045.0,2078.0,A,2042.0,2077.0,1,3-0 unanimous,-0.0,A,True,AAA,A/A/A
Pt6,P1710,A,2022.0,2072.0,A,2056.0,2085.0,A,2053.0,2093.0,A,2056.0,2085.0,1,3-0 unanimous,-0.0,A,True,AAA,A/A/A
Pt6,P1712,A,2064.0,2084.0,A,2073.0,2111.0,A,2057.0,2106.0,A,1999.0,2106.0,1,3-0 unanimous,-0.0,A,True,AAA,A/A/A
Pt6,P1713,A,2039.0,2072.0,A,2041.0,2072.0,A,2041.0,2079.0,A,2041.0,2073.0,1,3-0 unanimous,-0.0,A,True,AAA,A/A/A
Pt6,P1715,A,2039.0,2074.0,A,2043.0,2087.0,A,2040.0,2096.0,A,2040.0,2096.0,1,3-0 unanimous,-0.0,A,True,AAA,A/A/A
Pt6,P1717,A,2057.0,2074.0,A,2061.0,2081.0,A,2056.0,2090.0,A,2057.0,2090.0,1,3-0 unanimous,-0.0,A,True,AAA,A/A/A
Pt6,P1718,A,2070.0,2121.0,A,2070.0,2124.0,A,2046.0,2123.0,A,1999.0,2123.0,1,3-0 unanimous,-0.0,A,True,AAA,A/A/A
Pt6,P1719,A,2042.0,2064.0,A,2043.0,2068.0,A,2042.0,2086.0,A,2042.0,2069.0,1,3-0 unanimous,-0.0,A,True,AAA,A/A/A
Pt6,P1720,A,2042.0,2068.0,A,2042.0,2078.0,A,2044.0,2088.0,A,2042.0,2088.0,1,3-0 unanimous,-0.0,A,True,AAA,A/A/A
Pt6,P1724,A,2055.0,2072.0,A,2055.0,2083.0,A,2053.0,2090.0,A,2055.0,2090.0,1,3-0 unanimous,-0.0,A,True,AAA,A/A/A
Pt6,P1727,A,2060.0,2081.0,A,2065.0,2107.0,A,2056.0,2107.0,A,1997.0,2107.0,1,3-0 unanimous,-0.0,A,True,AAA,A/A/A
Pt6,P1728,A,2039.0,2060.0,A,2038.0,2067.0,A,2040.0,2070.0,A,2040.0,2070.0,1,3-0 unanimous,-0.0,A,True,AAA,A/A/A
Pt6,P1730,A,2039.0,2060.0,A,2037.0,2093.0,A,2041.0,2087.0,A,2039.0,2087.0,1,3-0 unanimous,-0.0,A,True,AAA,A/A/A
Pt6,P1732,A,2060.0,2075.0,A,2054.0,2089.0,A,2054.0,2100.0,A,2054.0,2100.0,1,3-0 unanimous,-0.0,A,True,AAA,A/A/A
Pt6,P1735,A,2060.0,2072.0,A,2060.0,2080.0,A,2057.0,2095.0,A,2060.0,2095.0,1,3-0 unanimous,-0.0,A,True,AAA,A/A/A
Pt6,P1737,A,2064.0,2081.0,A,2069.0,2101.0,A,2057.0,2104.0,A,2000.0,2104.0,1,3-0 unanimous,-0.0,A,True,AAA,A/A/A
Pt6,P1738,A,2039.0,2060.0,A,2041.0,2064.0,A,2041.0,2100.0,A,2041.0,2067.0,1,3-0 unanimous,-0.0,A,True,AAA,A/A/A
Pt6,P1739,A,2043.0,2068.0,U,,,A,2044.0,2104.0,A,2044.0,2083.0,2,2-1 split,0.5793801642856949,A,True,AAU,A/U/A
Pt6,P1742,A,2060.0,2080.0,U,,,A,2061.0,2128.0,A,1998.0,2123.0,2,2-1 split,0.5793801642856949,A,True,AAU,A/U/A
Pt6,P1743,A,2043.0,2072.0,A,2043.0,2095.0,A,2041.0,2098.0,A,2043.0,2098.0,1,3-0 unanimous,-0.0,A,True,AAA,A/A/A
Pt6,P1744,A,2039.0,2060.0,A,2043.0,2099.0,A,2042.0,2094.0,A,2043.0,2094.0,1,3-0 unanimous,-0.0,A,True,AAA,A/A/A
Pt6,P1749,A,2039.0,2060.0,A,2041.0,2064.0,A,2040.0,2071.0,A,2041.0,2064.0,1,3-0 unanimous,-0.0,A,True,AAA,A/A/A
Pt6,P1750,A,2036.0,2053.0,A,2036.0,2064.0,A,2033.0,2062.0,A,2036.0,2062.0,1,3-0 unanimous,-0.0,A,True,AAA,A/A/A
Pt6,P1753,A,2053.0,2072.0,A,2061.0,2082.0,A,2054.0,2095.0,A,2057.0,2095.0,1,3-0 unanimous,-0.0,A,True,AAA,A/A/A
Pt6,P1755,U,,,P,,,A,2033.0,2065.0,P,,,3,1-1-1 split,0.9999999999999998,,False,APU,U/P/A
Pt6,P1757,A,2028.0,2057.0,U,,,A,2037.0,2093.0,A,2037.0,2093.0,2,2-1 split,0.5793801642856949,A,True,AAU,A/U/A
Pt6,P1767,P,,,U,,,U,,,P,,,2,2-1 split,0.5793801642856949,U,False,PUU,P/U/U
Pt6,P1768,A,2174.0,2200.0,A,2173.0,2200.0,A,2177.0,2214.0,U,,,1,3-0 unanimous,-0.0,A,False,AAA,A/A/A
Pt6,P1769,A,2177.0,2197.0,U,,,A,2174.0,2205.0,U,,,2,2-1 split,0.5793801642856949,A,False,AAU,A/U/A
Pt6,P1772,U,,,P,,,P,,,P,,,2,2-1 split,0.5793801642856949,P,True,PPU,U/P/P
Pt6,P1773,A,2096.0,2135.0,A,2083.0,2151.0,A,2077.0,2142.0,A,1996.0,2151.0,1,3-0 unanimous,-0.0,A,True,AAA,A/A/A
Pt6,P1774,A,2055.0,2103.0,A,2060.0,2107.0,U,,,U,,,2,2-1 split,0.5793801642856949,A,False,AAU,A/A/U
Pt6,P1777,A,2209.0,2218.0,A,2207.0,2232.0,A,2110.0,2231.0,U,,,1,3-0 unanimous,-0.0,A,False,AAA,A/A/A
Pt6,P1778,A,2096.0,2116.0,A,2095.0,2136.0,A,2082.0,2132.0,A,2038.0,2132.0,1,3-0 unanimous,-0.0,A,True,AAA,A/A/A
Pt6,P1779,A,2096.0,2132.0,A,2094.0,2134.0,A,2089.0,2137.0,A,2038.0,2134.0,1,3-0 unanimous,-0.0,A,True,AAA,A/A/A
Pt6,P1780,A,2057.0,2075.0,U,,,U,,,U,,,2,2-1 split,0.5793801642856949,U,True,AUU,A/U/U
Pt6,P1805,A,2042.0,2072.0,A,2052.0,2089.0,A,2038.0,2088.0,A,2042.0,2088.0,1,3-0 unanimous,-0.0,A,True,AAA,A/A/A
Pt6,P1808,A,2112.0,2136.0,A,2111.0,2138.0,A,2076.0,2145.0,A,1999.0,2145.0,1,3-0 unanimous,-0.0,A,True,AAA,A/A/A
Pt6,P1809,A,2064.0,2116.0,U,,,A,2062.0,2128.0,A,2064.0,2118.0,2,2-1 split,0.5793801642856949,A,True,AAU,A/U/A
Pt6,P1817,A,2014.0,2072.0,U,,,U,,,U,,,2,2-1 split,0.5793801642856949,U,True,AUU,A/U/U
Pt6,P1818,A,2072.0,2116.0,A,2082.0,2113.0,A,2076.0,2117.0,A,2072.0,2117.0,1,3-0 unanimous,-0.0,A,True,AAA,A/A/A
Pt6,P1851,A,2109.0,2137.0,A,2101.0,2161.0,A,2095.0,2161.0,A,2096.0,2161.0,1,3-0 unanimous,-0.0,A,True,AAA,A/A/A
Pt6,P1853,A,2148.0,2187.0,A,2133.0,2190.0,A,2129.0,2195.0,A,2129.0,2190.0,1,3-0 unanimous,-0.0,A,True,AAA,A/A/A
Pt6,P1855,A,2146.0,2188.0,A,2144.0,2194.0,A,2130.0,2195.0,A,2144.0,2194.0,1,3-0 unanimous,-0.0,A,True,AAA,A/A/A
Pt6,P1858,A,2121.0,2132.0,A,2117.0,2164.0,A,2111.0,2168.0,A,2117.0,2164.0,1,3-0 unanimous,-0.0,A,True,AAA,A/A/A
Pt6,P1859,A,2145.0,2188.0,A,2132.0,2195.0,A,2131.0,2193.0,A,2132.0,2195.0,1,3-0 unanimous,-0.0,A,True,AAA,A/A/A
Pt6,P1862,A,2120.0,2136.0,A,2117.0,2167.0,A,2115.0,2172.0,A,2120.0,2167.0,1,3-0 unanimous,-0.0,A,True,AAA,A/A/A
Pt6,P1863,A,2157.0,2189.0,A,2134.0,2187.0,A,2131.0,2190.0,A,2134.0,2190.0,1,3-0 unanimous,-0.0,A,True,AAA,A/A/A
Pt6,P1866,A,2125.0,2138.0,A,2113.0,2168.0,A,2118.0,2172.0,A,2118.0,2168.0,1,3-0 unanimous,-0.0,A,True,AAA,A/A/A
Pt6,P1867,A,2146.0,2186.0,A,2138.0,2195.0,A,2126.0,2191.0,A,2138.0,2191.0,1,3-0 unanimous,-0.0,A,True,AAA,A/A/A
Pt6,P1870,A,2120.0,2138.0,A,2113.0,2171.0,A,2117.0,2174.0,A,2120.0,2171.0,1,3-0 unanimous,-0.0,A,True,AAA,A/A/A
Pt6,P1871,A,2156.0,2188.0,A,2122.0,2192.0,A,2121.0,2191.0,A,2122.0,2192.0,1,3-0 unanimous,-0.0,A,True,AAA,A/A/A
Pt6,P1880,P,,,P,,,P,,,P,,,1,3-0 unanimous,-0.0,P,True,PPP,P/P/P
Pt6,P1882,U,,,P,,,U,,,U,,,2,2-1 split,0.5793801642856949,U,True,PUU,U/P/U
Pt6,P1885,A,2081.0,2121.0,A,2073.0,2138.0,A,2078.0,2131.0,A,2073.0,2131.0,1,3-0 unanimous,-0.0,A,True,AAA,A/A/A
Pt6,P1886,A,2091.0,2132.0,A,2085.0,2140.0,A,2062.0,2131.0,A,2085.0,2128.0,1,3-0 unanimous,-0.0,A,True,AAA,A/A/A
Pt6,P1911,A,2067.0,2084.0,A,2052.0,2113.0,A,2053.0,2114.0,A,2053.0,2114.0,1,3-0 unanimous,-0.0,A,True,AAA,A/A/A
Pt6,P1912,A,2031.0,2049.0,A,2029.0,2054.0,A,2026.0,2057.0,A,2029.0,2049.0,1,3-0 unanimous,-0.0,A,True,AAA,A/A/A
Pt6,P1914,A,2014.0,2079.0,A,2054.0,2095.0,A,2058.0,2098.0,A,2058.0,2098.0,1,3-0 unanimous,-0.0,A,True,AAA,A/A/A
Pt6,P1917,A,2068.0,2080.0,A,2053.0,2115.0,A,2056.0,2112.0,A,2056.0,2112.0,1,3-0 unanimous,-0.0,A,True,AAA,A/A/A
Pt6,P1918,A,2060.0,2072.0,A,2050.0,2123.0,A,2057.0,2101.0,U,,,1,3-0 unanimous,-0.0,A,False,AAA,A/A/A
Pt6,P1919,A,2027.0,2050.0,A,2031.0,2048.0,A,2027.0,2054.0,A,2027.0,2050.0,1,3-0 unanimous,-0.0,A,True,AAA,A/A/A
Pt6,P1920,A,2019.0,2075.0,A,2052.0,2096.0,A,2052.0,2102.0,A,2052.0,2096.0,1,3-0 unanimous,-0.0,A,True,AAA,A/A/A
Pt6,P1923,U,,,U,,,U,,,U,,,1,3-0 unanimous,-0.0,U,True,UUU,U/U/U
Pt6,P1924,A,2028.0,2047.0,A,2025.0,2048.0,A,2024.0,2057.0,A,2026.0,2048.0,1,3-0 unanimous,-0.0,A,True,AAA,A/A/A
Pt6,P1932,A,2070.0,2099.0,A,2071.0,2106.0,A,2064.0,2111.0,A,2064.0,2111.0,1,3-0 unanimous,-0.0,A,True,AAA,A/A/A
Pt6,P1933,A,2067.0,2078.0,A,2068.0,2110.0,A,2067.0,2105.0,U,,,1,3-0 unanimous,-0.0,A,False,AAA,A/A/A
Pt6,P1935,A,2021.0,2080.0,A,2062.0,2107.0,A,2057.0,2102.0,A,2062.0,2102.0,1,3-0 unanimous,-0.0,A,True,AAA,A/A/A
Pt6,P1937,U,,,U,,,A,2057.0,2108.0,U,,,2,2-1 split,0.5793801642856949,U,True,AUU,U/U/A
Pt6,P1939,A,2089.0,2125.0,A,2080.0,2171.0,A,2072.0,2169.0,A,2076.0,2171.0,1,3-0 unanimous,-0.0,A,True,AAA,A/A/A
Pt6,P1941,A,2027.0,2047.0,A,2025.0,2053.0,A,2023.0,2053.0,A,2027.0,2048.0,1,3-0 unanimous,-0.0,A,True,AAA,A/A/A
Pt6,P1943,A,2089.0,2161.0,A,2078.0,2169.0,A,2064.0,2162.0,A,2078.0,2162.0,1,3-0 unanimous,-0.0,A,True,AAA,A/A/A
Pt6,P1944,U,,,U,,,U,,,U,,,1,3-0 unanimous,-0.0,U,True,UUU,U/U/U
Pt6,P1945,U,,,P,,,P,,,P,,,2,2-1 split,0.5793801642856949,P,True,PPU,U/P/P
Pt6,P1946,A,2019.0,2039.0,U,,,A,2030.0,2068.0,U,,,2,2-1 split,0.5793801642856949,A,False,AAU,A/U/A
Pt6,P1947,A,2064.0,2104.0,A,2063.0,2111.0,A,2061.0,2110.0,A,2064.0,2110.0,1,3-0 unanimous,-0.0,A,True,AAA,A/A/A
Pt6,P1952,A,2000.0,2042.0,A,2023.0,2042.0,A,1997.0,2047.0,A,2026.0,2042.0,1,3-0 unanimous,-0.0,A,True,AAA,A/A/A
Pt6,P1957,A,1988.0,2038.0,U,,,P,,,P,,,3,1-1-1 split,0.9999999999999998,,False,APU,A/U/P
Pt6,P1959,A,2003.0,2042.0,P,,,P,,,P,,,2,2-1 split,0.5793801642856949,P,True,APP,A/P/P
Pt6,P1964,A,1995.0,2043.0,P,,,P,,,P,,,2,2-1 split,0.5793801642856949,P,True,APP,A/P/P
Pt6,P1965,U,,,P,,,P,,,P,,,2,2-1 split,0.5793801642856949,P,True,PPU,U/P/P
Pt6,P1969,A,2003.0,2072.0,A,2045.0,2110.0,A,2047.0,2083.0,A,2049.0,2083.0,1,3-0 unanimous,-0.0,A,True,AAA,A/A/A
Pt6,P1971,A,2000.0,2042.0,U,,,P,,,P,,,3,1-1-1 split,0.9999999999999998,,False,APU,A/U/P
Pt6,P1972,U,,,P,,,P,,,P,,,2,2-1 split,0.5793801642856949,P,True,PPU,U/P/P
Pt6,P1974,A,2074.0,2096.0,A,2065.0,2140.0,A,2070.0,2104.0,A,2070.0,2099.0,1,3-0 unanimous,-0.0,A,True,AAA,A/A/A
Pt6,P1980,A,2043.0,2064.0,A,2045.0,2075.0,A,2043.0,2095.0,A,2043.0,2095.0,1,3-0 unanimous,-0.0,A,True,AAA,A/A/A
Pt6,P1981,P,,,P,,,P,,,U,,,1,3-0 unanimous,-0.0,P,False,PPP,P/P/P
Pt6,P1982,P,,,P,,,P,,,U,,,1,3-0 unanimous,-0.0,P,False,PPP,P/P/P
Pt6,P1985,P,,,P,,,P,,,U,,,1,3-0 unanimous,-0.0,P,False,PPP,P/P/P
Pt6,P1986,P,,,P,,,P,,,U,,,1,3-0 unanimous,-0.0,P,False,PPP,P/P/P
Pt6,P1994,P,,,P,,,P,,,P,,,1,3-0 unanimous,-0.0,P,True,PPP,P/P/P
Pt6,P2001,P,,,P,,,P,,,P,,,1,3-0 unanimous,-0.0,P,True,PPP,P/P/P
Pt6,P2002,P,,,U,,,P,,,U,,,2,2-1 split,0.5793801642856949,P,False,PPU,P/U/P
Pt6,P2003,P,,,P,,,P,,,P,,,1,3-0 unanimous,-0.0,P,True,PPP,P/P/P
Pt6,P2004,P,,,P,,,P,,,P,,,1,3-0 unanimous,-0.0,P,True,PPP,P/P/P
Pt6,P2005,U,,,P,,,P,,,P,,,2,2-1 split,0.5793801642856949,P,True,PPU,U/P/P
Pt6,P2006,P,,,P,,,P,,,P,,,1,3-0 unanimous,-0.0,P,True,PPP,P/P/P
Pt6,P2007,P,,,P,,,P,,,U,,,1,3-0 unanimous,-0.0,P,False,PPP,P/P/P
Pt6,P2008,P,,,P,,,P,,,U,,,1,3-0 unanimous,-0.0,P,False,PPP,P/P/P
Pt6,P2010,P,,,P,,,P,,,U,,,1,3-0 unanimous,-0.0,P,False,PPP,P/P/P
Pt6,P2015,P,,,P,,,P,,,U,,,1,3-0 unanimous,-0.0,P,False,PPP,P/P/P
Pt6,P2017,P,,,P,,,P,,,P,,,1,3-0 unanimous,-0.0,P,True,PPP,P/P/P
Pt6,P2019,U,,,P,,,P,,,P,,,2,2-1 split,0.5793801642856949,P,True,PPU,U/P/P
Pt6,P2027,A,2129.0,2148.0,A,2124.0,2155.0,A,2128.0,2161.0,A,2129.0,2155.0,1,3-0 unanimous,-0.0,A,True,AAA,A/A/A
Pt6,P2028,U,,,U,,,U,,,U,,,1,3-0 unanimous,-0.0,U,True,UUU,U/U/U
Pt6,P2031,A,2028.0,2043.0,U,,,A,2007.0,2069.0,A,2007.0,2069.0,2,2-1 split,0.5793801642856949,A,True,AAU,A/U/A
Pt6,P2032,A,2072.0,2093.0,A,2073.0,2110.0,A,2070.0,2115.0,A,2073.0,2110.0,1,3-0 unanimous,-0.0,A,True,AAA,A/A/A
Pt6,P2033,U,,,U,,,A,2019.0,2076.0,U,,,2,2-1 split,0.5793801642856949,U,True,AUU,U/U/A
Pt6,P2034,A,1995.0,2024.0,P,,,A,1993.0,2074.0,P,,,2,2-1 split,0.5793801642856949,A,False,AAP,A/P/A
Pt6,P2035,P,,,P,,,A,2015.0,2061.0,P,,,2,2-1 split,0.5793801642856949,P,True,APP,P/P/A
Pt6,P2036,P,,,P,,,P,,,P,,,1,3-0 unanimous,-0.0,P,True,PPP,P/P/P
Pt6,P2037,P,,,P,,,P,,,U,,,1,3-0 unanimous,-0.0,P,False,PPP,P/P/P
Pt6,P2038,A,2063.0,2089.0,A,2059.0,2105.0,A,2069.0,2116.0,A,2059.0,2105.0,1,3-0 unanimous,-0.0,A,True,AAA,A/A/A
Pt6,P2049,A,1996.0,2047.0,U,,,A,2019.0,2097.0,U,,,2,2-1 split,0.5793801642856949,A,False,AAU,A/U/A
Pt6,P2050,U,,,U,,,A,2021.0,2062.0,P,,,2,2-1 split,0.5793801642856949,U,False,AUU,U/U/A
Pt6,P2051,A,2003.0,2019.0,U,,,P,,,P,,,3,1-1-1 split,0.9999999999999998,,False,APU,A/U/P
Pt6,P2052,A,2075.0,2093.0,A,2074.0,2118.0,A,2069.0,2113.0,A,2075.0,2113.0,1,3-0 unanimous,-0.0,A,True,AAA,A/A/A
Pt6,P2053,A,2050.0,2068.0,A,2045.0,2082.0,A,2046.0,2078.0,A,2052.0,2078.0,1,3-0 unanimous,-0.0,A,True,AAA,A/A/A
Pt6,P2054,A,1996.0,2032.0,P,,,A,2000.0,2081.0,P,,,2,2-1 split,0.5793801642856949,A,False,AAP,A/P/A
Pt6,P2055,U,,,P,,,A,2022.0,2063.0,P,,,3,1-1-1 split,0.9999999999999998,,False,APU,U/P/A
Pt6,P2058,A,1992.0,2047.0,P,,,A,2019.0,2091.0,P,,,2,2-1 split,0.5793801642856949,A,False,AAP,A/P/A
Pt6,P2059,A,1988.0,2032.0,P,,,A,1991.0,2071.0,P,,,2,2-1 split,0.5793801642856949,A,False,AAP,A/P/A
Pt6,P2062,P,,,P,,,A,2013.0,2041.0,P,,,2,2-1 split,0.5793801642856949,P,True,APP,P/P/A
Pt6,P2063,P,,,P,,,P,,,P,,,1,3-0 unanimous,-0.0,P,True,PPP,P/P/P
Pt6,P2065,A,1991.0,2024.0,P,,,A,1998.0,2049.0,P,,,2,2-1 split,0.5793801642856949,A,False,AAP,A/P/A
Pt6,P2066,A,2000.0,2043.0,U,,,A,2023.0,2062.0,A,2023.0,2062.0,2,2-1 split,0.5793801642856949,A,True,AAU,A/U/A
Pt6,P2067,A,1996.0,2039.0,P,,,A,2013.0,2042.0,P,,,2,2-1 split,0.5793801642856949,A,False,AAP,A/P/A
Pt6,P2104,A,2039.0,2093.0,U,,,P,,,U,,,3,1-1-1 split,0.9999999999999998,,False,APU,A/U/P
Pt6,P2105,A,2095.0,2120.0,A,2092.0,2126.0,A,2095.0,2120.0,A,2095.0,2120.0,1,3-0 unanimous,-0.0,A,True,AAA,A/A/A
Pt6,P2106,A,2104.0,2136.0,A,2099.0,2139.0,A,2095.0,2152.0,A,2095.0,2136.0,1,3-0 unanimous,-0.0,A,True,AAA,A/A/A
Pt6,P2108,A,2107.0,2131.0,A,2105.0,2149.0,A,2107.0,2148.0,A,2108.0,2148.0,1,3-0 unanimous,-0.0,A,True,AAA,A/A/A
Pt6,P2109,A,2112.0,2136.0,A,2105.0,2141.0,A,2108.0,2138.0,A,2108.0,2136.0,1,3-0 unanimous,-0.0,A,True,AAA,A/A/A
Pt6,P2110,A,2103.0,2131.0,A,2104.0,2163.0,A,2101.0,2137.0,A,2104.0,2137.0,1,3-0 unanimous,-0.0,A,True,AAA,A/A/A
Pt6,P2111,A,2099.0,2142.0,A,2093.0,2170.0,A,2080.0,2160.0,A,2093.0,2160.0,1,3-0 unanimous,-0.0,A,True,AAA,A/A/A
Pt6,P2112,A,2045.0,2125.0,A,2084.0,2152.0,A,2080.0,2144.0,U,,,1,3-0 unanimous,-0.0,A,False,AAA,A/A/A
Pt6,P2113,A,2099.0,2129.0,A,2096.0,2157.0,A,2096.0,2139.0,A,2097.0,2129.0,1,3-0 unanimous,-0.0,A,True,AAA,A/A/A
Pt6,P2114,A,2103.0,2142.0,A,2104.0,2169.0,A,2103.0,2142.0,A,2105.0,2142.0,1,3-0 unanimous,-0.0,A,True,AAA,A/A/A
Pt6,P2115,A,2107.0,2129.0,A,2101.0,2147.0,A,2102.0,2142.0,A,2102.0,2142.0,1,3-0 unanimous,-0.0,A,True,AAA,A/A/A
Pt6,P2116,A,2100.0,2135.0,A,2100.0,2138.0,A,2100.0,2134.0,A,2100.0,2135.0,1,3-0 unanimous,-0.0,A,True,AAA,A/A/A
Pt6,P2117,A,2089.0,2150.0,A,2108.0,2155.0,A,2079.0,2155.0,A,2074.0,2155.0,1,3-0 unanimous,-0.0,A,True,AAA,A/A/A
Pt6,P2118,U,,,A,2091.0,2148.0,A,2094.0,2150.0,A,2061.0,2148.0,2,2-1 split,0.5793801642856949,A,True,AAU,U/A/A
Pt6,P2120,A,2088.0,2136.0,A,2089.0,2146.0,A,2085.0,2145.0,A,2088.0,2138.0,1,3-0 unanimous,-0.0,A,True,AAA,A/A/A
Pt6,P2121,A,2106.0,2135.0,A,2109.0,2163.0,A,2108.0,2164.0,A,2108.0,2163.0,1,3-0 unanimous,-0.0,A,True,AAA,A/A/A
Pt6,P2122,A,2109.0,2132.0,A,2095.0,2146.0,A,2105.0,2147.0,A,2097.0,2146.0,1,3-0 unanimous,-0.0,A,True,AAA,A/A/A
Pt6,P2123,A,2100.0,2125.0,A,2102.0,2140.0,A,2098.0,2137.0,A,2102.0,2137.0,1,3-0 unanimous,-0.0,A,True,AAA,A/A/A
Pt6,P2124,A,2096.0,2153.0,A,2080.0,2155.0,A,2080.0,2153.0,A,2080.0,2153.0,1,3-0 unanimous,-0.0,A,True,AAA,A/A/A
Pt6,P2125,U,,,U,,,U,,,P,,,1,3-0 unanimous,-0.0,U,False,UUU,U/U/U
Pt6,P2126,A,1971.0,2019.0,U,,,A,1975.0,2112.0,U,,,2,2-1 split,0.5793801642856949,A,False,AAU,A/U/A
Pt6,P2127,A,1982.0,2007.0,P,,,U,,,U,,,3,1-1-1 split,0.9999999999999998,,False,APU,A/P/U
Pt6,P2128,A,1981.0,2032.0,U,,,A,1992.0,2100.0,U,,,2,2-1 split,0.5793801642856949,A,False,AAU,A/U/A
Pt6,P2129,A,2018.0,2053.0,P,,,U,,,U,,,3,1-1-1 split,0.9999999999999998,,False,APU,A/P/U
Pt6,P2130,A,2036.0,2081.0,U,,,U,,,U,,,2,2-1 split,0.5793801642856949,U,True,AUU,A/U/U
Pt6,P2131,A,2093.0,2129.0,A,2081.0,2138.0,A,2081.0,2143.0,A,2081.0,2143.0,1,3-0 unanimous,-0.0,A,True,AAA,A/A/A
Pt6,P2133,A,2085.0,2129.0,A,2089.0,2132.0,A,2090.0,2130.0,A,2085.0,2130.0,1,3-0 unanimous,-0.0,A,True,AAA,A/A/A
Pt6,P2134,A,2104.0,2132.0,A,2097.0,2150.0,A,2105.0,2154.0,A,2105.0,2154.0,1,3-0 unanimous,-0.0,A,True,AAA,A/A/A
Pt6,P2135,A,2107.0,2129.0,A,2100.0,2131.0,A,2101.0,2141.0,A,2101.0,2131.0,1,3-0 unanimous,-0.0,A,True,AAA,A/A/A
Pt6,P2136,A,2103.0,2132.0,A,2102.0,2141.0,A,2101.0,2157.0,A,2102.0,2133.0,1,3-0 unanimous,-0.0,A,True,AAA,A/A/A
Pt6,P2137,A,2096.0,2150.0,A,2083.0,2147.0,A,2078.0,2151.0,A,2078.0,2150.0,1,3-0 unanimous,-0.0,A,True,AAA,A/A/A
Pt6,P2140,A,2085.0,2124.0,A,2087.0,2132.0,A,2095.0,2137.0,A,2087.0,2132.0,1,3-0 unanimous,-0.0,A,True,AAA,A/A/A
Pt6,P2141,A,2109.0,2136.0,A,2106.0,2150.0,A,2108.0,2150.0,A,2108.0,2150.0,1,3-0 unanimous,-0.0,A,True,AAA,A/A/A
Pt6,P2142,A,2093.0,2114.0,A,2095.0,2134.0,A,2097.0,2140.0,A,2097.0,2134.0,1,3-0 unanimous,-0.0,A,True,AAA,A/A/A
Pt6,P2143,A,2109.0,2131.0,A,2106.0,2140.0,A,2101.0,2143.0,A,2101.0,2143.0,1,3-0 unanimous,-0.0,A,True,AAA,A/A/A
Pt6,P2145,A,2106.0,2137.0,A,2103.0,2135.0,A,2103.0,2142.0,A,2106.0,2137.0,1,3-0 unanimous,-0.0,A,True,AAA,A/A/A
Pt6,P2147,A,2099.0,2150.0,A,2082.0,2155.0,A,2082.0,2154.0,A,2082.0,2155.0,1,3-0 unanimous,-0.0,A,True,AAA,A/A/A
Pt6,P2149,U,,,A,2078.0,2195.0,A,2093.0,2188.0,A,2078.0,2188.0,2,2-1 split,0.5793801642856949,A,True,AAU,U/A/A
Pt6,P2150,A,2093.0,2117.0,A,2092.0,2126.0,A,2090.0,2133.0,A,2093.0,2133.0,1,3-0 unanimous,-0.0,A,True,AAA,A/A/A
Pt6,P2151,A,2103.0,2129.0,A,2097.0,2140.0,A,2101.0,2144.0,A,2103.0,2144.0,1,3-0 unanimous,-0.0,A,True,AAA,A/A/A
Pt6,P2152,A,2103.0,2132.0,A,2104.0,2144.0,A,2099.0,2138.0,A,2103.0,2132.0,1,3-0 unanimous,-0.0,A,True,AAA,A/A/A
Pt6,P2153,A,2095.0,2142.0,A,2080.0,2142.0,A,2080.0,2145.0,A,2080.0,2142.0,1,3-0 unanimous,-0.0,A,True,AAA,A/A/A
Pt6,P2155,A,2085.0,2116.0,A,2085.0,2133.0,A,2091.0,2137.0,A,2085.0,2133.0,1,3-0 unanimous,-0.0,A,True,AAA,A/A/A
Pt6,P2156,A,2104.0,2132.0,A,2095.0,2151.0,A,2103.0,2143.0,A,2104.0,2143.0,1,3-0 unanimous,-0.0,A,True,AAA,A/A/A
Pt6,P2158,A,2100.0,2129.0,A,2095.0,2140.0,A,2097.0,2140.0,A,2100.0,2140.0,1,3-0 unanimous,-0.0,A,True,AAA,A/A/A
Pt6,P2159,A,2100.0,2131.0,A,2103.0,2132.0,A,2099.0,2136.0,A,2100.0,2131.0,1,3-0 unanimous,-0.0,A,True,AAA,A/A/A
Pt6,P2160,A,2096.0,2138.0,A,2085.0,2139.0,A,2076.0,2141.0,A,2076.0,2141.0,1,3-0 unanimous,-0.0,A,True,AAA,A/A/A
Pt6,P2162,A,2109.0,2132.0,A,2105.0,2157.0,A,2105.0,2154.0,A,2109.0,2154.0,1,3-0 unanimous,-0.0,A,True,AAA,A/A/A
Pt6,P2163,A,2103.0,2132.0,A,2101.0,2151.0,A,2104.0,2141.0,A,2104.0,2137.0,1,3-0 unanimous,-0.0,A,True,AAA,A/A/A
Pt6,P2165,A,2100.0,2132.0,A,2106.0,2141.0,A,2100.0,2137.0,A,2102.0,2137.0,1,3-0 unanimous,-0.0,A,True,AAA,A/A/A
Pt6,P2166,A,2096.0,2138.0,A,2085.0,2154.0,A,2080.0,2152.0,A,2080.0,2152.0,1,3-0 unanimous,-0.0,A,True,AAA,A/A/A
Pt6,P2167,A,2100.0,2132.0,A,2101.0,2140.0,A,2101.0,2147.0,A,2101.0,2132.0,1,3-0 unanimous,-0.0,A,True,AAA,A/A/A
Pt6,P2168,A,2093.0,2138.0,A,2087.0,2158.0,A,2080.0,2143.0,A,2080.0,2143.0,1,3-0 unanimous,-0.0,A,True,AAA,A/A/A
Pt6,P2171,A,2075.0,2129.0,A,2099.0,2131.0,A,2097.0,2136.0,A,2097.0,2131.0,1,3-0 unanimous,-0.0,A,True,AAA,A/A/A
Pt6,P2173,A,2089.0,2114.0,A,2087.0,2134.0,A,2089.0,2133.0,A,2089.0,2134.0,1,3-0 unanimous,-0.0,A,True,AAA,A/A/A
Pt6,P2174,A,2103.0,2129.0,A,2104.0,2141.0,A,2102.0,2145.0,A,2104.0,2145.0,1,3-0 unanimous,-0.0,A,True,AAA,A/A/A
Pt6,P2177,A,2093.0,2136.0,A,2084.0,2152.0,A,2076.0,2147.0,A,2076.0,2147.0,1,3-0 unanimous,-0.0,A,True,AAA,A/A/A
Pt6,P2180,A,2081.0,2110.0,A,2083.0,2142.0,A,2081.0,2131.0,A,2083.0,2131.0,1,3-0 unanimous,-0.0,A,True,AAA,A/A/A
Pt6,P2181,A,2109.0,2138.0,A,2107.0,2158.0,A,2106.0,2153.0,A,2107.0,2153.0,1,3-0 unanimous,-0.0,A,True,AAA,A/A/A
Pt6,P2183,A,2106.0,2127.0,A,2101.0,2151.0,A,2100.0,2141.0,A,2101.0,2141.0,1,3-0 unanimous,-0.0,A,True,AAA,A/A/A
Pt6,P2184,A,2100.0,2132.0,A,2101.0,2135.0,A,2098.0,2139.0,A,2100.0,2135.0,1,3-0 unanimous,-0.0,A,True,AAA,A/A/A
Pt6,P2185,A,2093.0,2146.0,A,2085.0,2155.0,A,2078.0,2152.0,A,2078.0,2152.0,1,3-0 unanimous,-0.0,A,True,AAA,A/A/A
Pt6,P2187,A,2106.0,2125.0,U,,,A,2098.0,2138.0,A,2100.0,2138.0,2,2-1 split,0.5793801642856949,A,True,AAU,A/U/A
Pt6,P2189,A,2096.0,2132.0,A,2085.0,2144.0,A,2078.0,2150.0,A,2078.0,2138.0,1,3-0 unanimous,-0.0,A,True,AAA,A/A/A
Pt6,P2190,A,2106.0,2125.0,U,,,A,2098.0,2129.0,A,2101.0,2129.0,2,2-1 split,0.5793801642856949,A,True,AAU,A/U/A
Pt6,P2191,A,2089.0,2110.0,A,2088.0,2118.0,A,2087.0,2119.0,A,2088.0,2119.0,1,3-0 unanimous,-0.0,A,True,AAA,A/A/A
Pt6,P2193,A,2052.0,2093.0,A,2056.0,2103.0,A,2017.0,2101.0,A,2017.0,2103.0,1,3-0 unanimous,-0.0,A,True,AAA,A/A/A
Pt6,P2201,U,,,U,,,U,,,U,,,1,3-0 unanimous,-0.0,U,True,UUU,U/U/U
Pt6,P2202,U,,,U,,,U,,,U,,,1,3-0 unanimous,-0.0,U,True,UUU,U/U/U
Pt6,P2206,P,,,P,,,P,,,P,,,1,3-0 unanimous,-0.0,P,True,PPP,P/P/P
Pt6,P2210,P,,,P,,,P,,,P,,,1,3-0 unanimous,-0.0,P,True,PPP,P/P/P
Pt6,P2226,P,,,P,,,P,,,P,,,1,3-0 unanimous,-0.0,P,True,PPP,P/P/P
Pt6,P2250,P,,,U,,,P,,,P,,,2,2-1 split,0.5793801642856949,P,True,PPU,P/U/P
Pt6,P2257,P,,,P,,,P,,,P,,,1,3-0 unanimous,-0.0,P,True,PPP,P/P/P
Pt6,P2258,P,,,P,,,P,,,P,,,1,3-0 unanimous,-0.0,P,True,PPP,P/P/P
Pt6,P2259,P,,,P,,,P,,,P,,,1,3-0 unanimous,-0.0,P,True,PPP,P/P/P
Pt6,P2260,P,,,P,,,P,,,P,,,1,3-0 unanimous,-0.0,P,True,PPP,P/P/P
Pt6,P2261,P,,,P,,,P,,,P,,,1,3-0 unanimous,-0.0,P,True,PPP,P/P/P
Pt6,P2263,P,,,P,,,P,,,P,,,1,3-0 unanimous,-0.0,P,True,PPP,P/P/P
Pt6,P2264,P,,,P,,,P,,,P,,,1,3-0 unanimous,-0.0,P,True,PPP,P/P/P
Pt6,P2286,P,,,U,,,P,,,P,,,2,2-1 split,0.5793801642856949,P,True,PPU,P/U/P
Pt6,P2287,P,,,P,,,P,,,U,,,1,3-0 unanimous,-0.0,P,False,PPP,P/P/P
Pt6,P2289,P,,,U,,,P,,,U,,,2,2-1 split,0.5793801642856949,P,False,PPU,P/U/P
Pt6,P2293,P,,,U,,,P,,,U,,,2,2-1 split,0.5793801642856949,P,False,PPU,P/U/P
Pt6,P2294,P,,,U,,,P,,,U,,,2,2-1 split,0.5793801642856949,P,False,PPU,P/U/P
Pt6,P2295,U,,,U,,,P,,,U,,,2,2-1 split,0.5793801642856949,U,True,PUU,U/U/P
Pt6,P2310,U,,,P,,,P,,,P,,,2,2-1 split,0.5793801642856949,P,True,PPU,U/P/P
Pt6,P2311,U,,,P,,,P,,,P,,,2,2-1 split,0.5793801642856949,P,True,PPU,U/P/P
Pt6,P2312,U,,,P,,,P,,,P,,,2,2-1 split,0.5793801642856949,P,True,PPU,U/P/P
Pt6,P2313,U,,,P,,,P,,,P,,,2,2-1 split,0.5793801642856949,P,True,PPU,U/P/P
Pt6,P2314,U,,,P,,,P,,,P,,,2,2-1 split,0.5793801642856949,P,True,PPU,U/P/P
Pt6,P2328,A,1995.0,2011.0,P,,,P,,,P,,,2,2-1 split,0.5793801642856949,P,True,APP,A/P/P
Pt6,P2329,P,,,P,,,P,,,U,,,1,3-0 unanimous,-0.0,P,False,PPP,P/P/P
Pt6,P2331,P,,,U,,,P,,,U,,,2,2-1 split,0.5793801642856949,P,False,PPU,P/U/P
Pt6,P2334,U,,,U,,,U,,,U,,,1,3-0 unanimous,-0.0,U,True,UUU,U/U/U
Pt6,P2335,A,2036.0,2053.0,P,,,U,,,P,,,3,1-1-1 split,0.9999999999999998,,False,APU,A/P/U
Pt6,P2336,P,,,P,,,P,,,P,,,1,3-0 unanimous,-0.0,P,True,PPP,P/P/P
Pt6,P2337,P,,,P,,,P,,,P,,,1,3-0 unanimous,-0.0,P,True,PPP,P/P/P
Pt6,P2338,P,,,P,,,P,,,P,,,1,3-0 unanimous,-0.0,P,True,PPP,P/P/P
Pt6,P2339,P,,,P,,,P,,,P,,,1,3-0 unanimous,-0.0,P,True,PPP,P/P/P
Pt6,P2340,A,2047.0,2068.0,P,,,P,,,P,,,2,2-1 split,0.5793801642856949,P,True,APP,A/P/P
Pt6,P2342,P,,,P,,,P,,,P,,,1,3-0 unanimous,-0.0,P,True,PPP,P/P/P
Pt6,P2346,U,,,U,,,U,,,U,,,1,3-0 unanimous,-0.0,U,True,UUU,U/U/U
Pt6,P2347,A,2000.0,2038.0,P,,,P,,,P,,,2,2-1 split,0.5793801642856949,P,True,APP,A/P/P
Pt6,P2348,A,2070.0,2100.0,P,,,P,,,P,,,2,2-1 split,0.5793801642856949,P,True,APP,A/P/P
Pt6,P2356,P,,,P,,,P,,,P,,,1,3-0 unanimous,-0.0,P,True,PPP,P/P/P
Pt6,P2357,U,,,U,,,U,,,U,,,1,3-0 unanimous,-0.0,U,True,UUU,U/U/U
Pt6,P2358,A,2064.0,2106.0,U,,,U,,,U,,,2,2-1 split,0.5793801642856949,U,True,AUU,A/U/U
Pt6,P2373,A,1975.0,2014.0,U,,,U,,,U,,,2,2-1 split,0.5793801642856949,U,True,AUU,A/U/U
Pt7,P9,P,,,P,,,U,,,P,,,2,2-1 split,0.5793801642856949,P,True,PPU,P/P/U
Pt7,P12,U,,,U,,,A,1979.0,2076.0,U,,,2,2-1 split,0.5793801642856949,U,True,AUU,U/U/A
Pt7,P13,P,,,P,,,P,,,P,,,1,3-0 unanimous,-0.0,P,True,PPP,P/P/P
Pt7,P19,U,,,U,,,A,1980.0,2079.0,U,,,2,2-1 split,0.5793801642856949,U,True,AUU,U/U/A
Pt7,P69,P,,,U,,,P,,,P,,,2,2-1 split,0.5793801642856949,P,True,PPU,P/U/P
Pt7,P105,P,,,U,,,U,,,U,,,2,2-1 split,0.5793801642856949,U,True,PUU,P/U/U
Pt7,P160,P,,,P,,,P,,,P,,,1,3-0 unanimous,-0.0,P,True,PPP,P/P/P
Pt7,P176,A,2022.0,2075.0,A,2041.0,2091.0,A,2001.0,2081.0,A,2041.0,2081.0,1,3-0 unanimous,-0.0,A,True,AAA,A/A/A
Pt7,P188,A,2022.0,2060.0,A,2043.0,2079.0,A,2001.0,2075.0,A,2043.0,2075.0,1,3-0 unanimous,-0.0,A,True,AAA,A/A/A
Pt7,P211,A,2050.0,2063.0,P,,,P,,,P,,,2,2-1 split,0.5793801642856949,P,True,APP,A/P/P
Pt7,P212,A,2035.0,2065.0,U,,,U,,,P,,,2,2-1 split,0.5793801642856949,U,False,AUU,A/U/U
Pt7,P228,A,2047.0,2060.0,P,,,P,,,P,,,2,2-1 split,0.5793801642856949,P,True,APP,A/P/P
Pt7,P243,A,2050.0,2064.0,P,,,P,,,P,,,2,2-1 split,0.5793801642856949,P,True,APP,A/P/P
Pt7,P245,P,,,P,,,P,,,P,,,1,3-0 unanimous,-0.0,P,True,PPP,P/P/P
Pt7,P247,A,2042.0,2065.0,P,,,P,,,P,,,2,2-1 split,0.5793801642856949,P,True,APP,A/P/P
Pt7,P267,A,2050.0,2063.0,P,,,P,,,P,,,2,2-1 split,0.5793801642856949,P,True,APP,A/P/P
Pt7,P268,A,2038.0,2077.0,U,,,A,1991.0,2076.0,A,2038.0,2076.0,2,2-1 split,0.5793801642856949,A,True,AAU,A/U/A
Pt7,P270,P,,,P,,,P,,,P,,,1,3-0 unanimous,-0.0,P,True,PPP,P/P/P
Pt7,P271,A,2037.0,2083.0,A,2047.0,2091.0,A,1994.0,2088.0,A,2037.0,2088.0,1,3-0 unanimous,-0.0,A,True,AAA,A/A/A
Pt7,P274,A,2039.0,2060.0,P,,,P,,,P,,,2,2-1 split,0.5793801642856949,P,True,APP,A/P/P
Pt7,P276,P,,,P,,,P,,,P,,,1,3-0 unanimous,-0.0,P,True,PPP,P/P/P
Pt7,P278,A,2039.0,2064.0,P,,,P,,,P,,,2,2-1 split,0.5793801642856949,P,True,APP,A/P/P
Pt7,P279,A,2027.0,2099.0,A,2037.0,2108.0,A,1994.0,2102.0,A,2037.0,2068.0,1,3-0 unanimous,-0.0,A,True,AAA,A/A/A
Pt7,P280,P,,,P,,,P,,,P,,,1,3-0 unanimous,-0.0,P,True,PPP,P/P/P
Pt7,P284,A,2039.0,2059.0,P,,,P,,,P,,,2,2-1 split,0.5793801642856949,P,True,APP,A/P/P
Pt7,P285,A,2024.0,2069.0,A,2045.0,2076.0,A,1994.0,2079.0,A,2038.0,2076.0,1,3-0 unanimous,-0.0,A,True,AAA,A/A/A
Pt7,P389,P,,,P,,,P,,,P,,,1,3-0 unanimous,-0.0,P,True,PPP,P/P/P
Pt7,P390,P,,,P,,,P,,,P,,,1,3-0 unanimous,-0.0,P,True,PPP,P/P/P
Pt7,P391,P,,,P,,,P,,,P,,,1,3-0 unanimous,-0.0,P,True,PPP,P/P/P
Pt7,P400,P,,,P,,,P,,,P,,,1,3-0 unanimous,-0.0,P,True,PPP,P/P/P
Pt7,P401,P,,,P,,,P,,,P,,,1,3-0 unanimous,-0.0,P,True,PPP,P/P/P
Pt7,P410,P,,,P,,,P,,,P,,,1,3-0 unanimous,-0.0,P,True,PPP,P/P/P
Pt7,P555,U,,,A,2012.0,2094.0,A,2011.0,2079.0,A,2011.0,2094.0,2,2-1 split,0.5793801642856949,A,True,AAU,U/A/A
Pt7,P557,A,2007.0,2075.0,A,1999.0,2082.0,A,1999.0,2088.0,A,1999.0,2088.0,1,3-0 unanimous,-0.0,A,True,AAA,A/A/A
Pt7,P569,A,2055.0,2080.0,A,2052.0,2101.0,A,2006.0,2086.0,A,2055.0,2086.0,1,3-0 unanimous,-0.0,A,True,AAA,A/A/A
Pt7,P573,A,2054.0,2070.0,A,2054.0,2099.0,A,2009.0,2087.0,A,2054.0,2073.0,1,3-0 unanimous,-0.0,A,True,AAA,A/A/A
Pt7,P574,A,2012.0,2060.0,A,2032.0,2083.0,A,1999.0,2075.0,A,2032.0,2083.0,1,3-0 unanimous,-0.0,A,True,AAA,A/A/A
Pt7,P576,P,,,P,,,P,,,P,,,1,3-0 unanimous,-0.0,P,True,PPP,P/P/P
Pt7,P577,U,,,A,2004.0,2087.0,A,2006.0,2090.0,A,2006.0,2079.0,2,2-1 split,0.5793801642856949,A,True,AAU,U/A/A
Pt7,P579,A,2025.0,2048.0,A,2002.0,2083.0,A,1999.0,2071.0,A,2002.0,2071.0,1,3-0 unanimous,-0.0,A,True,AAA,A/A/A
Pt7,P583,A,2024.0,2060.0,A,1998.0,2078.0,A,2001.0,2072.0,A,2001.0,2066.0,1,3-0 unanimous,-0.0,A,True,AAA,A/A/A
Pt7,P584,A,2025.0,2064.0,A,1998.0,2108.0,A,1997.0,2096.0,A,2025.0,2066.0,1,3-0 unanimous,-0.0,A,True,AAA,A/A/A
Pt7,P585,U,,,A,2017.0,2086.0,A,1990.0,2079.0,A,2017.0,2079.0,2,2-1 split,0.5793801642856949,A,True,AAU,U/A/A
Pt7,P586,A,2065.0,2080.0,A,2056.0,2093.0,A,2002.0,2095.0,A,2056.0,2083.0,1,3-0 unanimous,-0.0,A,True,AAA,A/A/A
Pt7,P587,A,2027.0,2065.0,A,2012.0,2082.0,A,1998.0,2074.0,A,2012.0,2074.0,1,3-0 unanimous,-0.0,A,True,AAA,A/A/A
Pt7,P588,A,2025.0,2060.0,A,2001.0,2072.0,A,1986.0,2095.0,A,2025.0,2066.0,1,3-0 unanimous,-0.0,A,True,AAA,A/A/A
Pt7,P591,U,,,A,2045.0,2093.0,A,2000.0,2088.0,A,2045.0,2088.0,2,2-1 split,0.5793801642856949,A,True,AAU,U/A/A
Pt7,P592,A,2014.0,2065.0,A,2018.0,2065.0,A,1982.0,2065.0,A,2018.0,2065.0,1,3-0 unanimous,-0.0,A,True,AAA,A/A/A
Pt7,P595,U,,,A,1988.0,2099.0,A,1989.0,2096.0,A,1989.0,2096.0,2,2-1 split,0.5793801642856949,A,True,AAU,U/A/A
Pt7,P599,A,2022.0,2073.0,A,2040.0,2085.0,A,1995.0,2080.0,A,2040.0,2073.0,1,3-0 unanimous,-0.0,A,True,AAA,A/A/A
Pt7,P604,U,,,A,2063.0,2123.0,A,2007.0,2126.0,A,2063.0,2123.0,2,2-1 split,0.5793801642856949,A,True,AAU,U/A/A
Pt7,P610,A,2029.0,2063.0,U,,,A,1998.0,2066.0,A,2038.0,2063.0,2,2-1 split,0.5793801642856949,A,True,AAU,A/U/A
Pt7,P615,A,2030.0,2059.0,A,2039.0,2077.0,A,1995.0,2071.0,A,2039.0,2062.0,1,3-0 unanimous,-0.0,A,True,AAA,A/A/A
Pt7,P618,U,,,U,,,A,2011.0,2109.0,A,2011.0,2109.0,2,2-1 split,0.5793801642856949,U,False,AUU,U/U/A
Pt7,P623,A,2029.0,2060.0,A,2036.0,2097.0,A,1986.0,2097.0,A,2036.0,2061.0,1,3-0 unanimous,-0.0,A,True,AAA,A/A/A
Pt7,P718,A,2012.0,2075.0,A,2053.0,2083.0,A,2000.0,2085.0,U,,,1,3-0 unanimous,-0.0,A,False,AAA,A/A/A
Pt7,P851,P,,,P,,,P,,,P,,,1,3-0 unanimous,-0.0,P,True,PPP,P/P/P
Pt7,P854,P,,,P,,,P,,,P,,,1,3-0 unanimous,-0.0,P,True,PPP,P/P/P
Pt7,P862,U,,,U,,,A,2001.0,2083.0,U,,,2,2-1 split,0.5793801642856949,U,True,AUU,U/U/A
Pt7,P892,P,,,P,,,P,,,P,,,1,3-0 unanimous,-0.0,P,True,PPP,P/P/P
Pt7,P932,P,,,P,,,P,,,P,,,1,3-0 unanimous,-0.0,P,True,PPP,P/P/P
Pt7,P938,A,2012.0,2068.0,A,2002.0,2074.0,A,1999.0,2067.0,A,1999.0,2067.0,1,3-0 unanimous,-0.0,A,True,AAA,A/A/A
Pt7,P945,A,2019.0,2065.0,A,2002.0,2086.0,A,1982.0,2096.0,A,2002.0,2086.0,1,3-0 unanimous,-0.0,A,True,AAA,A/A/A
Pt7,P946,A,2042.0,2055.0,U,,,A,1995.0,2089.0,A,2042.0,2055.0,2,2-1 split,0.5793801642856949,A,True,AAU,A/U/A
Pt7,P947,P,,,P,,,P,,,P,,,1,3-0 unanimous,-0.0,P,True,PPP,P/P/P
Pt7,P1036,A,2002.0,2077.0,U,,,A,1986.0,2096.0,A,1986.0,2096.0,2,2-1 split,0.5793801642856949,A,True,AAU,A/U/A
Pt7,P1046,U,,,P,,,U,,,P,,,2,2-1 split,0.5793801642856949,U,False,PUU,U/P/U
Pt7,P1079,U,,,U,,,A,1999.0,2083.0,U,,,2,2-1 split,0.5793801642856949,U,True,AUU,U/U/A
Pt7,P1106,U,,,U,,,A,1990.0,2082.0,U,,,2,2-1 split,0.5793801642856949,U,True,AUU,U/U/A
Pt7,P1109,P,,,P,,,P,,,P,,,1,3-0 unanimous,-0.0,P,True,PPP,P/P/P
Pt7,P1117,P,,,P,,,P,,,P,,,1,3-0 unanimous,-0.0,P,True,PPP,P/P/P
Pt7,P1118,A,1981.0,2007.0,P,,,U,,,P,,,3,1-1-1 split,0.9999999999999998,,False,APU,A/P/U
Pt7,P1153,A,2029.0,2070.0,A,2052.0,2080.0,U,,,A,2052.0,2090.0,2,2-1 split,0.5793801642856949,A,True,AAU,A/A/U
Pt7,P1154,A,2029.0,2069.0,A,2048.0,2083.0,A,1999.0,2094.0,A,2053.0,2094.0,1,3-0 unanimous,-0.0,A,True,AAA,A/A/A
Pt7,P1160,A,2007.0,2020.0,P,,,P,,,P,,,2,2-1 split,0.5793801642856949,P,True,APP,A/P/P
Pt7,P1162,P,,,P,,,P,,,P,,,1,3-0 unanimous,-0.0,P,True,PPP,P/P/P
Pt8,P26,P,,,U,,,U,,,U,,,2,2-1 split,0.5793801642856949,U,True,PUU,P/U/U
Pt8,P103,P,,,P,,,P,,,P,,,1,3-0 unanimous,-0.0,P,True,PPP,P/P/P
Pt8,P114,P,,,P,,,P,,,P,,,1,3-0 unanimous,-0.0,P,True,PPP,P/P/P
Pt8,P116,P,,,P,,,P,,,P,,,1,3-0 unanimous,-0.0,P,True,PPP,P/P/P
Pt8,P118,P,,,U,,,P,,,P,,,2,2-1 split,0.5793801642856949,P,True,PPU,P/U/P
Pt8,P122,P,,,P,,,P,,,P,,,1,3-0 unanimous,-0.0,P,True,PPP,P/P/P
Pt8,P131,P,,,P,,,P,,,P,,,1,3-0 unanimous,-0.0,P,True,PPP,P/P/P
Pt8,P132,U,,,P,,,P,,,P,,,2,2-1 split,0.5793801642856949,P,True,PPU,U/P/P
Pt8,P133,P,,,P,,,P,,,P,,,1,3-0 unanimous,-0.0,P,True,PPP,P/P/P
Pt8,P140,U,,,P,,,P,,,P,,,2,2-1 split,0.5793801642856949,P,True,PPU,U/P/P
Pt8,P148,P,,,P,,,P,,,P,,,1,3-0 unanimous,-0.0,P,True,PPP,P/P/P
Pt8,P149,P,,,P,,,P,,,P,,,1,3-0 unanimous,-0.0,P,True,PPP,P/P/P
Pt8,P150,P,,,P,,,P,,,P,,,1,3-0 unanimous,-0.0,P,True,PPP,P/P/P
Pt8,P154,A,2060.0,2085.0,U,,,A,2061.0,2103.0,U,,,2,2-1 split,0.5793801642856949,A,False,AAU,A/U/A
Pt8,P155,P,,,U,,,P,,,P,,,2,2-1 split,0.5793801642856949,P,True,PPU,P/U/P
Pt8,P256,P,,,P,,,P,,,P,,,1,3-0 unanimous,-0.0,P,True,PPP,P/P/P
Pt8,P268,P,,,U,,,U,,,P,,,2,2-1 split,0.5793801642856949,U,False,PUU,P/U/U
Pt8,P316,P,,,P,,,P,,,P,,,1,3-0 unanimous,-0.0,P,True,PPP,P/P/P
Pt8,P317,P,,,P,,,P,,,P,,,1,3-0 unanimous,-0.0,P,True,PPP,P/P/P
Pt8,P320,P,,,P,,,P,,,P,,,1,3-0 unanimous,-0.0,P,True,PPP,P/P/P
Pt8,P321,P,,,U,,,P,,,P,,,2,2-1 split,0.5793801642856949,P,True,PPU,P/U/P
Pt8,P323,P,,,P,,,P,,,P,,,1,3-0 unanimous,-0.0,P,True,PPP,P/P/P
Pt8,P324,P,,,P,,,P,,,P,,,1,3-0 unanimous,-0.0,P,True,PPP,P/P/P
Pt8,P325,P,,,P,,,P,,,P,,,1,3-0 unanimous,-0.0,P,True,PPP,P/P/P
Pt8,P327,P,,,P,,,U,,,P,,,2,2-1 split,0.5793801642856949,P,True,PPU,P/P/U
Pt8,P328,P,,,P,,,P,,,P,,,1,3-0 unanimous,-0.0,P,True,PPP,P/P/P
Pt8,P329,P,,,P,,,P,,,P,,,1,3-0 unanimous,-0.0,P,True,PPP,P/P/P
Pt8,P332,P,,,P,,,P,,,P,,,1,3-0 unanimous,-0.0,P,True,PPP,P/P/P
Pt8,P335,P,,,P,,,P,,,P,,,1,3-0 unanimous,-0.0,P,True,PPP,P/P/P
Pt8,P339,P,,,P,,,P,,,P,,,1,3-0 unanimous,-0.0,P,True,PPP,P/P/P
Pt8,P341,P,,,P,,,P,,,P,,,1,3-0 unanimous,-0.0,P,True,PPP,P/P/P
Pt8,P348,P,,,P,,,P,,,P,,,1,3-0 unanimous,-0.0,P,True,PPP,P/P/P
Pt8,P365,U,,,U,,,U,,,P,,,1,3-0 unanimous,-0.0,U,False,UUU,U/U/U
Pt8,P366,U,,,P,,,P,,,P,,,2,2-1 split,0.5793801642856949,P,True,PPU,U/P/P
Pt8,P368,U,,,U,,,U,,,P,,,1,3-0 unanimous,-0.0,U,False,UUU,U/U/U
Pt8,P370,U,,,P,,,P,,,P,,,2,2-1 split,0.5793801642856949,P,True,PPU,U/P/P
Pt8,P371,P,,,P,,,P,,,P,,,1,3-0 unanimous,-0.0,P,True,PPP,P/P/P
Pt8,P372,P,,,U,,,U,,,P,,,2,2-1 split,0.5793801642856949,U,False,PUU,P/U/U
Pt8,P400,P,,,P,,,P,,,P,,,1,3-0 unanimous,-0.0,P,True,PPP,P/P/P
Pt8,P413,P,,,P,,,P,,,P,,,1,3-0 unanimous,-0.0,P,True,PPP,P/P/P
Pt8,P419,P,,,P,,,P,,,P,,,1,3-0 unanimous,-0.0,P,True,PPP,P/P/P
Pt8,P422,A,1998.0,2019.0,P,,,P,,,P,,,2,2-1 split,0.5793801642856949,P,True,APP,A/P/P
Pt8,P424,P,,,P,,,P,,,P,,,1,3-0 unanimous,-0.0,P,True,PPP,P/P/P
Pt8,P474,P,,,P,,,P,,,P,,,1,3-0 unanimous,-0.0,P,True,PPP,P/P/P
Pt8,P530,U,,,U,,,U,,,U,,,1,3-0 unanimous,-0.0,U,True,UUU,U/U/U
Pt8,P556,U,,,U,,,U,,,U,,,1,3-0 unanimous,-0.0,U,True,UUU,U/U/U
Pt8,P565,U,,,U,,,U,,,U,,,1,3-0 unanimous,-0.0,U,True,UUU,U/U/U
Pt8,P568,U,,,A,2050.0,2126.0,A,2050.0,2131.0,A,2050.0,2131.0,2,2-1 split,0.5793801642856949,A,True,AAU,U/A/A
Pt8,P577,A,2109.0,2159.0,A,2110.0,2187.0,A,2108.0,2211.0,A,2108.0,2204.0,1,3-0 unanimous,-0.0,A,True,AAA,A/A/A
Pt8,P587,A,2110.0,2163.0,A,2052.0,2215.0,A,2098.0,2248.0,A,2098.0,2248.0,1,3-0 unanimous,-0.0,A,True,AAA,A/A/A
Pt8,P591,U,,,U,,,U,,,U,,,1,3-0 unanimous,-0.0,U,True,UUU,U/U/U
Pt8,P593,A,2114.0,2189.0,A,2061.0,2204.0,A,2114.0,2238.0,A,2114.0,2238.0,1,3-0 unanimous,-0.0,A,True,AAA,A/A/A
Pt8,P597,A,2121.0,2187.0,A,2056.0,2218.0,A,2112.0,2252.0,A,2121.0,2252.0,1,3-0 unanimous,-0.0,A,True,AAA,A/A/A
Pt8,P601,A,2121.0,2188.0,A,2063.0,2218.0,A,2113.0,2256.0,A,2113.0,2256.0,1,3-0 unanimous,-0.0,A,True,AAA,A/A/A
Pt8,P607,A,2109.0,2189.0,A,2037.0,2210.0,A,2105.0,2241.0,A,2109.0,2241.0,1,3-0 unanimous,-0.0,A,True,AAA,A/A/A
Pt8,P623,A,2095.0,2125.0,A,2066.0,2124.0,A,2095.0,2131.0,A,2066.0,2125.0,1,3-0 unanimous,-0.0,A,True,AAA,A/A/A
Pt8,P637,A,2000.0,2110.0,A,2045.0,2108.0,A,2032.0,2109.0,A,2032.0,2109.0,1,3-0 unanimous,-0.0,A,True,AAA,A/A/A
Pt8,P640,A,2093.0,2129.0,A,2064.0,2128.0,A,2095.0,2129.0,A,2064.0,2129.0,1,3-0 unanimous,-0.0,A,True,AAA,A/A/A
Pt8,P641,A,1991.0,2103.0,A,2049.0,2111.0,A,2041.0,2108.0,A,2033.0,2108.0,1,3-0 unanimous,-0.0,A,True,AAA,A/A/A
Pt8,P643,A,2096.0,2125.0,A,2068.0,2125.0,A,2059.0,2128.0,A,2059.0,2128.0,1,3-0 unanimous,-0.0,A,True,AAA,A/A/A
Pt8,P646,A,2095.0,2129.0,A,2067.0,2127.0,A,2066.0,2130.0,A,2066.0,2130.0,1,3-0 unanimous,-0.0,A,True,AAA,A/A/A
Pt8,P648,A,2095.0,2132.0,A,2066.0,2134.0,A,2064.0,2131.0,A,2064.0,2132.0,1,3-0 unanimous,-0.0,A,True,AAA,A/A/A
Pt8,P649,A,1995.0,2109.0,A,2043.0,2114.0,A,2041.0,2110.0,A,2043.0,2114.0,1,3-0 unanimous,-0.0,A,True,AAA,A/A/A
Pt8,P655,A,2093.0,2129.0,A,2047.0,2127.0,A,2048.0,2139.0,A,2048.0,2139.0,1,3-0 unanimous,-0.0,A,True,AAA,A/A/A
Pt8,P658,A,2100.0,2137.0,A,2066.0,2150.0,A,2113.0,2136.0,A,2066.0,2136.0,1,3-0 unanimous,-0.0,A,True,AAA,A/A/A
Pt8,P659,A,2099.0,2132.0,A,2066.0,2134.0,A,2109.0,2142.0,A,2066.0,2134.0,1,3-0 unanimous,-0.0,A,True,AAA,A/A/A
Pt8,P662,A,2093.0,2132.0,A,2068.0,2160.0,A,2096.0,2135.0,A,2068.0,2135.0,1,3-0 unanimous,-0.0,A,True,AAA,A/A/A
Pt8,P675,A,2093.0,2125.0,A,2068.0,2142.0,A,2092.0,2135.0,A,2066.0,2135.0,1,3-0 unanimous,-0.0,A,True,AAA,A/A/A
Pt8,P678,A,2084.0,2136.0,A,2067.0,2142.0,A,2091.0,2140.0,A,2067.0,2140.0,1,3-0 unanimous,-0.0,A,True,AAA,A/A/A
Pt8,P679,A,2085.0,2129.0,A,2066.0,2134.0,A,2057.0,2138.0,A,2060.0,2134.0,1,3-0 unanimous,-0.0,A,True,AAA,A/A/A
Pt8,P685,A,2096.0,2131.0,A,2063.0,2146.0,A,2059.0,2133.0,A,2059.0,2131.0,1,3-0 unanimous,-0.0,A,True,AAA,A/A/A
Pt8,P686,A,2093.0,2132.0,A,2063.0,2124.0,A,2053.0,2134.0,A,2059.0,2132.0,1,3-0 unanimous,-0.0,A,True,AAA,A/A/A
Pt8,P687,A,2091.0,2129.0,A,2060.0,2140.0,A,2060.0,2137.0,A,2060.0,2132.0,1,3-0 unanimous,-0.0,A,True,AAA,A/A/A
Pt8,P688,A,2085.0,2125.0,A,2065.0,2122.0,A,2062.0,2126.0,A,2065.0,2126.0,1,3-0 unanimous,-0.0,A,True,AAA,A/A/A
Pt8,P699,A,2095.0,2138.0,A,2063.0,2148.0,A,2059.0,2134.0,A,2059.0,2148.0,1,3-0 unanimous,-0.0,A,True,AAA,A/A/A
Pt8,P701,A,2096.0,2135.0,A,2058.0,2145.0,A,2058.0,2149.0,A,2058.0,2149.0,1,3-0 unanimous,-0.0,A,True,AAA,A/A/A
Pt8,P702,A,2084.0,2121.0,A,2062.0,2127.0,A,2050.0,2134.0,A,2062.0,2127.0,1,3-0 unanimous,-0.0,A,True,AAA,A/A/A
Pt8,P704,A,2093.0,2129.0,A,2053.0,2134.0,A,2057.0,2130.0,A,2057.0,2129.0,1,3-0 unanimous,-0.0,A,True,AAA,A/A/A
Pt8,P706,A,2089.0,2136.0,A,2058.0,2151.0,A,2058.0,2140.0,A,2058.0,2151.0,1,3-0 unanimous,-0.0,A,True,AAA,A/A/A
Pt8,P708,A,2091.0,2132.0,A,2059.0,2140.0,A,2061.0,2134.0,A,2059.0,2155.0,1,3-0 unanimous,-0.0,A,True,AAA,A/A/A
Pt8,P709,A,2006.0,2125.0,A,2066.0,2121.0,A,2059.0,2129.0,A,2062.0,2126.0,1,3-0 unanimous,-0.0,A,True,AAA,A/A/A
Pt8,P711,A,2093.0,2146.0,A,2062.0,2146.0,A,2057.0,2151.0,A,2057.0,2151.0,1,3-0 unanimous,-0.0,A,True,AAA,A/A/A
Pt8,P713,A,1982.0,2142.0,A,2044.0,2147.0,A,2031.0,2144.0,A,2031.0,2144.0,1,3-0 unanimous,-0.0,A,True,AAA,A/A/A
Pt8,P714,A,2100.0,2127.0,A,2059.0,2127.0,A,2057.0,2128.0,A,2057.0,2128.0,1,3-0 unanimous,-0.0,A,True,AAA,A/A/A
Pt8,P715,U,,,A,2041.0,2155.0,A,2030.0,2151.0,A,2030.0,2151.0,2,2-1 split,0.5793801642856949,A,True,AAU,U/A/A
Pt8,P719,A,2093.0,2116.0,A,2064.0,2118.0,A,2064.0,2125.0,A,2064.0,2125.0,1,3-0 unanimous,-0.0,A,True,AAA,A/A/A
Pt8,P720,A,2093.0,2124.0,A,2060.0,2125.0,A,2059.0,2132.0,A,2059.0,2132.0,1,3-0 unanimous,-0.0,A,True,AAA,A/A/A
Pt8,P721,A,2089.0,2117.0,A,2064.0,2113.0,A,2057.0,2124.0,A,2057.0,2124.0,1,3-0 unanimous,-0.0,A,True,AAA,A/A/A
Pt8,P725,A,2100.0,2142.0,A,2066.0,2142.0,A,2109.0,2149.0,A,2066.0,2145.0,1,3-0 unanimous,-0.0,A,True,AAA,A/A/A
Pt8,P732,A,2106.0,2137.0,A,2065.0,2142.0,A,2106.0,2143.0,A,2061.0,2143.0,1,3-0 unanimous,-0.0,A,True,AAA,A/A/A
Pt8,P741,A,2085.0,2120.0,U,,,U,,,U,,,2,2-1 split,0.5793801642856949,U,True,AUU,A/U/U
Pt8,P751,A,2081.0,2124.0,U,,,A,2056.0,2116.0,A,2056.0,2124.0,2,2-1 split,0.5793801642856949,A,True,AAU,A/U/A
Pt8,P761,U,,,U,,,U,,,U,,,1,3-0 unanimous,-0.0,U,True,UUU,U/U/U
Pt8,P762,P,,,P,,,P,,,P,,,1,3-0 unanimous,-0.0,P,True,PPP,P/P/P
Pt8,P776,A,2100.0,2137.0,A,2073.0,2136.0,A,2104.0,2145.0,A,2070.0,2145.0,1,3-0 unanimous,-0.0,A,True,AAA,A/A/A
Pt8,P797,A,2103.0,2138.0,A,2065.0,2149.0,A,2103.0,2149.0,A,2065.0,2149.0,1,3-0 unanimous,-0.0,A,True,AAA,A/A/A
Pt8,P811,A,2075.0,2127.0,A,2059.0,2125.0,U,,,A,2059.0,2127.0,2,2-1 split,0.5793801642856949,A,True,AAU,A/A/U
Pt8,P815,A,2081.0,2125.0,A,2052.0,2126.0,A,2080.0,2131.0,A,2052.0,2131.0,1,3-0 unanimous,-0.0,A,True,AAA,A/A/A
Pt8,P816,A,2075.0,2136.0,A,2052.0,2124.0,A,2076.0,2134.0,A,2052.0,2136.0,1,3-0 unanimous,-0.0,A,True,AAA,A/A/A
Pt8,P818,A,2075.0,2131.0,A,2050.0,2125.0,A,2076.0,2132.0,A,2050.0,2132.0,1,3-0 unanimous,-0.0,A,True,AAA,A/A/A
Pt8,P824,P,,,P,,,P,,,P,,,1,3-0 unanimous,-0.0,P,True,PPP,P/P/P
Pt8,P902,A,2100.0,2146.0,A,2074.0,2146.0,A,2104.0,2148.0,A,2071.0,2146.0,1,3-0 unanimous,-0.0,A,True,AAA,A/A/A
Pt8,P926,A,2055.0,2099.0,U,,,A,2023.0,2104.0,A,2059.0,2104.0,2,2-1 split,0.5793801642856949,A,True,AAU,A/U/A
Pt8,P941,A,2007.0,2132.0,A,2033.0,2134.0,A,2020.0,2136.0,A,2007.0,2134.0,1,3-0 unanimous,-0.0,A,True,AAA,A/A/A
Pt8,P942,A,1988.0,2100.0,U,,,A,1987.0,2092.0,A,2007.0,2092.0,2,2-1 split,0.5793801642856949,A,True,AAU,A/U/A
Pt8,P949,P,,,P,,,P,,,P,,,1,3-0 unanimous,-0.0,P,True,PPP,P/P/P
Pt8,P954,P,,,P,,,P,,,P,,,1,3-0 unanimous,-0.0,P,True,PPP,P/P/P
Pt8,P969,P,,,P,,,P,,,P,,,1,3-0 unanimous,-0.0,P,True,PPP,P/P/P
Pt8,P976,P,,,P,,,P,,,P,,,1,3-0 unanimous,-0.0,P,True,PPP,P/P/P
Pt8,P984,P,,,P,,,P,,,P,,,1,3-0 unanimous,-0.0,P,True,PPP,P/P/P
Pt8,P991,A,2099.0,2138.0,A,2069.0,2137.0,A,2063.0,2147.0,A,2063.0,2147.0,1,3-0 unanimous,-0.0,A,True,AAA,A/A/A
Pt8,P999,A,2103.0,2141.0,A,2065.0,2140.0,A,2065.0,2144.0,A,2065.0,2144.0,1,3-0 unanimous,-0.0,A,True,AAA,A/A/A
Pt8,P1003,A,2011.0,2088.0,A,2031.0,2094.0,A,1986.0,2089.0,A,2036.0,2094.0,1,3-0 unanimous,-0.0,A,True,AAA,A/A/A
Pt8,P1005,A,2114.0,2125.0,U,,,A,2107.0,2133.0,U,,,2,2-1 split,0.5793801642856949,A,False,AAU,A/U/A
Pt8,P1006,A,2067.0,2114.0,A,2063.0,2120.0,A,2073.0,2124.0,A,2059.0,2120.0,1,3-0 unanimous,-0.0,A,True,AAA,A/A/A
Pt8,P1010,A,2104.0,2142.0,A,2103.0,2142.0,A,2104.0,2154.0,A,2105.0,2142.0,1,3-0 unanimous,-0.0,A,True,AAA,A/A/A
Pt8,P1011,P,,,U,,,U,,,P,,,2,2-1 split,0.5793801642856949,U,False,PUU,P/U/U
Pt8,P1016,A,2110.0,2137.0,A,2110.0,2146.0,A,2105.0,2145.0,A,2105.0,2145.0,1,3-0 unanimous,-0.0,A,True,AAA,A/A/A
Pt8,P1017,P,,,U,,,U,,,P,,,2,2-1 split,0.5793801642856949,U,False,PUU,P/U/U
Pt8,P1018,A,2075.0,2110.0,A,2074.0,2117.0,A,2079.0,2117.0,A,2075.0,2117.0,1,3-0 unanimous,-0.0,A,True,AAA,A/A/A
Pt8,P1023,A,2107.0,2142.0,A,2105.0,2145.0,A,2105.0,2145.0,A,2107.0,2142.0,1,3-0 unanimous,-0.0,A,True,AAA,A/A/A
Pt8,P1024,P,,,U,,,U,,,P,,,2,2-1 split,0.5793801642856949,U,False,PUU,P/U/U
Pt8,P1094,P,,,U,,,P,,,P,,,2,2-1 split,0.5793801642856949,P,True,PPU,P/U/P
Pt8,P1110,A,2080.0,2120.0,A,2058.0,2130.0,A,2043.0,2129.0,A,2043.0,2129.0,1,3-0 unanimous,-0.0,A,True,AAA,A/A/A
Pt8,P1112,A,2088.0,2110.0,A,2063.0,2128.0,A,2041.0,2114.0,A,2041.0,2114.0,1,3-0 unanimous,-0.0,A,True,AAA,A/A/A
Pt8,P1113,A,2095.0,2124.0,A,2062.0,2140.0,A,2061.0,2146.0,A,2044.0,2146.0,1,3-0 unanimous,-0.0,A,True,AAA,A/A/A
Pt8,P1114,A,2081.0,2125.0,A,2064.0,2125.0,A,2060.0,2129.0,A,2044.0,2129.0,1,3-0 unanimous,-0.0,A,True,AAA,A/A/A
Pt8,P1115,A,2080.0,2117.0,A,2059.0,2115.0,A,2058.0,2130.0,A,2042.0,2115.0,1,3-0 unanimous,-0.0,A,True,AAA,A/A/A
Pt8,P1130,P,,,P,,,P,,,P,,,1,3-0 unanimous,-0.0,P,True,PPP,P/P/P
Pt9,P39,P,,,P,,,P,,,P,,,1,3-0 unanimous,-0.0,P,True,PPP,P/P/P
Pt9,P40,P,,,P,,,P,,,P,,,1,3-0 unanimous,-0.0,P,True,PPP,P/P/P
Pt9,P43,P,,,U,,,P,,,P,,,2,2-1 split,0.5793801642856949,P,True,PPU,P/U/P
Pt9,P45,P,,,U,,,P,,,P,,,2,2-1 split,0.5793801642856949,P,True,PPU,P/U/P
Pt9,P82,P,,,P,,,P,,,P,,,1,3-0 unanimous,-0.0,P,True,PPP,P/P/P
Pt9,P375,U,,,U,,,P,,,U,,,2,2-1 split,0.5793801642856949,U,True,PUU,U/U/P
Pt9,P382,P,,,P,,,P,,,P,,,1,3-0 unanimous,-0.0,P,True,PPP,P/P/P
Pt9,P425,A,2100.0,2117.0,A,2103.0,2124.0,A,2097.0,2125.0,A,2101.0,2119.0,1,3-0 unanimous,-0.0,A,True,AAA,A/A/A
Pt9,P427,A,2091.0,2117.0,A,2074.0,2124.0,A,2093.0,2125.0,A,2093.0,2125.0,1,3-0 unanimous,-0.0,A,True,AAA,A/A/A
Pt9,P429,A,2084.0,2114.0,A,2065.0,2132.0,A,2065.0,2132.0,A,2066.0,2132.0,1,3-0 unanimous,-0.0,A,True,AAA,A/A/A
Pt9,P437,A,2093.0,2110.0,A,2057.0,2118.0,A,2092.0,2121.0,A,2092.0,2111.0,1,3-0 unanimous,-0.0,A,True,AAA,A/A/A
Pt9,P439,A,2075.0,2112.0,A,2065.0,2126.0,A,2064.0,2117.0,A,2065.0,2119.0,1,3-0 unanimous,-0.0,A,True,AAA,A/A/A
Pt9,P441,A,2089.0,2106.0,A,2087.0,2120.0,A,2089.0,2115.0,A,2090.0,2107.0,1,3-0 unanimous,-0.0,A,True,AAA,A/A/A
Pt9,P442,A,2063.0,2110.0,A,2061.0,2122.0,A,2064.0,2122.0,A,2063.0,2122.0,1,3-0 unanimous,-0.0,A,True,AAA,A/A/A
Pt9,P454,A,2091.0,2106.0,A,2092.0,2114.0,A,2084.0,2114.0,A,2092.0,2107.0,1,3-0 unanimous,-0.0,A,True,AAA,A/A/A
Pt9,P455,A,2072.0,2110.0,A,2067.0,2126.0,A,2064.0,2124.0,A,2064.0,2124.0,1,3-0 unanimous,-0.0,A,True,AAA,A/A/A
Pt9,P457,A,2089.0,2106.0,A,2092.0,2113.0,A,2084.0,2114.0,A,2089.0,2107.0,1,3-0 unanimous,-0.0,A,True,AAA,A/A/A
Pt9,P458,A,2070.0,2110.0,A,2061.0,2120.0,A,2063.0,2121.0,A,2063.0,2121.0,1,3-0 unanimous,-0.0,A,True,AAA,A/A/A
Pt9,P459,A,2074.0,2110.0,A,2068.0,2125.0,A,2063.0,2115.0,A,2063.0,2125.0,1,3-0 unanimous,-0.0,A,True,AAA,A/A/A
Pt9,P461,A,2091.0,2106.0,A,2094.0,2109.0,A,2086.0,2114.0,A,2091.0,2107.0,1,3-0 unanimous,-0.0,A,True,AAA,A/A/A
Pt9,P462,A,2072.0,2110.0,A,2066.0,2122.0,A,2064.0,2123.0,A,2064.0,2123.0,1,3-0 unanimous,-0.0,A,True,AAA,A/A/A
Pt9,P463,A,2089.0,2107.0,U,,,A,2082.0,2114.0,A,2089.0,2110.0,2,2-1 split,0.5793801642856949,A,True,AAU,A/U/A
Pt9,P513,U,,,U,,,U,,,U,,,1,3-0 unanimous,-0.0,U,True,UUU,U/U/U
Pt9,P521,U,,,U,,,U,,,U,,,1,3-0 unanimous,-0.0,U,True,UUU,U/U/U
Pt9,P537,A,1998.0,2063.0,U,,,A,2007.0,2090.0,A,1999.0,2090.0,2,2-1 split,0.5793801642856949,A,True,AAU,A/U/A
Pt9,P538,A,1998.0,2093.0,A,2014.0,2140.0,A,2009.0,2124.0,A,1999.0,2093.0,1,3-0 unanimous,-0.0,A,True,AAA,A/A/A
Pt9,P553,U,,,U,,,U,,,A,2071.0,2095.0,1,3-0 unanimous,-0.0,U,False,UUU,U/U/U
Pt9,P559,A,2024.0,2075.0,A,2019.0,2103.0,A,2017.0,2092.0,A,2019.0,2095.0,1,3-0 unanimous,-0.0,A,True,AAA,A/A/A
Pt9,P586,U,,,P,,,U,,,P,,,2,2-1 split,0.5793801642856949,U,False,PUU,U/P/U
Pt9,P590,U,,,A,2101.0,2173.0,A,2102.0,2165.0,A,2105.0,2165.0,2,2-1 split,0.5793801642856949,A,True,AAU,U/A/A
Pt9,P621,U,,,P,,,U,,,P,,,2,2-1 split,0.5793801642856949,U,False,PUU,U/P/U
Pt9,P665,U,,,P,,,U,,,P,,,2,2-1 split,0.5793801642856949,U,False,PUU,U/P/U
Pt9,P681,A,2035.0,2115.0,A,2064.0,2129.0,A,2058.0,2131.0,A,2058.0,2131.0,1,3-0 unanimous,-0.0,A,True,AAA,A/A/A
Pt9,P683,A,2032.0,2131.0,A,2047.0,2142.0,A,2060.0,2138.0,A,2047.0,2142.0,1,3-0 unanimous,-0.0,A,True,AAA,A/A/A
Pt9,P684,A,2019.0,2094.0,A,2061.0,2127.0,A,2059.0,2138.0,A,2061.0,2127.0,1,3-0 unanimous,-0.0,A,True,AAA,A/A/A
Pt9,P686,A,2032.0,2094.0,A,2054.0,2134.0,A,2059.0,2140.0,A,2047.0,2140.0,1,3-0 unanimous,-0.0,A,True,AAA,A/A/A
Pt9,P704,U,,,P,,,U,,,P,,,2,2-1 split,0.5793801642856949,U,False,PUU,U/P/U
Pt9,P705,U,,,P,,,U,,,P,,,2,2-1 split,0.5793801642856949,U,False,PUU,U/P/U
Pt9,P711,P,,,P,,,U,,,P,,,2,2-1 split,0.5793801642856949,P,True,PPU,P/P/U
Pt9,P719,P,,,P,,,U,,,P,,,2,2-1 split,0.5793801642856949,P,True,PPU,P/P/U
Pt9,P739,A,2041.0,2094.0,A,2013.0,2122.0,A,2048.0,2093.0,A,2045.0,2093.0,1,3-0 unanimous,-0.0,A,True,AAA,A/A/A
Pt9,P759,A,2044.0,2094.0,A,2035.0,2151.0,U,,,A,2035.0,2103.0,2,2-1 split,0.5793801642856949,A,True,AAU,A/A/U
Pt9,P763,A,2066.0,2097.0,A,2071.0,2118.0,A,2071.0,2107.0,A,2071.0,2107.0,1,3-0 unanimous,-0.0,A,True,AAA,A/A/A
Pt9,P764,A,2069.0,2091.0,A,2068.0,2118.0,A,2073.0,2108.0,A,2073.0,2108.0,1,3-0 unanimous,-0.0,A,True,AAA,A/A/A
Pt9,P772,A,2050.0,2097.0,A,2025.0,2109.0,A,2009.0,2098.0,A,2053.0,2097.0,1,3-0 unanimous,-0.0,A,True,AAA,A/A/A
Pt9,P773,A,2066.0,2106.0,A,2029.0,2104.0,A,2073.0,2104.0,A,2073.0,2104.0,1,3-0 unanimous,-0.0,A,True,AAA,A/A/A
Pt9,P774,A,2050.0,2100.0,A,2029.0,2104.0,A,2073.0,2106.0,A,2073.0,2104.0,1,3-0 unanimous,-0.0,A,True,AAA,A/A/A
Pt9,P776,A,2072.0,2100.0,A,2032.0,2099.0,A,2075.0,2099.0,A,2076.0,2099.0,1,3-0 unanimous,-0.0,A,True,AAA,A/A/A
Pt9,P850,U,,,P,,,P,,,P,,,2,2-1 split,0.5793801642856949,P,True,PPU,U/P/P
Pt9,P887,A,2053.0,2094.0,A,2054.0,2111.0,U,,,A,2054.0,2111.0,2,2-1 split,0.5793801642856949,A,True,AAU,A/A/U
