patient,record,y,pA_raw,pA_platt,pred_raw,pred_platt,selected_config
Pt1,P71,0,0.0214121200201984,0.0630648511809371,0,0,L15_m20
Pt1,P282,1,0.998724950994316,0.9924333312672812,1,1,L15_m20
Pt1,P288,1,0.9711231864410332,0.9310047087432728,1,1,L15_m20
Pt1,P290,1,0.996563284698988,0.984610442599007,1,1,L15_m20
Pt1,P304,1,0.998438110158448,0.9912474175145868,1,1,L15_m20
Pt1,P364,0,0.909057987676336,0.8488728139543072,1,1,L15_m20
Pt1,P397,1,0.0093698816774599,0.0354232784953391,0,0,L15_m20
Pt1,P400,0,0.0546326682727431,0.1195346108019219,0,0,L15_m20
Pt1,P409,0,0.0413730655013575,0.0990579544392586,0,0,L15_m20
Pt1,P412,0,0.0426298876534289,0.1010901687307,0,0,L15_m20
Pt1,P417,0,0.0397129821463409,0.0963400021633515,0,0,L15_m20
Pt1,P421,0,0.0635701871870075,0.1323280642350633,0,0,L15_m20
Pt1,P452,1,0.9986811622524292,0.9922476941648146,1,1,L15_m20
Pt1,P457,1,0.9962531245536967,0.9836318131777024,1,1,L15_m20
Pt1,P458,1,0.9962888989125924,0.9837434374326994,1,1,L15_m20
Pt1,P475,1,0.998610132350234,0.9919502786828964,1,1,L15_m20
Pt1,P495,0,0.0617465837519903,0.1297736958798677,0,0,L15_m20
Pt1,P499,1,0.447482708849151,0.4776065100979271,0,0,L15_m20
Pt1,P501,0,0.0182610770122984,0.0564779897017958,0,0,L15_m20
Pt1,P503,1,0.996200906766054,0.9834694439247502,1,1,L15_m20
Pt1,P504,0,0.8675731585640678,0.8054262027543313,1,1,L15_m20
Pt1,P509,0,0.0054998457284403,0.0243156556230322,0,0,L15_m20
Pt1,P525,0,0.6838366983881795,0.6502156125068562,1,1,L15_m20
Pt1,P545,1,0.9987597365699288,0.9925821043883104,1,1,L15_m20
Pt1,P546,1,0.998308266558873,0.990731595427388,1,1,L15_m20
Pt1,P547,0,0.0047010644152677,0.0217539451115304,0,0,L15_m20
Pt1,P549,0,0.0105601849747186,0.0385287734352012,0,0,L15_m20
Pt1,P550,0,0.0201882210875944,0.0605473093000673,0,0,L15_m20
Pt1,P551,0,0.9074749854433808,0.8471035519344253,1,1,L15_m20
Pt1,P554,0,0.4367154636320013,0.4697441949276613,0,0,L15_m20
Pt1,P562,0,0.0058152295887177,0.0252954895188012,0,0,L15_m20
Pt1,P568,0,0.5136690936631826,0.5255254208493556,1,1,L15_m20
Pt1,P571,0,0.0127386785231783,0.043940701252292,0,0,L15_m20
Pt1,P574,0,0.0061008759493917,0.0261690588319753,0,0,L15_m20
Pt1,P577,0,0.0163039868620894,0.0521980475760223,0,0,L15_m20
Pt1,P578,0,0.0209417369250759,0.062103086869901,0,0,L15_m20
Pt1,P592,0,0.014861557913412,0.0489356098374953,0,0,L15_m20
Pt1,P603,0,0.0149321208952617,0.0490975283618362,0,0,L15_m20
Pt1,P612,0,0.0519663203884612,0.1155742328315344,0,0,L15_m20
Pt1,P615,0,0.0197433899708152,0.0596198373956137,0,0,L15_m20
Pt1,P635,0,0.002291976492568,0.0130392280770087,0,0,L15_m20
Pt1,P639,0,0.0105903651402982,0.0386060354038039,0,0,L15_m20
Pt1,P643,0,0.0021756368010609,0.0125626568183588,0,0,L15_m20
Pt1,P645,0,0.0044562112103228,0.0209430053322057,0,0,L15_m20
Pt1,P647,0,0.0024632920514849,0.0137283318974592,0,0,L15_m20
Pt1,P651,0,0.009085214107149,0.0346626312197835,0,0,L15_m20
Pt1,P655,0,0.0021596824069798,0.0124967278543692,0,0,L15_m20
Pt1,P656,0,0.0054862202151033,0.024272945053349,0,0,L15_m20
Pt1,P657,0,0.0022095995589317,0.0127025343837636,0,0,L15_m20
Pt1,P682,0,0.0045069734862747,0.0211122056645909,0,0,L15_m20
Pt1,P705,0,0.015544657250914,0.0504928556962956,0,0,L15_m20
Pt1,P717,0,0.0029124280543297,0.0154716900182503,0,0,L15_m20
Pt1,P727,0,0.0256584019595707,0.0714506621997105,0,0,L15_m20
Pt1,P738,0,0.0133877792703844,0.0454945486768339,0,0,L15_m20
Pt1,P800,1,0.9987444769514096,0.9925166959592676,1,1,L15_m20
Pt1,P802,0,0.0029421104509022,0.0155839965597805,0,0,L15_m20
Pt1,P803,1,0.9986453596083764,0.9920972228318335,1,1,L15_m20
Pt1,P808,0,0.2105961529839264,0.2907274281843132,0,0,L15_m20
Pt1,P810,0,0.0044695257452201,0.0209874409676599,0,0,L15_m20
Pt1,P818,1,0.5124105718847443,0.5246179301963158,1,1,L15_m20
Pt1,P827,0,0.0161008247899239,0.0517443943821004,0,0,L15_m20
Pt1,P828,1,0.9989178377791322,0.9932740766466512,1,1,L15_m20
Pt1,P830,1,0.9968693940250052,0.9856021141499126,1,1,L15_m20
Pt1,P834,1,0.962506073607564,0.9173700849631098,1,1,L15_m20
Pt1,P835,1,0.998125756516074,0.9900254044006938,1,1,L15_m20
Pt1,P852,1,0.9988629510797812,0.9930307689986898,1,1,L15_m20
Pt1,P868,1,0.9984758939743535,0.9913998070984628,1,1,L15_m20
Pt1,P881,1,0.9988944314576054,0.9931698975561148,1,1,L15_m20
Pt1,P896,1,0.9971550179633706,0.9865533901887696,1,1,L15_m20
Pt1,P904,1,0.9988295240925772,0.9928842366477332,1,1,L15_m20
Pt1,P913,1,0.4377045107112473,0.4704675383615692,0,0,L15_m20
Pt1,P930,0,0.0261567874818517,0.0724030146042469,0,0,L15_m20
Pt1,P933,1,0.9988484231796948,0.9929669345149242,1,1,L15_m20
Pt1,P935,1,0.9989178377791322,0.9932740766466512,1,1,L15_m20
Pt1,P936,1,0.9925866051101996,0.9734109140694346,1,1,L15_m20
Pt1,P950,1,0.9988484231796948,0.9929669345149242,1,1,L15_m20
Pt1,P956,1,0.9988677058174597,0.9930517114768274,1,1,L15_m20
Pt1,P962,1,0.9542619853614276,0.9052823842971308,1,1,L15_m20
Pt1,P963,1,0.998881197818552,0.9931112749943298,1,1,L15_m20
Pt1,P967,1,0.9988677058174597,0.9930517114768274,1,1,L15_m20
Pt1,P969,1,0.9988357148223508,0.9929112834685154,1,1,L15_m20
Pt1,P997,1,0.9378578562440828,0.8832329568756663,1,1,L15_m20
Pt1,P1000,1,0.9988994880087132,0.9931923499759324,1,1,L15_m20
Pt1,P1002,1,0.9989187559689836,0.9932781764511996,1,1,L15_m20
Pt1,P1003,1,0.9988677058174597,0.9930517114768274,1,1,L15_m20
Pt1,P1004,1,0.9987731581323605,0.9926398248133274,1,1,L15_m20
Pt1,P1005,1,0.998935461394361,0.9933529423843394,1,1,L15_m20
Pt1,P1006,1,0.9988396346163564,0.9929284299993192,1,1,L15_m20
Pt1,P1007,1,0.9988357148223508,0.9929112834685154,1,1,L15_m20
Pt1,P1008,1,0.9989178377791322,0.9932740766466512,1,1,L15_m20
Pt1,P1009,1,0.9901291110834056,0.9674438113211322,1,1,L15_m20
Pt1,P1010,1,0.998356412535618,0.990921485361738,1,1,L15_m20
Pt1,P1011,1,0.9988357148223508,0.9929112834685154,1,1,L15_m20
Pt1,P1012,1,0.9988872615972092,0.9931381116837652,1,1,L15_m20
Pt1,P1013,1,0.9987475224879212,0.9925297320096104,1,1,L15_m20
Pt1,P1014,1,0.9511879423136144,0.9009678921528704,1,1,L15_m20
Pt1,P1015,1,0.9988954498636996,0.9931744171853254,1,1,L15_m20
Pt1,P1016,1,0.9989178377791322,0.9932740766466512,1,1,L15_m20
Pt1,P1017,1,0.998786693424758,0.992698217621734,1,1,L15_m20
Pt1,P1019,1,0.9705763847832534,0.9301026965177336,1,1,L15_m20
Pt1,P1020,1,0.9989187559689836,0.9932781764511996,1,1,L15_m20
Pt1,P1021,1,0.997590393777506,0.9880593244168758,1,1,L15_m20
Pt1,P1032,1,0.9986549577340053,0.9921374487963404,1,1,L15_m20
Pt1,P1033,0,0.0089344641269864,0.0342568075364578,0,0,L15_m20
Pt1,P1062,0,0.003226398529448,0.016643301142565,0,0,L15_m20
Pt1,P1066,0,0.0024416180197644,0.0136419445010283,0,0,L15_m20
Pt1,P1074,0,0.0027464782334593,0.0148374445438761,0,0,L15_m20
Pt1,P1099,0,0.0019540506284639,0.0116337492465409,0,0,L15_m20
Pt1,P1199,0,0.0056151375284592,0.0246757748119411,0,0,L15_m20
Pt1,P1210,1,0.998584355145306,0.9918434301553576,1,1,L15_m20
Pt1,P1248,1,0.998500939534904,0.9915014192710176,1,1,L15_m20
Pt1,P1249,1,0.9979065900674988,0.989203100427204,1,1,L15_m20
Pt1,P1250,1,0.9734415385224556,0.9348934177521494,1,1,L15_m20
Pt1,P1285,1,0.9988981333906772,0.9931863322312536,1,1,L15_m20
Pt1,P1286,1,0.998592353165296,0.9918765223838524,1,1,L15_m20
Pt1,P1301,1,0.0226256794982692,0.0655142207346409,0,0,L15_m20
Pt1,P1309,1,0.0076238355539593,0.0306329592302985,0,0,L15_m20
Pt1,P1317,1,0.0061802589431436,0.0264095979210767,0,0,L15_m20
Pt1,P1338,1,0.9975299699407982,0.9878458569970476,1,1,L15_m20
Pt1,P1341,1,0.9988909491838144,0.9931544523934114,1,1,L15_m20
Pt1,P1349,1,0.9988870315339928,0.9931370927234175,1,1,L15_m20
Pt1,P1351,0,0.6109429918813176,0.595966454447491,1,1,L15_m20
Pt1,P1352,1,0.9988250061616788,0.9928645239647554,1,1,L15_m20
Pt1,P1353,1,0.6941343918602328,0.6580700242946212,1,1,L15_m20
Pt1,P1355,1,0.9987224200940852,0.9924225526226949,1,1,L15_m20
Pt1,P1362,1,0.9989187559689836,0.9932781764511996,1,1,L15_m20
Pt1,P1365,1,0.9989115122917812,0.9932458596712004,1,1,L15_m20
Pt1,P1370,1,0.9989178377791322,0.9932740766466512,1,1,L15_m20
Pt1,P1375,1,0.9975127234926532,0.987785207929013,1,1,L15_m20
Pt1,P1384,1,0.996890582235736,0.985671783033464,1,1,L15_m20
Pt1,P1396,1,0.985517206848667,0.9573592669251996,1,1,L15_m20
Pt1,P1397,1,0.9979626962568372,0.9894111332251664,1,1,L15_m20
Pt1,P1409,1,0.9989009897147338,0.9931990236157852,1,1,L15_m20
Pt1,P1415,0,0.8292527920926593,0.7692931733277282,1,1,L15_m20
Pt1,P1416,1,0.9967490344511636,0.9852089454719488,1,1,L15_m20
Pt1,P1417,1,0.998505104798507,0.9915183652749836,1,1,L15_m20
Pt1,P1428,1,0.998850244398312,0.9929749241400196,1,1,L15_m20
Pt1,P1453,1,0.998875789906838,0.9930873760294944,1,1,L15_m20
Pt1,P1474,1,0.9765590132692538,0.9403028400338144,1,1,L15_m20
Pt2,P15,0,0.0193971120861111,0.0511557809127085,0,0,L7_m20
Pt2,P17,1,0.9877914324494572,0.9752367752247488,1,1,L7_m20
Pt2,P19,1,0.987178027173305,0.9742682346175392,1,1,L7_m20
Pt2,P20,1,0.9931939931098692,0.984341155507522,1,1,L7_m20
Pt2,P22,1,0.9983020799901838,0.9947580528558754,1,1,L7_m20
Pt2,P23,1,0.9983899472346296,0.9949735706667346,1,1,L7_m20
Pt2,P24,1,0.9983399517132838,0.994850645645688,1,1,L7_m20
Pt2,P25,1,0.9984138026512962,0.9950325090922296,1,1,L7_m20
Pt2,P41,1,0.997150538780558,0.9921113418267656,1,1,L7_m20
Pt2,P44,1,0.2701168700950058,0.3547824084283072,0,0,L7_m20
Pt2,P65,1,0.9983053626066988,0.9947660610506076,1,1,L7_m20
Pt2,P68,1,0.9978868361529012,0.9937692838808238,1,1,L7_m20
Pt2,P71,1,0.997883783697882,0.9937621785251144,1,1,L7_m20
Pt2,P86,0,0.0103096496300026,0.0314073357016203,0,0,L7_m20
Pt2,P88,0,0.0092102950737621,0.0287740810343943,0,0,L7_m20
Pt2,P91,1,0.1540628394532048,0.2386198038257684,0,0,L7_m20
Pt2,P104,1,0.9983309065977234,0.9948284907766424,1,1,L7_m20
Pt2,P106,1,0.998227593027298,0.994577205595164,1,1,L7_m20
Pt2,P107,1,0.9982398229419134,0.9946067861052676,1,1,L7_m20
Pt2,P109,0,0.0066814899644879,0.0224097002178304,0,0,L7_m20
Pt2,P114,0,0.0042958018125065,0.0158640980658571,0,0,L7_m20
Pt2,P116,0,0.0038675693206206,0.0146103676376043,0,0,L7_m20
Pt2,P117,0,0.0034411367119139,0.0133306380994625,0,0,L7_m20
Pt2,P135,0,0.0078175716837117,0.0253281385052059,0,0,L7_m20
Pt2,P138,0,0.0045010682818577,0.0164549971932144,0,0,L7_m20
Pt2,P140,0,0.0045649799223784,0.0166377309176675,0,0,L7_m20
Pt2,P154,0,0.0097249982525604,0.0300157287792823,0,0,L7_m20
Pt2,P199,0,0.003653653973336,0.0139725668369621,0,0,L7_m20
Pt2,P200,0,0.0231128362437436,0.0585026197976322,0,0,L7_m20
Pt2,P205,0,0.0226812819320088,0.0576658890341464,0,0,L7_m20
Pt2,P210,0,0.0049278202927033,0.0176645030912487,0,0,L7_m20
Pt2,P237,0,0.0076701523102806,0.0249553098383793,0,0,L7_m20
Pt2,P275,1,0.9980775102857108,0.9942176264484446,1,1,L7_m20
Pt2,P294,0,0.0102029564658696,0.0311548141847086,0,0,L7_m20
Pt2,P298,1,0.9982905522155784,0.9947299559642367,1,1,L7_m20
Pt2,P302,1,0.9911814839621066,0.9808090816332756,1,1,L7_m20
Pt2,P333,0,0.0151514430567601,0.0423038491491587,0,0,L7_m20
Pt2,P334,0,0.0275445893971673,0.066875012365544,0,0,L7_m20
Pt2,P395,0,0.0061296564180822,0.020951250042845,0,0,L7_m20
Pt2,P400,0,0.1443510953338355,0.2277717169352189,0,0,L7_m20
Pt2,P425,1,0.9975141434996376,0.9929168853965962,1,1,L7_m20
Pt2,P442,0,0.0050035598417107,0.0178766403942627,0,0,L7_m20
Pt2,P443,0,0.0056232433156939,0.0195860929493763,0,0,L7_m20
Pt2,P444,0,0.0057444544958408,0.0199153201302344,0,0,L7_m20
Pt2,P450,1,0.2310246615247778,0.317909157386055,0,0,L7_m20
Pt2,P451,1,0.5360780999000769,0.5755807262419338,1,1,L7_m20
Pt2,P453,1,0.971500242456094,0.9520283964469032,1,1,L7_m20
Pt2,P466,0,0.0072419899357358,0.0238628389424986,0,0,L7_m20
Pt2,P467,0,0.007509244615449,0.0245464559419721,0,0,L7_m20
Pt2,P470,0,0.0087932503143949,0.0277559480662884,0,0,L7_m20
Pt2,P471,0,0.0059458972261458,0.0204589828098449,0,0,L7_m20
Pt2,P473,0,0.0046357194363629,0.0168393156353237,0,0,L7_m20
Pt2,P491,1,0.0108177936144417,0.0326015830641405,0,0,L7_m20
Pt2,P492,1,0.0080438817330276,0.0258973090133753,0,0,L7_m20
Pt2,P494,1,0.0101230763538328,0.030965341330107,0,0,L7_m20
Pt2,P495,1,0.0198729925617248,0.0521156382986953,0,0,L7_m20
Pt2,P497,1,0.9972382282269144,0.9923034876694748,1,1,L7_m20
Pt2,P512,1,0.9080288247445054,0.8813756341666804,1,1,L7_m20
Pt2,P541,1,0.9982787686250688,0.9947012771375502,1,1,L7_m20
Pt2,P542,1,0.9980677074477876,0.9941943524941584,1,1,L7_m20
Pt2,P543,1,0.9982993318202956,0.9947513510136698,1,1,L7_m20
Pt2,P545,1,0.9982254380418488,0.9945719978322848,1,1,L7_m20
Pt2,P546,1,0.9983541376985926,0.9948854441466836,1,1,L7_m20
Pt2,P547,1,0.9982788764152122,0.9947015392870724,1,1,L7_m20
Pt2,P548,1,0.9983630571270892,0.9949073562751432,1,1,L7_m20
Pt2,P549,1,0.9984359115895952,0.9950873007087154,1,1,L7_m20
Pt2,P550,1,0.9983873410526064,0.9949671429705144,1,1,L7_m20
Pt2,P551,1,0.9981732997512538,0.9944464049962012,1,1,L7_m20
Pt2,P552,1,0.9982788764152122,0.9947015392870724,1,1,L7_m20
Pt2,P553,1,0.9984273885075992,0.9950661589879688,1,1,L7_m20
Pt2,P554,1,0.998378553728267,0.9949454867794896,1,1,L7_m20
Pt2,P555,1,0.9983541376985926,0.9948854441466836,1,1,L7_m20
Pt2,P556,1,0.9984273885075992,0.9950661589879688,1,1,L7_m20
Pt2,P557,1,0.9976396402394614,0.9932006485349568,1,1,L7_m20
Pt2,P558,1,0.9977049518758117,0.9933495962974388,1,1,L7_m20
Pt2,P559,1,0.9981770563628836,0.9944554283510018,1,1,L7_m20
Pt2,P560,1,0.9983399517132838,0.994850645645688,1,1,L7_m20
Pt2,P562,1,0.997759008357201,0.9934735614774314,1,1,L7_m20
Pt2,P627,0,0.0290270096741482,0.0695940329735606,0,0,L7_m20
Pt2,P629,1,0.9977304678697152,0.993408032323044,1,1,L7_m20
Pt2,P640,0,0.0040465778172652,0.0151380471540861,0,0,L7_m20
Pt2,P641,0,0.0040465778172652,0.0151380471540861,0,0,L7_m20
Pt2,P642,0,0.006206326278187,0.0211556338968139,0,0,L7_m20
Pt2,P652,0,0.9727778575230204,0.9537081533969906,1,1,L7_m20
Pt2,P659,1,0.9981425949384816,0.994372799319972,1,1,L7_m20
Pt2,P661,1,0.9979798600899066,0.993986888572032,1,1,L7_m20
Pt2,P993,0,0.0062548905536856,0.0212847947216407,0,0,L7_m20
Pt2,P997,0,0.3099962822621344,0.3907040633804819,0,0,L7_m20
Pt3,P14,0,0.0055476560633768,0.0169179212403239,0,0,L7_m20
Pt3,P106,1,0.9887356686493944,0.977320135125758,1,1,L7_m20
Pt3,P127,1,0.9979731900067546,0.9942901210209454,1,1,L7_m20
Pt3,P128,1,0.9981732525906932,0.994749426983991,1,1,L7_m20
Pt3,P129,1,0.9983060415496716,0.995059700027393,1,1,L7_m20
Pt3,P131,1,0.99764576589038,0.993556985792696,1,1,L7_m20
Pt3,P132,1,0.997946865204998,0.9942303617655512,1,1,L7_m20
Pt3,P133,1,0.9983060415496716,0.995059700027393,1,1,L7_m20
Pt3,P134,1,0.994629491177961,0.987481978911788,1,1,L7_m20
Pt3,P135,1,0.9979297373331462,0.9941915608408572,1,1,L7_m20
Pt3,P136,1,0.9978627488471524,0.9940404050585804,1,1,L7_m20
Pt3,P138,1,0.9972921549213922,0.9927873874821928,1,1,L7_m20
Pt3,P140,1,0.9978627488471524,0.9940404050585804,1,1,L7_m20
Pt3,P142,1,0.9979167881661865,0.9941622679547412,1,1,L7_m20
Pt3,P143,1,0.9979370808700656,0.9942081889215896,1,1,L7_m20
Pt3,P150,1,0.997946865204998,0.9942303617655512,1,1,L7_m20
Pt3,P155,1,0.9982676765121266,0.9949695842097808,1,1,L7_m20
Pt3,P156,1,0.9975872505556272,0.993428144157686,1,1,L7_m20
Pt3,P159,1,0.9979297373331462,0.9941915608408572,1,1,L7_m20
Pt3,P160,1,0.9983305080200312,0.9951173772171146,1,1,L7_m20
Pt3,P161,1,0.996830668270997,0.9918120741890868,1,1,L7_m20
Pt3,P172,1,0.9939654187676352,0.9862522595291606,1,1,L7_m20
Pt3,P180,1,0.9979933463512496,0.994335980152261,1,1,L7_m20
Pt3,P183,1,0.9945396717308572,0.9873139380125604,1,1,L7_m20
Pt3,P184,1,0.9983305080200312,0.9951173772171146,1,1,L7_m20
Pt3,P196,1,0.9980985703750228,0.9945768733786172,1,1,L7_m20
Pt3,P200,1,0.9844995947975896,0.970726131264096,1,1,L7_m20
Pt3,P202,1,0.9981732525906932,0.994749426983991,1,1,L7_m20
Pt3,P290,0,0.004765010397797,0.0149776050531589,0,0,L7_m20
Pt3,P315,1,0.9783875041272004,0.961842247346081,1,1,L7_m20
Pt3,P318,1,0.9983789532597308,0.995232071913,1,1,L7_m20
Pt3,P380,1,0.9981972385273982,0.9948051370927012,1,1,L7_m20
Pt3,P382,1,0.9976130004830056,0.9934847649703386,1,1,L7_m20
Pt3,P385,0,0.0049831896104204,0.0155247183961611,0,0,L7_m20
Pt3,P386,1,0.9978107500182848,0.9939237126093932,1,1,L7_m20
Pt3,P394,0,0.0054004830141359,0.0165576246818195,0,0,L7_m20
Pt3,P400,0,0.0290938900634728,0.0629179205837042,0,0,L7_m20
Pt3,P416,0,0.0105128043975977,0.0281782508942101,0,0,L7_m20
Pt3,P536,1,0.9953152513451576,0.9887844503839834,1,1,L7_m20
Pt3,P551,1,0.9659575942688452,0.94525886313311,1,1,L7_m20
Pt3,P552,1,0.9966581794139244,0.9914549146679548,1,1,L7_m20
Pt3,P566,0,0.0374518229546914,0.0766017871170419,0,0,L7_m20
Pt3,P568,0,0.057846333259255,0.1071636469180716,0,0,L7_m20
Pt3,P581,0,0.0315055173551137,0.0669547129821987,0,0,L7_m20
Pt3,P608,1,0.99817188718447,0.9947462599856728,1,1,L7_m20
Pt3,P610,1,0.9978882249130366,0.9940977794178654,1,1,L7_m20
Pt3,P651,0,0.0153383484187832,0.0380248588906642,0,0,L7_m20
Pt3,P652,0,0.0052597051955179,0.0162110746907972,0,0,L7_m20
Pt3,P654,0,0.0058871915048298,0.0177416886860358,0,0,L7_m20
Pt3,P661,1,0.9937291399428644,0.9858214199636692,1,1,L7_m20
Pt3,P669,1,0.9856173019168364,0.97242475136973,1,1,L7_m20
Pt3,P687,1,0.998184785319639,0.9947761951245744,1,1,L7_m20
Pt3,P689,1,0.9981940239274686,0.9947976624488724,1,1,L7_m20
Pt3,P690,1,0.9979442053662266,0.9942243321078408,1,1,L7_m20
Pt3,P691,1,0.9980414669642184,0.9944458297573314,1,1,L7_m20
Pt3,P699,1,0.9980095993494944,0.9943730241861044,1,1,L7_m20
Pt3,P708,0,0.0040464855327381,0.0131375447520876,0,0,L7_m20
Pt3,P714,0,0.0102198093004136,0.0275517239210807,0,0,L7_m20
Pt3,P726,1,0.9976215738585256,0.9935036433102435,1,1,L7_m20
Pt3,P735,1,0.9980639393926416,0.994497310161198,1,1,L7_m20
Pt3,P736,1,0.9980639393926416,0.994497310161198,1,1,L7_m20
Pt3,P737,1,0.997598419790212,0.9934526892292388,1,1,L7_m20
Pt3,P738,1,0.9974903335047308,0.993216087210378,1,1,L7_m20
Pt3,P739,1,0.99740434791712,0.9930292942819114,1,1,L7_m20
Pt3,P745,1,0.9976429122496632,0.9935506880462234,1,1,L7_m20
Pt3,P756,0,0.3372703549780469,0.3995386015597706,0,0,L7_m20
Pt3,P792,1,0.1372229535308895,0.2059933179414187,0,0,L7_m20
Pt3,P795,0,0.0486441258657774,0.0937890656726044,0,0,L7_m20
Pt3,P799,1,0.4674758665120572,0.5085292775764867,0,1,L7_m20
Pt3,P802,1,0.8780752640570767,0.8504898323706724,1,1,L7_m20
Pt3,P803,1,0.8183614522486529,0.7955342835655889,1,1,L7_m20
Pt3,P819,1,0.9952611462081298,0.9886803635031304,1,1,L7_m20
Pt3,P826,1,0.4159437792759599,0.4662354002979721,0,0,L7_m20
Pt3,P827,1,0.2072458499060362,0.2795246056686298,0,0,L7_m20
Pt3,P828,1,0.0289298215636188,0.0626404126520586,0,0,L7_m20
Pt3,P834,1,0.9967889689418828,0.9917253854826196,1,1,L7_m20
Pt3,P835,1,0.9955556815660488,0.989249944214435,1,1,L7_m20
Pt3,P882,1,0.9981615515992116,0.9947223020220706,1,1,L7_m20
Pt3,P883,1,0.9978624121037852,0.9940396475833342,1,1,L7_m20
Pt3,P887,1,0.8373066922582547,0.8125018001918458,1,1,L7_m20
Pt3,P910,1,0.9975040762182416,0.993246057280076,1,1,L7_m20
Pt3,P912,1,0.9978291140089104,0.9939648611820212,1,1,L7_m20
Pt3,P940,1,0.9974602378412568,0.993150567057043,1,1,L7_m20
Pt3,P1460,0,0.0030798633074029,0.0105513927565643,0,0,L7_m20
Pt4,P38,0,0.0035612141893447,0.0395154291761177,0,0,L15_m20
Pt4,P63,0,0.2014308201869624,0.3998620132714028,0,0,L15_m20
Pt4,P96,0,0.2539894149099879,0.4477343043444706,0,0,L15_m20
Pt4,P110,0,0.5350746400697765,0.6426676540768842,1,1,L15_m20
Pt4,P111,0,0.0099340902012512,0.0747833471619668,0,0,L15_m20
Pt4,P112,0,0.017998493215528,0.1070451242835614,0,0,L15_m20
Pt4,P116,0,0.0142910078518936,0.0932447226994195,0,0,L15_m20
Pt4,P117,0,0.0196722366566411,0.1128455869485046,0,0,L15_m20
Pt4,P121,0,0.0143095189862062,0.0933173861233849,0,0,L15_m20
Pt4,P132,0,0.0121156765534908,0.0843921155350257,0,0,L15_m20
Pt4,P141,0,0.0093491951082386,0.0720567366246875,0,0,L15_m20
Pt4,P142,0,0.0046013673368141,0.0464229869872594,0,0,L15_m20
Pt4,P149,0,0.0439181803638318,0.1794290383488684,0,0,L15_m20
Pt4,P151,0,0.0179934353105593,0.1070272284450747,0,0,L15_m20
Pt4,P160,0,0.0196812243243269,0.1128761055859567,0,0,L15_m20
Pt4,P161,0,0.6108725501863923,0.6878435102560745,1,1,L15_m20
Pt4,P162,0,0.006974114927782,0.0601534899586391,0,0,L15_m20
Pt4,P168,0,0.003358298130126,0.0380793600260196,0,0,L15_m20
Pt4,P171,0,0.0401291401659782,0.1705360444796523,0,0,L15_m20
Pt4,P179,0,0.0071155082136663,0.0609054492710141,0,0,L15_m20
Pt4,P181,0,0.0061174307131669,0.0554555063199806,0,0,L15_m20
Pt4,P183,0,0.0307439662927383,0.1464798875676172,0,0,L15_m20
Pt4,P193,0,0.0292798276687189,0.1424131992687508,0,0,L15_m20
Pt4,P199,0,0.0150413392542491,0.0961572304101316,0,0,L15_m20
Pt4,P205,0,0.0053085745040072,0.0507658919718411,0,0,L15_m20
Pt4,P206,0,0.0038077320514786,0.0412176186188841,0,0,L15_m20
Pt4,P208,0,0.0047892353703985,0.0476013314245969,0,0,L15_m20
Pt4,P211,0,0.0215387538736303,0.1190505199514058,0,0,L15_m20
Pt4,P212,0,0.0105297860442059,0.0774905498861074,0,0,L15_m20
Pt4,P219,0,0.0529924310305174,0.1992304347432131,0,0,L15_m20
Pt4,P220,0,0.0112894673658478,0.0808490364946119,0,0,L15_m20
Pt4,P226,0,0.0208036131385369,0.1166378016525599,0,0,L15_m20
Pt4,P227,0,0.0103956673084854,0.0768868955430963,0,0,L15_m20
Pt4,P234,0,0.006922054981273,0.0598750388139363,0,0,L15_m20
Pt4,P236,0,0.014488967069396,0.0940196297860378,0,0,L15_m20
Pt4,P295,0,0.0112296459490809,0.0805881922495722,0,0,L15_m20
Pt4,P297,0,0.0119760087772171,0.0838007472204301,0,0,L15_m20
Pt4,P306,0,0.0528112292453109,0.198853247833318,0,0,L15_m20
Pt4,P316,0,0.7628977189686605,0.7789466240938194,1,1,L15_m20
Pt4,P318,0,0.0083376102222606,0.0671636024469839,0,0,L15_m20
Pt4,P320,0,0.0307776910585586,0.1465724278218474,0,0,L15_m20
Pt4,P323,0,0.0226485948876878,0.1226210104342289,0,0,L15_m20
Pt4,P332,0,0.0087516989048741,0.0691953572856434,0,0,L15_m20
Pt4,P350,0,0.0098340318877289,0.0743218659840248,0,0,L15_m20
Pt4,P351,0,0.0103945863596222,0.0768820167379896,0,0,L15_m20
Pt4,P358,0,0.0140259130855846,0.0921994845008486,0,0,L15_m20
Pt4,P362,0,0.0671942155926319,0.2269005127812726,0,0,L15_m20
Pt4,P366,0,0.032782913748141,0.1519877374673602,0,0,L15_m20
Pt4,P376,0,0.0074069270140603,0.0624360071242478,0,0,L15_m20
Pt4,P381,0,0.0180465538596212,0.1072150572417709,0,0,L15_m20
Pt4,P382,0,0.0230477816474614,0.1238850099650788,0,0,L15_m20
Pt4,P385,0,0.0545332993693844,0.2024106880524425,0,0,L15_m20
Pt4,P389,0,0.0135569043145347,0.0903284857523584,0,0,L15_m20
Pt4,P395,0,0.0243815456141252,0.1280348532300175,0,0,L15_m20
Pt4,P403,0,0.0195708522316538,0.1125008763765458,0,0,L15_m20
Pt4,P406,0,0.0130366337752008,0.0882191290306741,0,0,L15_m20
Pt4,P416,0,0.2762267667866345,0.4662697377325946,0,0,L15_m20
Pt4,P424,0,0.0195675997707974,0.112489804225565,0,0,L15_m20
Pt4,P427,0,0.0104250969986113,0.0770196411507755,0,0,L15_m20
Pt4,P434,0,0.0074838217285885,0.0628356706840383,0,0,L15_m20
Pt4,P437,0,0.0132556212690876,0.0891114313570603,0,0,L15_m20
Pt4,P440,0,0.0169216643765162,0.1031816928938541,0,0,L15_m20
Pt4,P446,0,0.0166351924587287,0.1021351810911624,0,0,L15_m20
Pt4,P451,0,0.0267152135695566,0.1350434485212499,0,0,L15_m20
Pt4,P454,0,0.024259672468035,0.1276602106380001,0,0,L15_m20
Pt4,P459,0,0.0204011158653946,0.1152999424677167,0,0,L15_m20
Pt4,P461,0,0.0222326941211732,0.1212928599680284,0,0,L15_m20
Pt4,P465,0,0.0938939389931736,0.2713035031502797,0,0,L15_m20
Pt4,P483,0,0.0254226751284681,0.131199619284925,0,0,L15_m20
Pt4,P485,0,0.018459129268612,0.1086653915415207,0,0,L15_m20
Pt4,P487,0,0.021710936675982,0.1196100222998746,0,0,L15_m20
Pt4,P490,0,0.0143510667151337,0.093480324790467,0,0,L15_m20
Pt4,P493,0,0.0313617757290369,0.1481673122729785,0,0,L15_m20
Pt4,P497,0,0.0094371869064961,0.0724714825347192,0,0,L15_m20
Pt4,P498,0,0.0368438129062423,0.1624723971389987,0,0,L15_m20
Pt4,P502,0,0.05270368552998,0.1986290630847425,0,0,L15_m20
Pt4,P504,0,0.0306642171912887,0.1462608587198209,0,0,L15_m20
Pt4,P506,0,0.0517939461453949,0.1967228875813991,0,0,L15_m20
Pt4,P511,0,0.0191296473198267,0.1109910508086534,0,0,L15_m20
Pt4,P516,0,0.0425693831006013,0.1763101921374448,0,0,L15_m20
Pt4,P526,0,0.2117282499549894,0.4097659389687462,0,0,L15_m20
Pt4,P532,0,0.0606814803689321,0.2146464582749312,0,0,L15_m20
Pt4,P534,0,0.023073352911912,0.1239656259393113,0,0,L15_m20
Pt4,P540,0,0.009455090909205,0.0725556704994366,0,0,L15_m20
Pt4,P541,0,0.1685311950140136,0.3660708854910572,0,0,L15_m20
Pt4,P542,0,0.0171834978662008,0.1041311744664821,0,0,L15_m20
Pt4,P544,0,0.0083249112826331,0.0671006306667539,0,0,L15_m20
Pt4,P545,0,0.0139422369575835,0.0918677380275709,0,0,L15_m20
Pt4,P546,0,0.0182618090379744,0.1079736245143927,0,0,L15_m20
Pt4,P551,0,0.046093724157358,0.1843572312297794,0,0,L15_m20
Pt4,P554,0,0.0240019298027744,0.1268649391915277,0,0,L15_m20
Pt4,P562,0,0.0517219486962844,0.1965712802809325,0,0,L15_m20
Pt4,P565,0,0.0142723352106682,0.0931713827951686,0,0,L15_m20
Pt4,P572,0,0.010237084571239,0.0761687929455962,0,0,L15_m20
Pt4,P575,0,0.0341426808352741,0.1555671133441941,0,0,L15_m20
Pt4,P577,0,0.0195307356359117,0.1123642503377987,0,0,L15_m20
Pt4,P590,0,0.0457520009584407,0.1835912297414259,0,0,L15_m20
Pt4,P601,0,0.0389751868959067,0.1677432159721023,0,0,L15_m20
Pt4,P604,0,0.1166092560346354,0.3037146494738567,0,0,L15_m20
Pt4,P607,0,0.0206566166788668,0.1161506106800079,0,0,L15_m20
Pt4,P611,0,0.0178879072987377,0.1066533231346324,0,0,L15_m20
Pt4,P615,0,0.0229604161511075,0.1236092620308493,0,0,L15_m20
Pt4,P618,0,0.0242590899826175,0.127658417907873,0,0,L15_m20
Pt4,P622,0,0.0071425734249325,0.061048679894946,0,0,L15_m20
Pt4,P625,0,0.0139044581767616,0.0917176685926216,0,0,L15_m20
Pt4,P629,0,0.0233184730486431,0.1247362583513587,0,0,L15_m20
Pt4,P637,0,0.0245289871259603,0.12848690393821,0,0,L15_m20
Pt4,P652,0,0.037837011305803,0.1649471899533079,0,0,L15_m20
Pt4,P658,0,0.0123408560887519,0.0853393071415946,0,0,L15_m20
Pt4,P665,0,0.0138203407878442,0.0913828754185347,0,0,L15_m20
Pt4,P673,0,0.0081872427819148,0.0664153467008277,0,0,L15_m20
Pt4,P675,0,0.0271343285413179,0.1362705326336303,0,0,L15_m20
Pt4,P678,0,0.0145589212106528,0.0942923328376964,0,0,L15_m20
Pt4,P679,0,0.0238568524337542,0.1264155135189861,0,0,L15_m20
Pt4,P682,0,0.0093941839802534,0.0722689964807435,0,0,L15_m20
Pt4,P692,0,0.0254844458951155,0.1313854215181945,0,0,L15_m20
Pt4,P696,0,0.0165268891062912,0.1017374093954633,0,0,L15_m20
Pt4,P699,0,0.0273509212601839,0.1369010862453015,0,0,L15_m20
Pt4,P701,0,0.0139649605640172,0.0919579164706258,0,0,L15_m20
Pt4,P708,0,0.0122005585478227,0.0847500593129567,0,0,L15_m20
Pt4,P714,0,0.0432188657011999,0.1778182485103092,0,0,L15_m20
Pt4,P716,0,0.0073933907545875,0.062365473560458,0,0,L15_m20
Pt4,P719,0,0.0627291846191541,0.2185728582959674,0,0,L15_m20
Pt4,P727,0,0.0090810367896539,0.0707824329684584,0,0,L15_m20
Pt4,P729,0,0.0270781599450475,0.1361066156861515,0,0,L15_m20
Pt4,P732,0,0.0145951068263369,0.0944331660368811,0,0,L15_m20
Pt4,P733,0,0.0541337092226017,0.2015905800940294,0,0,L15_m20
Pt4,P736,0,0.017069657792438,0.1037191733338806,0,0,L15_m20
Pt4,P737,0,0.0059595411330644,0.0545608994813485,0,0,L15_m20
Pt4,P762,0,0.026924765963068,0.1356581275650299,0,0,L15_m20
Pt4,P767,0,0.1945414367390268,0.3930699117360457,0,0,L15_m20
Pt4,P768,0,0.0314563300127942,0.1484241205123313,0,0,L15_m20
Pt4,P773,0,0.0262128756808128,0.1335604161927077,0,0,L15_m20
Pt4,P782,0,0.1258590013201805,0.3158633192379215,0,0,L15_m20
Pt4,P801,0,0.0197053439366111,0.1129579745479168,0,0,L15_m20
Pt4,P805,0,0.0145905458534371,0.0944154234802287,0,0,L15_m20
Pt4,P816,0,0.0113442308312456,0.0810873008147014,0,0,L15_m20
Pt4,P829,0,0.181160819478433,0.3794643713801438,0,0,L15_m20
Pt4,P852,0,0.0402907458336776,0.1709238896116223,0,0,L15_m20
Pt4,P867,0,0.2428103933061798,0.4380681744868605,0,0,L15_m20
Pt4,P894,0,0.0197858128741339,0.1132307741540698,0,0,L15_m20
Pt4,P896,0,0.0227986235798325,0.1230972909780881,0,0,L15_m20
Pt4,P910,0,0.1922326553448939,0.3907623387815033,0,0,L15_m20
Pt4,P917,0,0.1321832952575483,0.3238740533695801,0,0,L15_m20
Pt4,P922,0,0.2354629632213931,0.4315757804689226,0,0,L15_m20
Pt4,P934,0,0.0326508954302545,0.1516363288353722,0,0,L15_m20
Pt4,P935,0,0.0171640102063472,0.1040607346177455,0,0,L15_m20
Pt4,P936,0,0.0843503142017289,0.2563561438657423,0,0,L15_m20
Pt4,P954,0,0.1081258404130374,0.2920731700215413,0,0,L15_m20
Pt4,P959,0,0.2395816307005168,0.4352292293234455,0,0,L15_m20
Pt4,P972,0,0.0127979508951116,0.0872390140961633,0,0,L15_m20
Pt4,P974,0,0.0378418195235113,0.1649590905546353,0,0,L15_m20
Pt4,P987,0,0.1293755834156995,0.3203457731992532,0,0,L15_m20
Pt4,P988,0,0.0633733121533829,0.2197936083972669,0,0,L15_m20
Pt4,P990,0,0.1434870754428066,0.3376537565313626,0,0,L15_m20
Pt4,P1000,0,0.1029118578469937,0.284656069105379,0,0,L15_m20
Pt4,P1044,0,0.0293431278956028,0.142591046655679,0,0,L15_m20
Pt4,P1046,1,0.9987790229651754,0.9924798294945532,1,1,L15_m20
Pt4,P1048,1,0.9987484132237204,0.9923578099526592,1,1,L15_m20
Pt4,P1055,1,0.9987689464283755,0.992439543210302,1,1,L15_m20
Pt4,P1062,1,0.9987689464283755,0.992439543210302,1,1,L15_m20
Pt4,P1068,1,0.998845298812334,0.9927477987695118,1,1,L15_m20
Pt4,P1069,0,0.0598625231120003,0.2130561911201321,0,0,L15_m20
Pt4,P1071,1,0.998790119693706,0.9925243308208168,1,1,L15_m20
Pt4,P1073,0,0.0162271741075778,0.1006304280315698,0,0,L15_m20
Pt4,P1082,0,0.0647968852944275,0.222467956520449,0,0,L15_m20
Pt4,P1088,0,0.0410814866346828,0.1728102938100426,0,0,L15_m20
Pt4,P1095,0,0.0433684752680396,0.1781639782754928,0,0,L15_m20
Pt4,P1098,0,0.0437502118152535,0.1790433546110953,0,0,L15_m20
Pt4,P1112,0,0.0239382654834765,0.126667877007063,0,0,L15_m20
Pt4,P1115,0,0.0639522313547045,0.2208850618060217,0,0,L15_m20
Pt4,P1120,0,0.0217565226737163,0.119757803768037,0,0,L15_m20
Pt4,P1144,1,0.7823552651791029,0.7911763882910362,1,1,L15_m20
Pt4,P1146,0,0.0036063846951102,0.0398307075897378,0,0,L15_m20
Pt4,P1150,0,0.0038642772331459,0.0416018841614457,0,0,L15_m20
Pt4,P1157,0,0.0144501898926926,0.0938682110806335,0,0,L15_m20
Pt4,P1159,0,0.0104968581152555,0.0773426527415784,0,0,L15_m20
Pt4,P1161,0,0.0040841464376898,0.0430754365535984,0,0,L15_m20
Pt4,P1173,1,0.9563187994079234,0.925115987246304,1,1,L15_m20
Pt4,P1175,0,0.003688654039045,0.040400975329007,0,0,L15_m20
Pt4,P1179,0,0.0034638471025958,0.0388304552552272,0,0,L15_m20
Pt4,P1180,1,0.9982794317803536,0.99060278777619,1,1,L15_m20
Pt4,P1183,1,0.996232155772082,0.9843847693067576,1,1,L15_m20
Pt4,P1184,0,0.0060588055311597,0.0551244471521497,0,0,L15_m20
Pt4,P1185,1,0.0411974157170752,0.1730852933273353,0,0,L15_m20
Pt4,P1186,0,0.0219127080441604,0.1202630296195995,0,0,L15_m20
Pt4,P1189,1,0.9851693865188464,0.9623156281770604,1,1,L15_m20
Pt4,P1191,0,0.0073128651256104,0.0619447631913971,0,0,L15_m20
Pt4,P1199,0,0.0136442673783642,0.0906791500259593,0,0,L15_m20
Pt4,P1203,0,0.0028970531832218,0.0346828036389042,0,0,L15_m20
Pt4,P1212,0,0.0058087619416197,0.0536975149018669,0,0,L15_m20
Pt4,P1213,0,0.0032360052336632,0.0371974948654427,0,0,L15_m20
Pt4,P1214,0,0.0142839047488999,0.0932168291155536,0,0,L15_m20
Pt4,P1215,0,0.0113673580145847,0.0811877723293868,0,0,L15_m20
Pt4,P1220,0,0.0028790170632916,0.0345458858551363,0,0,L15_m20
Pt4,P1240,0,0.0171912576543303,0.1041592127684131,0,0,L15_m20
Pt4,P1245,0,0.0035589786555853,0.0394997851564292,0,0,L15_m20
Pt4,P1248,0,0.0092104171226614,0.0713992225674024,0,0,L15_m20
Pt4,P1251,0,0.0032903759380814,0.037591142412774,0,0,L15_m20
Pt4,P1255,0,0.0035762663578872,0.0396206626031646,0,0,L15_m20
Pt4,P1259,0,0.0025866521799527,0.0322781012174162,0,0,L15_m20
Pt4,P1272,0,0.0043442567385134,0.0447787334575162,0,0,L15_m20
Pt4,P1278,0,0.0030893011665834,0.0361222927684206,0,0,L15_m20
Pt4,P1282,0,0.0112911760381788,0.0808564781394156,0,0,L15_m20
Pt4,P1284,0,0.004922456809023,0.0484257351216646,0,0,L15_m20
Pt4,P1288,0,0.0088808763329978,0.0698208251357722,0,0,L15_m20
Pt4,P1315,0,0.0038489859204704,0.0414981883298928,0,0,L15_m20
Pt4,P1338,0,0.0029929262666339,0.0354051465442697,0,0,L15_m20
Pt4,P1364,0,0.0071064163775383,0.0608572841424672,0,0,L15_m20
Pt4,P1375,0,0.005122122173141,0.0496447283056237,0,0,L15_m20
Pt4,P1379,0,0.0065065289233186,0.057620722200141,0,0,L15_m20
Pt4,P1386,0,0.0056600343250751,0.0528368991380065,0,0,L15_m20
Pt4,P1391,0,0.0044965259482797,0.0457570493803601,0,0,L15_m20
Pt4,P1400,0,0.0063334512824627,0.0566643406529188,0,0,L15_m20
Pt4,P1405,0,0.0058891397317898,0.0541588913035451,0,0,L15_m20
Pt4,P1409,0,0.0061650115341057,0.0557232454658869,0,0,L15_m20
Pt4,P1412,0,0.0046597219990696,0.0467910237696225,0,0,L15_m20
Pt4,P1418,0,0.0072821041742511,0.0617835435351995,0,0,L15_m20
Pt4,P1419,0,0.0037488790365327,0.0408152764219577,0,0,L15_m20
Pt4,P1425,0,0.0049015140568288,0.048296734906866,0,0,L15_m20
Pt4,P1538,0,0.3773119699316477,0.54172658293058,0,1,L15_m20
Pt4,P1645,0,0.01296595988774,0.0879297473580903,0,0,L15_m20
Pt4,P1646,0,0.0027510671583242,0.0335648874911149,0,0,L15_m20
Pt4,P1789,0,0.025050952157871,0.1300769099513882,0,0,L15_m20
Pt4,P1795,0,0.0375077109307444,0.1641303289024375,0,0,L15_m20
Pt4,P1839,0,0.0057309695827413,0.0532484993598567,0,0,L15_m20
Pt4,P1861,0,0.0025479996314172,0.0319710711903139,0,0,L15_m20
Pt4,P1868,0,0.0036173525166742,0.0399070260966134,0,0,L15_m20
Pt4,P1872,0,0.003940991502196,0.0421196894099828,0,0,L15_m20
Pt4,P1942,0,0.015623185014711,0.0983711677162251,0,0,L15_m20
Pt4,P1945,0,0.0027745896499491,0.0337465346175394,0,0,L15_m20
Pt4,P1946,0,0.0091383939473178,0.0710563265286371,0,0,L15_m20
Pt4,P1947,0,0.015403573724659,0.0975399675868494,0,0,L15_m20
Pt4,P1948,0,0.021237970166111,0.1180680816826996,0,0,L15_m20
Pt4,P1955,0,0.0022583003275614,0.0296102002940042,0,0,L15_m20
Pt4,P1961,0,0.0087437151840281,0.069156573064806,0,0,L15_m20
Pt4,P1962,0,0.0033434582062403,0.037973023469775,0,0,L15_m20
Pt4,P1963,0,0.010822147061127,0.0787950653656087,0,0,L15_m20
Pt4,P1964,0,0.0508852291182686,0.1948011602109091,0,0,L15_m20
Pt4,P1965,0,0.0032949855465245,0.0376243993182626,0,0,L15_m20
Pt4,P1967,0,0.3281925280047578,0.5065955379164405,0,1,L15_m20
Pt4,P1969,0,0.0160148824885473,0.0998407343976743,0,0,L15_m20
Pt4,P1970,0,0.0051429339669112,0.0497706787069965,0,0,L15_m20
Pt4,P1971,0,0.0072131653711883,0.061421201889458,0,0,L15_m20
Pt4,P1974,0,0.0078173314715722,0.0645496540713949,0,0,L15_m20
Pt4,P1975,0,0.0330997402670384,0.1528282221517865,0,0,L15_m20
Pt4,P1976,0,0.0035787302197774,0.039637871526272,0,0,L15_m20
Pt4,P1977,0,0.0031587086984456,0.036633402060885,0,0,L15_m20
Pt4,P1988,0,0.0063742201473839,0.0568905743312729,0,0,L15_m20
Pt4,P1993,0,0.0021375808276769,0.0285926024219234,0,0,L15_m20
Pt4,P1995,0,0.002527774464692,0.0318097042860112,0,0,L15_m20
Pt4,P2002,0,0.0020234741380595,0.0276104831396621,0,0,L15_m20
Pt4,P2003,0,0.0024940586242801,0.0315395971959772,0,0,L15_m20
Pt4,P2004,0,0.0047732154330363,0.0475015811821799,0,0,L15_m20
Pt4,P2005,0,0.0065854627052895,0.0580534156885919,0,0,L15_m20
Pt4,P2010,0,0.0076341797434867,0.0636122564253673,0,0,L15_m20
Pt4,P2016,0,0.0067942716139761,0.0591878765691623,0,0,L15_m20
Pt4,P2149,0,0.0557047880281982,0.204796801251172,0,0,L15_m20
Pt4,P2152,0,0.4066268573814852,0.5616327211636514,0,1,L15_m20
Pt4,P2263,0,0.2394645210389619,0.4351258477616691,0,0,L15_m20
Pt4,P2273,0,0.1793682223775964,0.3775974449601195,0,0,L15_m20
Pt4,P2292,0,0.093074132701301,0.270054168698371,0,0,L15_m20
Pt4,P2300,0,0.0746764173382034,0.2402042981600576,0,0,L15_m20
Pt4,P2303,0,0.238794719218853,0.4345340049864193,0,0,L15_m20
Pt4,P2310,0,0.1683520233150099,0.3658767120469143,0,0,L15_m20
Pt4,P2312,0,0.2881530917723344,0.4758677234490743,0,0,L15_m20
Pt4,P2314,0,0.0454832297468608,0.1829866707671859,0,0,L15_m20
Pt4,P2322,0,0.0845116806081288,0.2566165665169823,0,0,L15_m20
Pt4,P2324,0,0.0162270653504921,0.1006300246710951,0,0,L15_m20
Pt4,P2335,0,0.0225000069271394,0.1221478347604653,0,0,L15_m20
Pt4,P2339,0,0.0214092955976432,0.1186284678757391,0,0,L15_m20
Pt4,P2685,0,0.0101396306768153,0.0757251258553999,0,0,L15_m20
Pt4,P2686,0,0.0113486893449596,0.0811066768682639,0,0,L15_m20
Pt4,P2699,1,0.9989430262276024,0.9931530871216528,1,1,L15_m20
Pt4,P2701,0,0.0429666559525378,0.1772340259714436,0,0,L15_m20
Pt4,P2707,0,0.0125444116669446,0.0861890433938897,0,0,L15_m20
Pt4,P2721,0,0.0515294436160723,0.1961653694346752,0,0,L15_m20
Pt4,P2741,0,0.0212377390571501,0.1180673243256605,0,0,L15_m20
Pt4,P2971,1,0.8068046855133045,0.806919600652521,1,1,L15_m20
Pt4,P3038,0,0.3023022595014825,0.4869751953747031,0,0,L15_m20
Pt4,P3071,1,0.0446552142691146,0.1811124663168056,0,0,L15_m20
Pt4,P3203,0,0.2452791670905151,0.4402243395726397,0,0,L15_m20
Pt4,P3232,0,0.0154752260900252,0.0978117449685848,0,0,L15_m20
Pt4,P3237,0,0.0292505124025446,0.1423307719769576,0,0,L15_m20
Pt4,P3239,0,0.0572734637943218,0.2079504735970022,0,0,L15_m20
Pt4,P3241,0,0.0649841256734678,0.2228173304456567,0,0,L15_m20
Pt4,P3242,0,0.0081543558272307,0.0662509283027327,0,0,L15_m20
Pt4,P3254,0,0.0174045899022492,0.1049277964966933,0,0,L15_m20
Pt4,P3255,0,0.319504542076149,0.5001066173477517,0,1,L15_m20
Pt4,P3256,0,0.0819226167819272,0.2524040631812321,0,0,L15_m20
Pt4,P3257,0,0.0899477101873664,0.2652317110933109,0,0,L15_m20
Pt4,P3258,0,0.066272369282413,0.2252063993894788,0,0,L15_m20
Pt4,P3262,0,0.0535984236528098,0.2004869310800592,0,0,L15_m20
Pt4,P3264,0,0.0302198920745322,0.145035381058879,0,0,L15_m20
Pt4,P3266,0,0.0585357656440701,0.2104548808458823,0,0,L15_m20
Pt4,P3267,0,0.0609855785155524,0.2152340214743091,0,0,L15_m20
Pt4,P3268,0,0.0311467114298764,0.1475817771125227,0,0,L15_m20
Pt4,P3270,0,0.1172619662943315,0.3045898198856897,0,0,L15_m20
Pt4,P3271,0,0.0165518344103528,0.1018291319194611,0,0,L15_m20
Pt4,P3277,0,0.0069809806081918,0.0601901479488268,0,0,L15_m20
Pt4,P3278,0,0.1009289776581461,0.2817790496689512,0,0,L15_m20
Pt4,P3282,0,0.0143147335868265,0.0933378479016332,0,0,L15_m20
Pt4,P3285,0,0.0512487400368964,0.1955720521500607,0,0,L15_m20
Pt4,P3288,0,0.0203775693840392,0.1152212974956526,0,0,L15_m20
Pt4,P3289,0,0.0730999645576516,0.2374643942477649,0,0,L15_m20
Pt4,P3295,0,0.0055034383745199,0.0519207717437456,0,0,L15_m20
Pt4,P3301,0,0.0103325763645514,0.0766017716723438,0,0,L15_m20
Pt4,P3302,0,0.0609759239143696,0.2152153916032896,0,0,L15_m20
Pt4,P3307,0,0.0977466752259798,0.2770936011677531,0,0,L15_m20
Pt4,P3310,0,0.0138522802797669,0.0915101031247105,0,0,L15_m20
Pt4,P3314,0,0.0120463237006875,0.0840988426690113,0,0,L15_m20
Pt4,P3315,0,0.1020243384894214,0.2833722881939884,0,0,L15_m20
Pt4,P3318,0,0.0166658420924547,0.1022475362527163,0,0,L15_m20
Pt4,P3319,0,0.085603733978853,0.2583717123733565,0,0,L15_m20
Pt4,P3322,0,0.0511239790715318,0.1953077986141327,0,0,L15_m20
Pt4,P3323,0,0.1147509173846061,0.301207348575696,0,0,L15_m20
Pt4,P3329,0,0.0447003700736332,0.1812151368504349,0,0,L15_m20
Pt4,P3332,0,0.0330567201741443,0.1527143321787809,0,0,L15_m20
Pt4,P3335,0,0.0076821333060239,0.0638585885344448,0,0,L15_m20
Pt4,P3336,0,0.0711304171716099,0.233995179115465,0,0,L15_m20
Pt4,P3341,0,0.0204097483629697,0.115328764326253,0,0,L15_m20
Pt4,P3342,0,0.0116787521375338,0.082532018664796,0,0,L15_m20
Pt4,P3343,0,0.1230287406296841,0.312202607866142,0,0,L15_m20
Pt4,P3347,0,0.0980524489392789,0.2775475405428567,0,0,L15_m20
Pt4,P3348,0,0.1286180293307512,0.3193861877285207,0,0,L15_m20
Pt4,P3352,0,0.0219257080616277,0.1203050055267681,0,0,L15_m20
Pt4,P3358,0,0.0811256908437974,0.2510925099866788,0,0,L15_m20
Pt4,P3360,0,0.007856984934572,0.0647513937955695,0,0,L15_m20
Pt4,P3362,0,0.0090821179977996,0.0707876027595699,0,0,L15_m20
Pt4,P3370,1,0.9709823139023804,0.9422151020456194,1,1,L15_m20
Pt4,P3371,0,0.103806887891571,0.2859443254008758,0,0,L15_m20
Pt4,P3372,0,0.0909066715171057,0.2667208175021242,0,0,L15_m20
Pt4,P3374,1,0.9981141687515124,0.9900264355003228,1,1,L15_m20
Pt4,P3378,0,0.0612618704417667,0.2157664930919327,0,0,L15_m20
Pt4,P3382,0,0.0138214776057717,0.0913874060554326,0,0,L15_m20
Pt4,P3386,0,0.0080856011827591,0.0659062878838269,0,0,L15_m20
Pt4,P3389,0,0.0613570000456566,0.2159495281111918,0,0,L15_m20
Pt4,P3392,0,0.0611456097074798,0.2155425925398202,0,0,L15_m20
Pt4,P3403,0,0.0087137054399619,0.0690106543463246,0,0,L15_m20
Pt4,P3470,1,0.9887012686513584,0.9683354380378264,1,1,L15_m20
Pt4,P3471,0,0.0782690443350846,0.2463312408128684,0,0,L15_m20
Pt4,P3473,0,0.0145868963383773,0.0944012247846114,0,0,L15_m20
Pt4,P3481,1,0.9828052224833248,0.9585829016104598,1,1,L15_m20
Pt4,P3488,1,0.9899078302662871,0.9705467864312062,1,1,L15_m20
Pt4,P3489,0,0.0875044594940559,0.2613968566055066,0,0,L15_m20
Pt4,P3492,1,0.984702423562036,0.9615617722498412,1,1,L15_m20
Pt4,P3495,1,0.9916589524559544,0.973938344118804,1,1,L15_m20
Pt4,P3498,1,0.9943097451699824,0.9796240670631202,1,1,L15_m20
Pt4,P3500,1,0.994005926975197,0.9789295065332022,1,1,L15_m20
Pt4,P3502,0,0.0965447347095298,0.2753013837694547,0,0,L15_m20
Pt4,P3503,0,0.105060610963079,0.2877382319164406,0,0,L15_m20
Pt4,P3531,1,0.9524787199280512,0.9210154407804148,1,1,L15_m20
Pt4,P3532,0,0.0247923345281947,0.1292911076583498,0,0,L15_m20
Pt4,P3534,0,0.0664693408786963,0.2255694542475717,0,0,L15_m20
Pt4,P3538,0,0.0839052809471789,0.2556364747004407,0,0,L15_m20
Pt4,P3551,1,0.998376651958266,0.9909510340126696,1,1,L15_m20
Pt4,P3555,0,0.0296914142088934,0.1435662539977638,0,0,L15_m20
Pt4,P3562,0,0.0777783608703568,0.2455037375323299,0,0,L15_m20
Pt4,P3564,0,0.0540283497921357,0.2013738090699177,0,0,L15_m20
Pt4,P3574,0,0.024781571297676,0.1292583192700106,0,0,L15_m20
Pt4,P3581,0,0.0924914930642987,0.2691624730422966,0,0,L15_m20
Pt4,P3906,0,0.0230570688291395,0.1239142936233759,0,0,L15_m20
Pt4,P3920,0,0.0032880465343423,0.0375743295766169,0,0,L15_m20
Pt4,P3921,0,0.0125005362205931,0.0860064011516892,0,0,L15_m20
Pt4,P3932,0,0.0034067437273547,0.0384252307973162,0,0,L15_m20
Pt4,P3933,0,0.048219235923391,0.1890568736289751,0,0,L15_m20
Pt4,P3939,0,0.013089139259164,0.0884336706968594,0,0,L15_m20
Pt4,P3942,0,0.0200232926152445,0.1140328744575518,0,0,L15_m20
Pt4,P3945,1,0.9980632760986472,0.9898526115415692,1,1,L15_m20
Pt4,P3946,0,0.072661115899301,0.2366958872304578,0,0,L15_m20
Pt4,P3947,0,0.0059218765289957,0.0543460681298277,0,0,L15_m20
Pt4,P3948,0,0.0152504563591905,0.0969572821297298,0,0,L15_m20
Pt4,P3963,0,0.0144909788714963,0.0940274806153915,0,0,L15_m20
Pt4,P3964,0,0.0207579001907332,0.1164864675246919,0,0,L15_m20
Pt4,P3978,0,0.0072253353451337,0.0614852712320902,0,0,L15_m20
Pt4,P3985,0,0.012193376118807,0.0847198135979258,0,0,L15_m20
Pt4,P3986,0,0.022077309346872,0.1207936522618018,0,0,L15_m20
Pt4,P3991,0,0.0047462649255452,0.0473334674160634,0,0,L15_m20
Pt4,P4021,1,0.0112434137144138,0.0806482782599551,0,0,L15_m20
Pt4,P4025,0,0.0411713371763592,0.1730234659858155,0,0,L15_m20
Pt4,P4082,0,0.0051953314781912,0.0500868762336584,0,0,L15_m20
Pt4,P4085,0,0.011095218696137,0.0799998305056512,0,0,L15_m20
Pt4,P4086,0,0.0134594546058718,0.0899361520833951,0,0,L15_m20
Pt4,P4172,1,0.996993132079068,0.9865051176895892,1,1,L15_m20
Pt4,P4174,1,0.9974932785345516,0.9880050118054176,1,1,L15_m20
Pt4,P4176,1,0.9985383912477666,0.9915472940381528,1,1,L15_m20
Pt4,P4180,1,0.9983372344190086,0.9908089699217684,1,1,L15_m20
Pt4,P4232,0,0.007761546595932,0.0642651192570958,0,0,L15_m20
Pt4,P4251,0,0.0073460772123096,0.0621185135197512,0,0,L15_m20
Pt4,P4252,0,0.0078969810202411,0.0649544458721625,0,0,L15_m20
Pt4,P4253,0,0.0543523061822867,0.2020396187159489,0,0,L15_m20
Pt4,P4254,0,0.0353793315701053,0.1587612484879058,0,0,L15_m20
Pt4,P4255,0,0.0301263877986906,0.1447763676568204,0,0,L15_m20
Pt4,P4256,0,0.0523324896073139,0.1978534097398614,0,0,L15_m20
Pt4,P4263,0,0.0089454771237268,0.0701321732890298,0,0,L15_m20
Pt4,P4264,0,0.0175149020958808,0.1053235386869569,0,0,L15_m20
Pt4,P4265,0,0.0917205618936716,0.267977714423229,0,0,L15_m20
Pt4,P4266,0,0.110826246237269,0.2958341142119695,0,0,L15_m20
Pt4,P4267,0,0.1452537129857085,0.3397493505423735,0,0,L15_m20
Pt4,P4268,0,0.0208745355466583,0.1168722857534948,0,0,L15_m20
Pt4,P4285,0,0.0188454708762406,0.1100100591815834,0,0,L15_m20
Pt4,P4286,0,0.0094804494221309,0.0726747948786045,0,0,L15_m20
Pt4,P4287,0,0.007819797652492,0.0645622133915557,0,0,L15_m20
Pt4,P4331,0,0.0113411712940419,0.0810740025972161,0,0,L15_m20
Pt4,P4336,0,0.0104964298797717,0.0773407279895069,0,0,L15_m20
Pt4,P4352,0,0.0464386496296267,0.1851274292852199,0,0,L15_m20
Pt4,P4428,1,0.3844363386756893,0.5466292635529306,0,1,L15_m20
Pt4,P4429,1,0.0587034852673267,0.210785453720182,0,0,L15_m20
Pt4,P4430,1,0.0511607431592846,0.1953857030637142,0,0,L15_m20
Pt4,P4431,1,0.0119430212102464,0.0836606352308121,0,0,L15_m20
Pt4,P4432,1,0.5481263940322003,0.6505266472929714,1,1,L15_m20
Pt4,P4433,1,0.0716823297125711,0.2349726003567777,0,0,L15_m20
Pt4,P4434,1,0.171413802528388,0.369178348728657,0,0,L15_m20
Pt4,P4435,1,0.3875393895810373,0.5487511185549132,0,1,L15_m20
Pt4,P4436,1,0.0453009909116635,0.182575699824121,0,0,L15_m20
Pt4,P4437,1,0.0571883958092449,0.2077806426487112,0,0,L15_m20
Pt4,P4445,1,0.9905240443409256,0.9717135801319404,1,1,L15_m20
Pt4,P4446,1,0.9881738675180516,0.9673964210961602,1,1,L15_m20
Pt4,P4450,1,0.6141157798998661,0.6897596856272404,1,1,L15_m20
Pt4,P4451,1,0.0673015243456974,0.2270968937314396,0,0,L15_m20
Pt4,P4452,1,0.0056855885182049,0.0529854168621512,0,0,L15_m20
Pt4,P4454,1,0.9978165093213524,0.9890317599484166,1,1,L15_m20
Pt4,P4455,1,0.998526886826466,0.9915041342543384,1,1,L15_m20
Pt4,P4456,1,0.9983398801161628,0.9908184675253904,1,1,L15_m20
Pt4,P4457,1,0.997990060267195,0.9896053671175028,1,1,L15_m20
Pt4,P4458,1,0.998095131412698,0.9899612203252758,1,1,L15_m20
Pt4,P4459,1,0.9988162840490734,0.992629833492474,1,1,L15_m20
Pt4,P4461,1,0.9981344835254164,0.9900962855741654,1,1,L15_m20
Pt4,P4462,1,0.99724621218021,0.987251883421753,1,1,L15_m20
Pt4,P4467,1,0.9926364881067556,0.9759452427706052,1,1,L15_m20
Pt4,P4468,1,0.9985410358385942,0.9915572324380316,1,1,L15_m20
Pt4,P4469,1,0.9687393868246896,0.9394193468332014,1,1,L15_m20
Pt4,P4471,1,0.993652904618758,0.978138340529796,1,1,L15_m20
Pt4,P4472,1,0.9986187067184464,0.9918520366640656,1,1,L15_m20
Pt4,P4473,1,0.9953683897842628,0.9821576386453252,1,1,L15_m20
Pt4,P4474,1,0.998725467277258,0.9922670318204966,1,1,L15_m20
Pt4,P4475,1,0.9984428104373284,0.991192260094314,1,1,L15_m20
Pt4,P4476,1,0.9983518004646804,0.9908613264002112,1,1,L15_m20
Pt4,P4478,1,0.9984955596536198,0.9913872090508532,1,1,L15_m20
Pt4,P4480,1,0.9980435328918004,0.989785617360487,1,1,L15_m20
Pt4,P4482,1,0.9974670290301956,0.9879237737120315,1,1,L15_m20
Pt4,P4483,1,0.9964915171801584,0.9850884728658804,1,1,L15_m20
Pt4,P4488,1,0.9984678035641942,0.9912843320268332,1,1,L15_m20
Pt4,P4490,1,0.9975463889540684,0.9881703163540628,1,1,L15_m20
Pt4,P4491,1,0.9984135333431184,0.9910850705893328,1,1,L15_m20
Pt4,P4492,1,0.9985059042363326,0.9914257227452974,1,1,L15_m20
Pt4,P4549,1,0.9972624854321918,0.987300724036592,1,1,L15_m20
Pt4,P4595,1,0.0134120696264788,0.0897449254057943,0,0,L15_m20
Pt4,P4599,0,0.0476127171777326,0.1877270114084601,0,0,L15_m20
Pt4,P4602,0,0.0269881494782439,0.1358435952441602,0,0,L15_m20
Pt4,P4604,0,0.0395893111259847,0.1692346875251978,0,0,L15_m20
Pt4,P4605,0,0.0085867222222319,0.0683908514081561,0,0,L15_m20
Pt4,P4609,0,0.0140272721671912,0.0922048655106234,0,0,L15_m20
Pt4,P4610,0,0.0123007439212824,0.0851711374137186,0,0,L15_m20
Pt4,P4614,0,0.0301909175018216,0.1449551614894608,0,0,L15_m20
Pt4,P4676,0,0.0567391469043585,0.2068815114806872,0,0,L15_m20
Pt4,P4677,0,0.0443234294155286,0.180356438818303,0,0,L15_m20
Pt4,P4678,0,0.1875259101242646,0.3860073085506886,0,0,L15_m20
Pt4,P4683,0,0.0047383673108746,0.0472841307987883,0,0,L15_m20
Pt4,P4731,0,0.0030628183253977,0.0359261035186446,0,0,L15_m20
Pt5,P102,1,0.9988978722476124,0.9951292060174406,1,1,L15_m40
Pt5,P107,1,0.9991041111638456,0.9958331320151192,1,1,L15_m40
Pt5,P134,1,0.9991316420317986,0.9959300020757416,1,1,L15_m40
Pt5,P141,1,0.998981446687145,0.9954101242543104,1,1,L15_m40
Pt5,P145,1,0.9989392602036292,0.995267633279506,1,1,L15_m40
Pt5,P168,1,0.9991334931744498,0.9959365426713214,1,1,L15_m40
Pt5,P174,1,0.9991316420317986,0.9959300020757416,1,1,L15_m40
Pt5,P238,1,0.9979036643031134,0.9920983466095868,1,1,L15_m40
Pt5,P245,1,0.9989936960229316,0.9954517716966464,1,1,L15_m40
Pt5,P253,1,0.9984913197508396,0.9938302500878918,1,1,L15_m40
Pt5,P342,0,0.0070025944676752,0.0272610057211431,0,0,L15_m40
Pt5,P351,0,0.140316290220858,0.2316071964820392,0,0,L15_m40
Pt5,P404,1,0.6027950456567607,0.6193085662361775,1,1,L15_m40
Pt5,P406,1,0.26332856404144,0.3528449925322687,0,0,L15_m40
Pt5,P411,1,0.4934695627372465,0.537799954545568,0,1,L15_m40
Pt5,P420,0,0.3313577250185896,0.4110665343284692,0,0,L15_m40
Pt5,P421,0,0.0233949245015293,0.0659843774294293,0,0,L15_m40
Pt5,P428,1,0.7202575069119257,0.7081224892465293,1,1,L15_m40
Pt5,P429,1,0.7198248558584601,0.7077869813618883,1,1,L15_m40
Pt5,P430,1,0.0700640277705692,0.1438432250046227,0,0,L15_m40
Pt5,P431,1,0.0026593110604414,0.0132555674115744,0,0,L15_m40
Pt5,P482,1,0.5909542177294563,0.6104979539341561,1,1,L15_m40
Pt5,P508,0,0.0472422691743542,0.1090927256306523,0,0,L15_m40
Pt5,P563,0,0.0487290434987979,0.1115075642229548,0,0,L15_m40
Pt5,P745,0,0.0114194845460121,0.0391078004651245,0,0,L15_m40
Pt5,P748,1,0.9986929345436484,0.994461729009757,1,1,L15_m40
Pt5,P798,0,0.0159003136799531,0.0498389989711029,0,0,L15_m40
Pt5,P887,0,0.067580256394143,0.1402716648862124,0,0,L15_m40
Pt5,P894,0,0.0444059363549546,0.1044151508130081,0,0,L15_m40
Pt5,P931,0,0.0047232499924823,0.0203499074573373,0,0,L15_m40
Pt5,P1001,1,0.9969344682050526,0.9894881746835972,1,1,L15_m40
Pt5,P1007,0,0.3011676671353231,0.3857587622825658,0,0,L15_m40
Pt5,P1008,1,0.9908269701568706,0.9761388976878246,1,1,L15_m40
Pt6,P36,1,0.9988030958768664,0.9946632658859776,1,1,L15_m40
Pt6,P40,1,0.998018658779774,0.9920826047261418,1,1,L15_m40
Pt6,P41,1,0.998326037132106,0.9930605978579026,1,1,L15_m40
Pt6,P44,1,0.9968224612708736,0.988550651050289,1,1,L15_m40
Pt6,P48,1,0.9985938082081972,0.9939455096318888,1,1,L15_m40
Pt6,P56,1,0.9983747989310724,0.9932192615564696,1,1,L15_m40
Pt6,P65,1,0.9990781202113592,0.9956505527594764,1,1,L15_m40
Pt6,P68,1,0.997693621107283,0.9910845450585458,1,1,L15_m40
Pt6,P69,1,0.9984419279996468,0.993439426837622,1,1,L15_m40
Pt6,P71,1,0.9985624878127792,0.9938401973706406,1,1,L15_m40
Pt6,P75,1,0.9981272201213752,0.992423882770004,1,1,L15_m40
Pt6,P76,1,0.9983422304509548,0.9931131736166424,1,1,L15_m40
Pt6,P77,1,0.9982881360168326,0.9929379797318412,1,1,L15_m40
Pt6,P83,1,0.99774370668373,0.9912361816102616,1,1,L15_m40
Pt6,P84,1,0.9980611627708296,0.9922157142566442,1,1,L15_m40
Pt6,P87,1,0.998824424342458,0.9947378989097072,1,1,L15_m40
Pt6,P96,1,0.1890221165693864,0.2299908895708283,0,0,L15_m40
Pt6,P100,1,0.4482652601457592,0.4436766076235914,0,0,L15_m40
Pt6,P101,1,0.1426217891304529,0.1863874429011237,0,0,L15_m40
Pt6,P103,1,0.7024685419449791,0.6485710992961652,1,1,L15_m40
Pt6,P105,1,0.4323895286531961,0.4312076530849866,0,0,L15_m40
Pt6,P108,1,0.9988485325487094,0.9948226180742088,1,1,L15_m40
Pt6,P118,1,0.7104235032180948,0.6554167462809551,1,1,L15_m40
Pt6,P124,1,0.3855852266599581,0.3942814209752147,0,0,L15_m40
Pt6,P138,1,0.998526057724208,0.9937183386669766,1,1,L15_m40
Pt6,P139,1,0.3240578264226858,0.3449889629598108,0,0,L15_m40
Pt6,P140,1,0.9990201497545304,0.9954376143100668,1,1,L15_m40
Pt6,P142,1,0.9989909289431708,0.9953313311464372,1,1,L15_m40
Pt6,P148,1,0.9950593993730472,0.9838533712931994,1,1,L15_m40
Pt6,P149,1,0.0186930676805986,0.0399997751461636,0,0,L15_m40
Pt6,P150,1,0.9977021666327452,0.9911103645998034,1,1,L15_m40
Pt6,P160,1,0.9981568273746608,0.992517712254844,1,1,L15_m40
Pt6,P163,1,0.0472275267540815,0.0812192359472955,0,0,L15_m40
Pt6,P165,1,0.0412725070437133,0.0733181694361759,0,0,L15_m40
Pt6,P167,1,0.978154687828356,0.9491720982137593,1,1,L15_m40
Pt6,P168,1,0.9914749494268468,0.9753463955552576,1,1,L15_m40
Pt6,P170,1,0.0329451941700711,0.0617545227462156,0,0,L15_m40
Pt6,P173,1,0.9931431103551096,0.979172996224149,1,1,L15_m40
Pt6,P177,1,0.0478178714788039,0.0819880039740733,0,0,L15_m40
Pt6,P179,1,0.9942715149113844,0.9818855980388596,1,1,L15_m40
Pt6,P184,1,0.9936735115135508,0.9804339345831468,1,1,L15_m40
Pt6,P187,1,0.992672369506254,0.9780729289997888,1,1,L15_m40
Pt6,P190,1,0.0221698402285032,0.0456030330737175,0,0,L15_m40
Pt6,P191,1,0.9957357853356494,0.9856010560524732,1,1,L15_m40
Pt6,P192,1,0.0226001127031829,0.0462808496127503,0,0,L15_m40
Pt6,P194,1,0.9988394475263944,0.9947906468871276,1,1,L15_m40
Pt6,P195,1,0.9844030296006144,0.9607263245835244,1,1,L15_m40
Pt6,P196,1,0.9986069635252158,0.9939898971516612,1,1,L15_m40
Pt6,P199,1,0.9922835904540368,0.977176889429324,1,1,L15_m40
Pt6,P200,1,0.9990670192153944,0.9956095547150744,1,1,L15_m40
Pt6,P203,1,0.9937826349579038,0.9806963654977277,1,1,L15_m40
Pt6,P206,1,0.0230047901635733,0.046915446442188,0,0,L15_m40
Pt6,P208,1,0.030538831298344,0.0582797874009681,0,0,L15_m40
Pt6,P210,1,0.9921906779340754,0.9769643396982164,1,1,L15_m40
Pt6,P211,1,0.9991554271288228,0.9959391499833196,1,1,L15_m40
Pt6,P212,1,0.0234216788267348,0.0475663160965914,0,0,L15_m40
Pt6,P214,1,0.9934716755309364,0.9799512987533536,1,1,L15_m40
Pt6,P216,1,0.0379784432475473,0.0688224711924326,0,0,L15_m40
Pt6,P221,1,0.9919937062365048,0.9765157012129656,1,1,L15_m40
Pt6,P223,1,0.9982972321894196,0.9929673524487408,1,1,L15_m40
Pt6,P226,1,0.0380965305824693,0.0689853164753837,0,0,L15_m40
Pt6,P228,1,0.9991056957500364,0.9957528655864184,1,1,L15_m40
Pt6,P231,1,0.9884942918054992,0.9689218604800176,1,1,L15_m40
Pt6,P232,1,0.9937408569140704,0.9805957677266328,1,1,L15_m40
Pt6,P239,1,0.9991322957624438,0.9958522143803268,1,1,L15_m40
Pt6,P241,1,0.9934487793182816,0.979896770328669,1,1,L15_m40
Pt6,P243,1,0.9731434046169388,0.9405131951409158,1,1,L15_m40
Pt6,P244,1,0.9990754314719849,0.99564061288245,1,1,L15_m40
Pt6,P249,1,0.9785359995309728,0.9498507362550144,1,1,L15_m40
Pt6,P255,1,0.8997902569881028,0.8406931491520715,1,1,L15_m40
Pt6,P256,1,0.9990866060095128,0.9956819652150244,1,1,L15_m40
Pt6,P273,1,0.9974804401899192,0.9904471202117244,1,1,L15_m40
Pt6,P278,1,0.9980288039705209,0.9921143181833524,1,1,L15_m40
Pt6,P284,1,0.998995947857495,0.9953495376946748,1,1,L15_m40
Pt6,P287,1,0.553474693254832,0.5264675029348792,1,1,L15_m40
Pt6,P288,1,0.9957500084518102,0.9856384595777576,1,1,L15_m40
Pt6,P295,1,0.589524833644778,0.5552255633501786,1,1,L15_m40
Pt6,P296,1,0.9972887212127906,0.9898841368211508,1,1,L15_m40
Pt6,P300,1,0.9982321633066044,0.9927579890753296,1,1,L15_m40
Pt6,P303,0,0.591337088538055,0.5566806661288436,1,1,L15_m40
Pt6,P304,1,0.996761229648376,0.9883789348668356,1,1,L15_m40
Pt6,P308,0,0.6314529579122968,0.5891831248947152,1,1,L15_m40
Pt6,P309,1,0.575485260976013,0.543985625316709,1,1,L15_m40
Pt6,P314,1,0.9933130425071988,0.9795744141815786,1,1,L15_m40
Pt6,P329,0,0.0143129448435761,0.0325605588452616,0,0,L15_m40
Pt6,P330,0,0.3542762607744388,0.3693405482736011,0,0,L15_m40
Pt6,P331,0,0.0152740344728671,0.0342351085422078,0,0,L15_m40
Pt6,P333,1,0.9970288630986824,0.9891351000507504,1,1,L15_m40
Pt6,P334,0,0.0054160136417099,0.0153231204680138,0,0,L15_m40
Pt6,P349,0,0.3677604149366922,0.3801128705893983,0,0,L15_m40
Pt6,P353,0,0.0426609364248715,0.0751852266868383,0,0,L15_m40
Pt6,P404,0,0.0048836965637264,0.014136722217608,0,0,L15_m40
Pt6,P407,0,0.4318335345878156,0.430770632841418,0,0,L15_m40
Pt6,P411,0,0.0471502553159173,0.0811184265848357,0,0,L15_m40
Pt6,P501,0,0.0418678154633102,0.0741206433575238,0,0,L15_m40
Pt6,P502,0,0.8813217005446573,0.8196598129433934,1,1,L15_m40
Pt6,P515,0,0.0366426785633531,0.0669712908158793,0,0,L15_m40
Pt6,P518,1,0.999026467629896,0.9954606846371556,1,1,L15_m40
Pt6,P520,0,0.0717903680953202,0.1114530410024448,0,0,L15_m40
Pt6,P521,1,0.9988300098416326,0.994757492793466,1,1,L15_m40
Pt6,P524,1,0.9990049983925564,0.9953824197877106,1,1,L15_m40
Pt6,P525,0,0.0254130354317528,0.0506368922436504,0,0,L15_m40
Pt6,P526,0,0.836915844110923,0.7726597359893219,1,1,L15_m40
Pt6,P527,1,0.9976579161594604,0.9909768957965354,1,1,L15_m40
Pt6,P528,0,0.1303108177384208,0.1742399448598497,0,0,L15_m40
Pt6,P529,1,0.9989143002119788,0.9950557486053938,1,1,L15_m40
Pt6,P530,1,0.6265187911023057,0.5851520220170194,1,1,L15_m40
Pt6,P541,1,0.9884386703985008,0.9688061033302736,1,1,L15_m40
Pt6,P546,1,0.9967262936413958,0.9882812904773732,1,1,L15_m40
Pt6,P549,0,0.127286178322281,0.1712105121947189,0,0,L15_m40
Pt6,P550,1,0.9990505734598426,0.995549012912986,1,1,L15_m40
Pt6,P555,1,0.9981003833022783,0.9923391174852164,1,1,L15_m40
Pt6,P571,0,0.028067574573309,0.0546387395530935,0,0,L15_m40
Pt6,P572,1,0.998882716977482,0.994943417979612,1,1,L15_m40
Pt6,P579,0,0.0715214179006653,0.1111385193668874,0,0,L15_m40
Pt6,P580,1,0.99891621548211,0.9950625834317418,1,1,L15_m40
Pt6,P585,0,0.3968617341102083,0.4032095077619249,0,0,L15_m40
Pt6,P586,0,0.7502524957568351,0.6904485995068804,1,1,L15_m40
Pt6,P593,0,0.1826292185407035,0.2241577789084239,0,0,L15_m40
Pt6,P598,0,0.0528093969486644,0.0883933823501162,0,0,L15_m40
Pt6,P599,0,0.0187553166605615,0.0401022230652408,0,0,L15_m40
Pt6,P607,0,0.0086887093977766,0.0221265091226447,0,0,L15_m40
Pt6,P610,1,0.9961989203855698,0.9868343325628908,1,1,L15_m40
Pt6,P611,1,0.9955436646753574,0.9850985711943728,1,1,L15_m40
Pt6,P615,0,0.0172315855468879,0.0375698801723349,0,0,L15_m40
Pt6,P620,0,0.0021208272414539,0.0073699563642937,0,0,L15_m40
Pt6,P627,0,0.0959347934953434,0.1385684033287857,0,0,L15_m40
Pt6,P631,1,0.996988322765191,0.9890196013297174,1,1,L15_m40
Pt6,P634,1,0.9947559876123976,0.9830875778163658,1,1,L15_m40
Pt6,P635,0,0.0279951133991704,0.0545307935059896,0,0,L15_m40
Pt6,P637,1,0.9957101134294526,0.985533616928332,1,1,L15_m40
Pt6,P638,1,0.9979222285557412,0.9917829394875468,1,1,L15_m40
Pt6,P641,1,0.9954091881146796,0.984749805609091,1,1,L15_m40
Pt6,P642,0,0.0078001010629241,0.0203490277276543,0,0,L15_m40
Pt6,P643,1,0.9975916430599644,0.9907780503150606,1,1,L15_m40
Pt6,P646,0,0.0037216021975101,0.0114370749941687,0,0,L15_m40
Pt6,P649,1,0.9979609616783712,0.99190292586938,1,1,L15_m40
Pt6,P650,1,0.9968293498171956,0.9885700156462972,1,1,L15_m40
Pt6,P652,0,0.0014409153057695,0.0054455870300308,0,0,L15_m40
Pt6,P655,1,0.9979092775430618,0.9917429316606088,1,1,L15_m40
Pt6,P656,1,0.9866981694126143,0.9652483793718138,1,1,L15_m40
Pt6,P657,0,0.001512954432422,0.0056577111642686,0,0,L15_m40
Pt6,P661,0,0.0078882213474485,0.0205273184111707,0,0,L15_m40
Pt6,P665,1,0.9981815718004926,0.9925963876235336,1,1,L15_m40
Pt6,P666,1,0.9984674274795672,0.9935236046364844,1,1,L15_m40
Pt6,P668,0,0.0072822917967507,0.0192917080451281,0,0,L15_m40
Pt6,P671,1,0.9978673803160844,0.9916138800460004,1,1,L15_m40
Pt6,P677,1,0.9979817748864694,0.9919676097268868,1,1,L15_m40
Pt6,P678,1,0.998953430490991,0.9951959217085058,1,1,L15_m40
Pt6,P683,1,0.998107045085601,0.9923601340632636,1,1,L15_m40
Pt6,P684,1,0.9990031428449998,0.9953756729565284,1,1,L15_m40
Pt6,P688,1,0.1814417805722014,0.223068848521318,0,0,L15_m40
Pt6,P689,1,0.997377476207663,0.990143616310146,1,1,L15_m40
Pt6,P690,1,0.9977825073473972,0.9913541694346812,1,1,L15_m40
Pt6,P692,1,0.9990144049878636,0.9954166649994312,1,1,L15_m40
Pt6,P695,1,0.1627497612293661,0.2056841497185718,0,0,L15_m40
Pt6,P696,1,0.9972694648046754,0.9898280933052692,1,1,L15_m40
Pt6,P697,1,0.9990593796798428,0.9955814024831176,1,1,L15_m40
Pt6,P699,1,0.4657408776996489,0.4573887370820344,0,0,L15_m40
Pt6,P700,1,0.9982566291341528,0.9928365057204396,1,1,L15_m40
Pt6,P701,1,0.9990544936721966,0.9955634234311012,1,1,L15_m40
Pt6,P703,1,0.9990641445955396,0.9955989556407676,1,1,L15_m40
Pt6,P704,1,0.9975684399958988,0.9907087224697017,1,1,L15_m40
Pt6,P705,1,0.9921941205497482,0.9769722044575192,1,1,L15_m40
Pt6,P707,1,0.4725041771874634,0.4626944211204097,0,0,L15_m40
Pt6,P710,1,0.6596946236296174,0.6124699367249873,1,1,L15_m40
Pt6,P718,1,0.9987404344395876,0.99444566441668,1,1,L15_m40
Pt6,P719,1,0.5529239100404564,0.5260305546165513,1,1,L15_m40
Pt6,P720,1,0.9978469851208802,0.991551263756646,1,1,L15_m40
Pt6,P721,1,0.9966151086094844,0.9879720860296862,1,1,L15_m40
Pt6,P722,0,0.5417474944620297,0.5171771187802271,1,1,L15_m40
Pt6,P723,0,0.3342204423388534,0.353214663344348,0,0,L15_m40
Pt6,P724,1,0.9580809590908064,0.9166919353391958,1,1,L15_m40
Pt6,P725,1,0.995318726921406,0.9845165130179292,1,1,L15_m40
Pt6,P728,1,0.2153180961651882,0.2535073727069921,0,0,L15_m40
Pt6,P732,1,0.5690055590136549,0.5388162705664508,1,1,L15_m40
Pt6,P733,1,0.9985406827796672,0.9937671787209312,1,1,L15_m40
Pt6,P734,1,0.9874366090632808,0.9667430422450568,1,1,L15_m40
Pt6,P736,1,0.9889810015045444,0.9699406527836988,1,1,L15_m40
Pt6,P737,1,0.6377687177042632,0.5943583242471454,1,1,L15_m40
Pt6,P738,1,0.9979949922086744,0.9920087639247452,1,1,L15_m40
Pt6,P739,1,0.9865686327568558,0.9649883044626252,1,1,L15_m40
Pt6,P742,1,0.9961902017630234,0.9868108106752248,1,1,L15_m40
Pt6,P743,1,0.9885757907589324,0.969091718092154,1,1,L15_m40
Pt6,P745,1,0.8482981815095761,0.7843027136739359,1,1,L15_m40
Pt6,P746,1,0.9975503268977324,0.9906547056766783,1,1,L15_m40
Pt6,P747,0,0.2522929421895442,0.2854902366270506,0,0,L15_m40
Pt6,P750,1,0.9846791566293328,0.961261207973381,1,1,L15_m40
Pt6,P754,1,0.994717351102901,0.9829908056047788,1,1,L15_m40
Pt6,P755,1,0.9972895429847584,0.989886530477151,1,1,L15_m40
Pt6,P759,1,0.9971256998227436,0.9894124365474348,1,1,L15_m40
Pt6,P760,1,0.9963120363928136,0.987140632208459,1,1,L15_m40
Pt6,P761,1,0.9823629958228688,0.9568442065466884,1,1,L15_m40
Pt6,P764,1,0.9978093741295642,0.9914361377635976,1,1,L15_m40
Pt6,P765,1,0.9927270550631836,0.9781998519831698,1,1,L15_m40
Pt6,P766,1,0.98578824488938,0.963434244576808,1,1,L15_m40
Pt6,P781,1,0.9704862140411048,0.9360948393893964,1,1,L15_m40
Pt6,P782,1,0.9978237015628234,0.9914799411756922,1,1,L15_m40
Pt6,P788,1,0.9678894729345816,0.9318769990024304,1,1,L15_m40
Pt6,P789,1,0.998797888602164,0.9946450890203457,1,1,L15_m40
Pt6,P791,1,0.998753198038701,0.9944897911813124,1,1,L15_m40
Pt6,P793,1,0.9972627046344008,0.9898084397007328,1,1,L15_m40
Pt6,P794,1,0.9959384334025528,0.9861367197501604,1,1,L15_m40
Pt6,P804,1,0.108326457658642,0.1517641513135377,0,0,L15_m40
Pt6,P805,1,0.9990387605463772,0.9955056676205428,1,1,L15_m40
Pt6,P809,1,0.9967617984146844,0.988380526503773,1,1,L15_m40
Pt6,P810,1,0.9946616413527029,0.982851557441795,1,1,L15_m40
Pt6,P812,1,0.0299652185659559,0.0574414620727055,0,0,L15_m40
Pt6,P813,1,0.9991445727790662,0.9958982917057432,1,1,L15_m40
Pt6,P814,1,0.9948150606397842,0.9832358559599712,1,1,L15_m40
Pt6,P815,1,0.987712296459338,0.967306508204851,1,1,L15_m40
Pt6,P851,0,0.0076715234816481,0.020088041061771,0,0,L15_m40
Pt6,P853,1,0.9934060321359022,0.9797950847974344,1,1,L15_m40
Pt6,P854,1,0.9954438094307124,0.9848393696462988,1,1,L15_m40
Pt6,P856,0,0.0600208095791132,0.0973760550977977,0,0,L15_m40
Pt6,P857,0,0.8631715406720709,0.799912646053595,1,1,L15_m40
Pt6,P858,0,0.0423538304484215,0.0747736164712218,0,0,L15_m40
Pt6,P859,0,0.0460722193578288,0.0797075042306542,0,0,L15_m40
Pt6,P862,1,0.9981842682276296,0.9926049752716036,1,1,L15_m40
Pt6,P865,0,0.0367300170164988,0.0670928495416849,0,0,L15_m40
Pt6,P866,0,0.0601276523920414,0.0975069390192934,0,0,L15_m40
Pt6,P867,0,0.0619866933407399,0.0997746369518252,0,0,L15_m40
Pt6,P869,1,0.9936831746437864,0.980457130630484,1,1,L15_m40
Pt6,P873,0,0.0351940573592801,0.0649441457978722,0,0,L15_m40
Pt6,P875,0,0.3166479434927919,0.3389654915058858,0,0,L15_m40
Pt6,P876,0,0.7943446509603882,0.7310411329844942,1,1,L15_m40
Pt6,P877,0,0.0766524294160366,0.117086646688259,0,0,L15_m40
Pt6,P878,1,0.998036325019081,0.9921378521085694,1,1,L15_m40
Pt6,P880,0,0.7094891333910535,0.6546102921931083,1,1,L15_m40
Pt6,P881,0,0.243332490884288,0.277840255062071,0,0,L15_m40
Pt6,P882,0,0.0352997041587563,0.0650926923120876,0,0,L15_m40
Pt6,P883,0,0.0365687784428189,0.0668683780349653,0,0,L15_m40
Pt6,P887,1,0.9930637776613624,0.9789863939895188,1,1,L15_m40
Pt6,P889,0,0.43364447227394,0.432193961250724,0,0,L15_m40
Pt6,P891,1,0.9983385952598266,0.9931013611771232,1,1,L15_m40
Pt6,P893,0,0.1124567336978499,0.1560721025932851,0,0,L15_m40
Pt6,P895,1,0.99285823553823,0.9785052352690043,1,1,L15_m40
Pt6,P896,0,0.0435787921083175,0.0764109002177834,0,0,L15_m40
Pt6,P897,0,0.1183402475469305,0.1621374598577502,0,0,L15_m40
Pt6,P900,1,0.9906472149704948,0.9735148971236012,1,1,L15_m40
Pt6,P902,0,0.435565682132762,0.4337036608774833,0,0,L15_m40
Pt6,P903,0,0.7446629685516829,0.6854488693856635,1,1,L15_m40
Pt6,P904,0,0.0649527043971172,0.1033560423659138,0,0,L15_m40
Pt6,P906,1,0.994238160172929,0.9818037311157632,1,1,L15_m40
Pt6,P907,1,0.9954706376535508,0.984908880572422,1,1,L15_m40
Pt6,P908,1,0.9981745301858914,0.9925739746247876,1,1,L15_m40
Pt6,P909,0,0.9221204364009952,0.8677208190305933,1,1,L15_m40
Pt6,P910,0,0.4654175683508956,0.457135107400447,0,0,L15_m40
Pt6,P912,0,0.0806584499324896,0.1216575359682116,0,0,L15_m40
Pt6,P913,1,0.998788942638934,0.9946139019675614,1,1,L15_m40
Pt6,P914,1,0.996045505762192,0.9864221995660848,1,1,L15_m40
Pt6,P915,0,0.4672295755419381,0.4585565855279143,0,0,L15_m40
Pt6,P916,0,0.0454197591897021,0.078849425686269,0,0,L15_m40
Pt6,P919,1,0.9983321974544174,0.9930805855936906,1,1,L15_m40
Pt6,P920,0,0.8519282845498877,0.7880693425245531,1,1,L15_m40
Pt6,P922,0,0.0849370390432646,0.1264735075107917,0,0,L15_m40
Pt6,P926,1,0.9962619800893496,0.9870048282897916,1,1,L15_m40
Pt6,P927,1,0.9932374316700032,0.9793955131780768,1,1,L15_m40
Pt6,P930,0,0.3717136001242819,0.3832617277662545,0,0,L15_m40
Pt6,P931,0,0.4888760712369674,0.4755415294391972,0,0,L15_m40
Pt6,P934,0,0.1133851481291515,0.1570346664374907,0,0,L15_m40
Pt6,P935,0,0.0330915990584902,0.0619638169563237,0,0,L15_m40
Pt6,P938,1,0.9976218402296424,0.9908684999583915,1,1,L15_m40
Pt6,P939,0,0.7595539585121661,0.6988357819649715,1,1,L15_m40
Pt6,P940,0,0.0307516072287663,0.0585897454158792,0,0,L15_m40
Pt6,P943,1,0.9911548959985428,0.974633417707175,1,1,L15_m40
Pt6,P945,0,0.0790472096988523,0.1198264991634104,0,0,L15_m40
Pt6,P947,1,0.9979950959341284,0.9920090871284208,1,1,L15_m40
Pt6,P966,1,0.9970228580420158,0.9891179694478758,1,1,L15_m40
Pt6,P970,1,0.998746360650736,0.9944661404301898,1,1,L15_m40
Pt6,P973,1,0.9968776727126528,0.9887061261396566,1,1,L15_m40
Pt6,P985,1,0.9984579710911092,0.9934923517671772,1,1,L15_m40
Pt6,P988,1,0.9967411112481154,0.9883226760318644,1,1,L15_m40
Pt6,P990,1,0.998762049070642,0.994520449611518,1,1,L15_m40
Pt6,P1001,1,0.9978818279243906,0.9916583171192006,1,1,L15_m40
Pt6,P1004,0,0.0591339489150279,0.0962872658480483,0,0,L15_m40
Pt6,P1006,0,0.3952585601359,0.4019416813174257,0,0,L15_m40
Pt6,P1021,0,0.5187135584725245,0.4989977526576131,1,0,L15_m40
Pt6,P1025,1,0.9967611464358076,0.988378702009892,1,1,L15_m40
Pt6,P1027,1,0.9991495712881554,0.99591709309552,1,1,L15_m40
Pt6,P1028,1,0.9990811212339564,0.9956616545926696,1,1,L15_m40
Pt6,P1030,1,0.9976204930385416,0.9908644592614754,1,1,L15_m40
Pt6,P1031,1,0.9992042553834904,0.9961243974546762,1,1,L15_m40
Pt6,P1041,1,0.9990660736165172,0.9956060673892074,1,1,L15_m40
Pt6,P1043,1,0.999120934315996,0.9958097000701276,1,1,L15_m40
Pt6,P1049,1,0.9990338147089642,0.9954875544633977,1,1,L15_m40
Pt6,P1050,1,0.9980609770856608,0.9922151313454972,1,1,L15_m40
Pt6,P1052,1,0.9867878354924334,0.9654287679904314,1,1,L15_m40
Pt6,P1053,1,0.9991363608021148,0.9958674551633786,1,1,L15_m40
Pt6,P1055,1,0.961012747664892,0.9211194713574016,1,1,L15_m40
Pt6,P1056,1,0.999126941130458,0.9958321623949742,1,1,L15_m40
Pt6,P1067,1,0.9958944483467596,0.9860199444056008,1,1,L15_m40
Pt6,P1070,1,0.99615311450123,0.9867108897067038,1,1,L15_m40
Pt6,P1071,1,0.9988965700785648,0.9949926017201526,1,1,L15_m40
Pt6,P1073,1,0.9989158552782732,0.995061297807446,1,1,L15_m40
Pt6,P1076,1,0.9908708583829772,0.9740057971586076,1,1,L15_m40
Pt6,P1078,1,0.9989378847637594,0.9951400982924564,1,1,L15_m40
Pt6,P1080,1,0.9947128891531108,0.9829796403791442,1,1,L15_m40
Pt6,P1081,1,0.9990971192898792,0.9957209716122016,1,1,L15_m40
Pt6,P1082,1,0.9980977488510684,0.992330810844942,1,1,L15_m40
Pt6,P1085,1,0.999052605700884,0.995556481707917,1,1,L15_m40
Pt6,P1096,1,0.721980697116431,0.6654464505948121,1,1,L15_m40
Pt6,P1097,1,0.9917547015197388,0.9759748106686597,1,1,L15_m40
Pt6,P1098,1,0.9448572487248132,0.8976742540201301,1,1,L15_m40
Pt6,P1104,1,0.9971975109814072,0.9896194593205496,1,1,L15_m40
Pt6,P1110,1,0.9989129024060236,0.9950507620692478,1,1,L15_m40
Pt6,P1111,1,0.9968615539725992,0.988660672174767,1,1,L15_m40
Pt6,P1112,1,0.9970133573427616,0.9890908827305944,1,1,L15_m40
Pt6,P1113,1,0.9538439277177776,0.9104391277630892,1,1,L15_m40
Pt6,P1114,1,0.9974174145667092,0.9902610184943575,1,1,L15_m40
Pt6,P1116,1,0.9960485439989836,0.9864303257224512,1,1,L15_m40
Pt6,P1117,1,0.9956931564239114,0.9854891221296748,1,1,L15_m40
Pt6,P1118,1,0.9968308621240314,0.9885742682081388,1,1,L15_m40
Pt6,P1119,1,0.998820135363492,0.994722867088023,1,1,L15_m40
Pt6,P1120,1,0.997528030047388,0.9905883346985904,1,1,L15_m40
Pt6,P1121,1,0.995054839696496,0.9838417841916602,1,1,L15_m40
Pt6,P1122,1,0.9969772985258266,0.9889882542136867,1,1,L15_m40
Pt6,P1123,1,0.9990085467832748,0.9953953295307284,1,1,L15_m40
Pt6,P1124,1,0.95814352660007,0.9167855270559389,1,1,L15_m40
Pt6,P1125,1,0.9859755853599488,0.9638053589307088,1,1,L15_m40
Pt6,P1126,1,0.8934907152968463,0.8333999792908174,1,1,L15_m40
Pt6,P1127,1,0.9967241241648797,0.9882752346909368,1,1,L15_m40
Pt6,P1128,1,0.9945653998979492,0.9826117867496832,1,1,L15_m40
Pt6,P1129,1,0.996998811056978,0.9890494485124136,1,1,L15_m40
Pt6,P1130,1,0.9982652232362142,0.9928641440796088,1,1,L15_m40
Pt6,P1131,1,0.9974021102525442,0.9902159823810268,1,1,L15_m40
Pt6,P1132,1,0.9983816150684116,0.99324152359632,1,1,L15_m40
Pt6,P1133,1,0.991201149144682,0.9747360712555384,1,1,L15_m40
Pt6,P1134,1,0.9414562134824376,0.8929980669179114,1,1,L15_m40
Pt6,P1135,1,0.9981462015125716,0.992483999199511,1,1,L15_m40
Pt6,P1138,1,0.9904149962680124,0.9730081299368772,1,1,L15_m40
Pt6,P1140,1,0.9968425451925776,0.9886071361161488,1,1,L15_m40
Pt6,P1142,1,0.8777070812670628,0.815659838768151,1,1,L15_m40
Pt6,P1144,1,0.994729612785812,0.9830214994794508,1,1,L15_m40
Pt6,P1149,1,0.9979269076373116,0.99179740759304,1,1,L15_m40
Pt6,P1155,1,0.9980235147278738,0.9920977797065186,1,1,L15_m40
Pt6,P1160,1,0.9990743778540312,0.9956367195353616,1,1,L15_m40
Pt6,P1161,1,0.9788064805991604,0.9503339876977374,1,1,L15_m40
Pt6,P1162,1,0.0140580173534337,0.0321119172400499,0,0,L15_m40
Pt6,P1172,1,0.9869637088321198,0.965783459766212,1,1,L15_m40
Pt6,P1181,1,0.9986891472650826,0.994269331420078,1,1,L15_m40
Pt6,P1182,1,0.8913552678668718,0.83095670172688,1,1,L15_m40
Pt6,P1183,1,0.987296948310767,0.966458747375112,1,1,L15_m40
Pt6,P1186,1,0.9426574282193628,0.8946407224822625,1,1,L15_m40
Pt6,P1187,1,0.9971766020764304,0.9895590596683372,1,1,L15_m40
Pt6,P1188,1,0.9991148320588256,0.9957869151565352,1,1,L15_m40
Pt6,P1189,1,0.9990552700259008,0.9955662788205458,1,1,L15_m40
Pt6,P1190,1,0.905169181961937,0.8470274592324366,1,1,L15_m40
Pt6,P1191,1,0.9826384383779508,0.9573615415941042,1,1,L15_m40
Pt6,P1193,1,0.9412017705113708,0.8926513379916526,1,1,L15_m40
Pt6,P1194,1,0.9966846211783146,0.9881651255685978,1,1,L15_m40
Pt6,P1195,1,0.9955972319820996,0.9852381671778246,1,1,L15_m40
Pt6,P1197,1,0.9989656761878116,0.9952400230112052,1,1,L15_m40
Pt6,P1198,1,0.9943579949834842,0.9820983744578776,1,1,L15_m40
Pt6,P1202,1,0.962269909993224,0.9230454000055413,1,1,L15_m40
Pt6,P1206,1,0.9986567511556332,0.9941587327942976,1,1,L15_m40
Pt6,P1208,1,0.9947433804234442,0.9830559827687556,1,1,L15_m40
Pt6,P1218,1,0.9975867579853224,0.9907634419502716,1,1,L15_m40
Pt6,P1219,1,0.9981972822063812,0.992646462398949,1,1,L15_m40
Pt6,P1220,1,0.9974785633616466,0.9904415633670764,1,1,L15_m40
Pt6,P1221,1,0.9987656333682156,0.9945328786931348,1,1,L15_m40
Pt6,P1223,1,0.9979388989987652,0.9918345191266532,1,1,L15_m40
Pt6,P1224,1,0.9976589014610938,0.990979861504886,1,1,L15_m40
Pt6,P1239,0,0.6175544574638175,0.5778539731160198,1,1,L15_m40
Pt6,P1240,1,0.9989848694901272,0.9953093763582402,1,1,L15_m40
Pt6,P1253,1,0.9990179440378752,0.9954295676012442,1,1,L15_m40
Pt6,P1255,1,0.9990059468307956,0.9953858694038497,1,1,L15_m40
Pt6,P1270,1,0.9991502858084096,0.9959197826605412,1,1,L15_m40
Pt6,P1271,1,0.9987787954774308,0.9945785885669142,1,1,L15_m40
Pt6,P1272,1,0.9977090840615864,0.99113128070448,1,1,L15_m40
Pt6,P1273,1,0.9978326133197166,0.9915072196192696,1,1,L15_m40
Pt6,P1274,1,0.997456409592267,0.9903760410963836,1,1,L15_m40
Pt6,P1289,1,0.9977437641121304,0.9912363559062198,1,1,L15_m40
Pt6,P1290,1,0.998391734316322,0.9932746121625736,1,1,L15_m40
Pt6,P1294,1,0.9960730916671798,0.9864960339607696,1,1,L15_m40
Pt6,P1295,1,0.9948345388305444,0.983284833108794,1,1,L15_m40
Pt6,P1296,1,0.998512630293796,0.9936735921809308,1,1,L15_m40
Pt6,P1300,1,0.998390309123083,0.9932699491938805,1,1,L15_m40
Pt6,P1301,1,0.9981862581714028,0.9926113147087432,1,1,L15_m40
Pt6,P1302,1,0.9989136204711476,0.9950533235206304,1,1,L15_m40
Pt6,P1303,1,0.9988690871696102,0.9948951574623388,1,1,L15_m40
Pt6,P1306,1,0.9955906744973676,0.9852210576225964,1,1,L15_m40
Pt6,P1310,1,0.9892713090151154,0.9705534961605676,1,1,L15_m40
Pt6,P1311,1,0.9979138931158372,0.9917571835822312,1,1,L15_m40
Pt6,P1316,1,0.9988947619103816,0.9949861743855712,1,1,L15_m40
Pt6,P1324,0,0.1699525149173402,0.2124393270457932,0,0,L15_m40
Pt6,P1325,1,0.9965033288685472,0.9876635374011292,1,1,L15_m40
Pt6,P1330,0,0.4307309414643719,0.4299038961983442,0,0,L15_m40
Pt6,P1331,1,0.9911417067848582,0.974604169171602,1,1,L15_m40
Pt6,P1332,1,0.9980255176559872,0.9921040413304116,1,1,L15_m40
Pt6,P1335,1,0.9957596466062658,0.9856638219693254,1,1,L15_m40
Pt6,P1339,0,0.2000132683341523,0.2399092639568699,0,0,L15_m40
Pt6,P1340,1,0.998122628297452,0.9924093602578336,1,1,L15_m40
Pt6,P1341,1,0.9899144778842692,0.9719257041944372,1,1,L15_m40
Pt6,P1344,0,0.1926677579222798,0.2332957460696853,0,0,L15_m40
Pt6,P1345,1,0.9963834435376244,0.987335089044502,1,1,L15_m40
Pt6,P1348,0,0.3156177142394367,0.3381261991139847,0,0,L15_m40
Pt6,P1349,1,0.999063992529663,0.9955983951538144,1,1,L15_m40
Pt6,P1353,1,0.9970493769054009,0.989193678680334,1,1,L15_m40
Pt6,P1354,1,0.993395052185852,0.979768990956611,1,1,L15_m40
Pt6,P1356,1,0.9988017968669608,0.9946587298499248,1,1,L15_m40
Pt6,P1357,0,0.1467785423154194,0.1904268517451789,0,0,L15_m40
Pt6,P1359,0,0.0271745169626988,0.053303409810268,0,0,L15_m40
Pt6,P1360,1,0.999182829270876,0.9960428129407686,1,1,L15_m40
Pt6,P1372,0,0.1418554827423685,0.1856394735466709,0,0,L15_m40
Pt6,P1374,0,0.2543228545979462,0.2872151851424254,0,0,L15_m40
Pt6,P1377,0,0.0653403100966279,0.1038208552784425,0,0,L15_m40
Pt6,P1379,1,0.997307346757628,0.9899384293950266,1,1,L15_m40
Pt6,P1387,0,0.0897654499143084,0.1318318052330619,0,0,L15_m40
Pt6,P1389,1,0.9906012628306916,0.9734143801968552,1,1,L15_m40
Pt6,P1393,0,0.0619038518819462,0.0996739689705318,0,0,L15_m40
Pt6,P1394,1,0.9903847849772752,0.9729424172575724,1,1,L15_m40
Pt6,P1395,1,0.9983353535369784,0.9930908321262092,1,1,L15_m40
Pt6,P1402,1,0.9989486418406742,0.9951787068110862,1,1,L15_m40
Pt6,P1409,1,0.996325949463966,0.9871784528940796,1,1,L15_m40
Pt6,P1410,1,0.9972624015683018,0.9898075588629152,1,1,L15_m40
Pt6,P1413,1,0.9989112052261546,0.9950447094358734,1,1,L15_m40
Pt6,P1417,1,0.99899390202663,0.9953421138642,1,1,L15_m40
Pt6,P1419,1,0.998855003796236,0.9948454248799524,1,1,L15_m40
Pt6,P1421,1,0.997958384311734,0.9918949261108444,1,1,L15_m40
Pt6,P1432,1,0.9968403192379064,0.9886008717360586,1,1,L15_m40
Pt6,P1440,0,0.75742440188901,0.6969079260446853,1,1,L15_m40
Pt6,P1443,0,0.0976390721476361,0.1404089094315522,0,0,L15_m40
Pt6,P1445,1,0.9990662303816936,0.9956066454786564,1,1,L15_m40
Pt6,P1446,1,0.9965417767973598,0.9877694105381372,1,1,L15_m40
Pt6,P1448,0,0.2371354289004967,0.272513930035872,0,0,L15_m40
Pt6,P1452,0,0.0330501892018708,0.0619046429988886,0,0,L15_m40
Pt6,P1457,0,0.0090477339866477,0.0228324951727565,0,0,L15_m40
Pt6,P1460,1,0.9961232492005804,0.986630585533792,1,1,L15_m40
Pt6,P1463,0,0.0273477578882359,0.0535632928171532,0,0,L15_m40
Pt6,P1470,0,0.0079611059710964,0.020674434600239,0,0,L15_m40
Pt6,P1484,1,0.9967537807267948,0.9883580956144176,1,1,L15_m40
Pt6,P1487,1,0.9966860475478456,0.9881690961934402,1,1,L15_m40
Pt6,P1490,1,0.9910086671585266,0.9743097151333896,1,1,L15_m40
Pt6,P1506,1,0.998293807120212,0.9929562883871156,1,1,L15_m40
Pt6,P1510,1,0.983144452548565,0.958317325386688,1,1,L15_m40
Pt6,P1511,1,0.998596312023326,0.993953950706058,1,1,L15_m40
Pt6,P1512,1,0.7914473789583267,0.7283039172068284,1,1,L15_m40
Pt6,P1513,1,0.9966337637765044,0.9880238034427252,1,1,L15_m40
Pt6,P1515,1,0.9982222944101544,0.9927263857650134,1,1,L15_m40
Pt6,P1516,1,0.9146337596926732,0.8584350332805487,1,1,L15_m40
Pt6,P1517,1,0.9969245103511388,0.9888385076360754,1,1,L15_m40
Pt6,P1518,1,0.9989005574092816,0.9950067833043302,1,1,L15_m40
Pt6,P1519,1,0.396030288149075,0.4025520393381752,0,0,L15_m40
Pt6,P1521,1,0.997073980691931,0.9892640576952668,1,1,L15_m40
Pt6,P1522,1,0.5261430937646288,0.5048528814807772,1,1,L15_m40
Pt6,P1523,1,0.9988080908203416,0.9946807179104774,1,1,L15_m40
Pt6,P1526,1,0.9987028690086044,0.994316357641232,1,1,L15_m40
Pt6,P1527,1,0.9712702425153416,0.9373872648824448,1,1,L15_m40
Pt6,P1531,1,0.9970528104835004,0.9892034924549756,1,1,L15_m40
Pt6,P1545,1,0.9986640874401046,0.994183726543246,1,1,L15_m40
Pt6,P1546,1,0.9990410729792232,0.9955141434449368,1,1,L15_m40
Pt6,P1550,1,0.917840145849014,0.8623818450400081,1,1,L15_m40
Pt6,P1556,1,0.997832473430112,0.9915067912311668,1,1,L15_m40
Pt6,P1557,1,0.9990004864208896,0.9953660188965656,1,1,L15_m40
Pt6,P1562,1,0.9950401698155884,0.9838045215915188,1,1,L15_m40
Pt6,P1574,1,0.9977710849852218,0.9913193879874392,1,1,L15_m40
Pt6,P1576,1,0.9974000055525808,0.9902097935259554,1,1,L15_m40
Pt6,P1588,1,0.9942884095338796,0.9819271068824016,1,1,L15_m40
Pt6,P1590,1,0.9985124232307944,0.9936729028501488,1,1,L15_m40
Pt6,P1604,1,0.999089004825778,0.9956908566261008,1,1,L15_m40
Pt6,P1619,1,0.9974327080907964,0.9903060826741208,1,1,L15_m40
Pt6,P1632,1,0.9974101280568446,0.9902395689880972,1,1,L15_m40
Pt6,P1634,1,0.6598960668715228,0.6126374550407792,1,1,L15_m40
Pt6,P1637,1,0.998845646696415,0.99481245646114,1,1,L15_m40
Pt6,P1638,1,0.983333697113196,0.9586766129587572,1,1,L15_m40
Pt6,P1647,1,0.1087923685393586,0.1522522473833113,0,0,L15_m40
Pt6,P1656,0,0.0036231600846585,0.0112002669619021,0,0,L15_m40
Pt6,P1658,1,0.9972531118848514,0.9897805697411624,1,1,L15_m40
Pt6,P1659,1,0.9966456802712648,0.9880568732969304,1,1,L15_m40
Pt6,P1663,1,0.5264599907337336,0.5051027904495042,1,1,L15_m40
Pt6,P1664,1,0.917251072225721,0.8616534414672798,1,1,L15_m40
Pt6,P1665,1,0.99097982253688,0.9742460110877024,1,1,L15_m40
Pt6,P1672,1,0.0037216208420987,0.0114371197103377,0,0,L15_m40
Pt6,P1678,0,0.0038650981454126,0.0117797584378516,0,0,L15_m40
Pt6,P1680,1,0.9989722313487076,0.9952636775559556,1,1,L15_m40
Pt6,P1683,0,0.0032796001632258,0.0103621294992773,0,0,L15_m40
Pt6,P1685,1,0.9963308045638268,0.9871916584385392,1,1,L15_m40
Pt6,P1688,0,0.0127016255813869,0.0296909615127318,0,0,L15_m40
Pt6,P1689,0,0.6041174312025807,0.5669722573169552,1,1,L15_m40
Pt6,P1690,1,0.9944965200229,0.9824407859899874,1,1,L15_m40
Pt6,P1692,0,0.0052580133417682,0.0149738676834184,0,0,L15_m40
Pt6,P1694,1,0.9976137794772476,0.9908443305650806,1,1,L15_m40
Pt6,P1699,0,0.0053089583372717,0.0150867372826578,0,0,L15_m40
Pt6,P1704,1,0.9962695561682235,0.987025355698574,1,1,L15_m40
Pt6,P1706,1,0.991209668054292,0.9747549919721632,1,1,L15_m40
Pt6,P1707,1,0.9971824366734814,0.9895759039474016,1,1,L15_m40
Pt6,P1708,1,0.9939454091562384,0.9810898254008268,1,1,L15_m40
Pt6,P1710,1,0.9961727586311414,0.9867637877320268,1,1,L15_m40
Pt6,P1712,1,0.998778269593452,0.9945767601865684,1,1,L15_m40
Pt6,P1713,1,0.9866461300428346,0.9651438240517176,1,1,L15_m40
Pt6,P1715,1,0.9954664092662172,0.9848979187261911,1,1,L15_m40
Pt6,P1717,1,0.9982163353985968,0.992707321980703,1,1,L15_m40
Pt6,P1718,1,0.9951667585096248,0.984126910696862,1,1,L15_m40
Pt6,P1719,1,0.9979464827537898,0.9918580145673428,1,1,L15_m40
Pt6,P1720,1,0.9757918292737644,0.9450318660696228,1,1,L15_m40
Pt6,P1724,1,0.9983134039264407,0.99301965910411,1,1,L15_m40
Pt6,P1727,1,0.9985552386632656,0.9938158951555526,1,1,L15_m40
Pt6,P1728,1,0.9934334841128848,0.9798603688638824,1,1,L15_m40
Pt6,P1730,1,0.9877846950882684,0.9674549888712114,1,1,L15_m40
Pt6,P1732,1,0.9932501279530598,0.9794255207328856,1,1,L15_m40
Pt6,P1735,1,0.9964727184167094,0.9875794347656682,1,1,L15_m40
Pt6,P1737,1,0.9987545301175944,0.9944944022025464,1,1,L15_m40
Pt6,P1738,1,0.9979042717666315,0.9917274827920564,1,1,L15_m40
Pt6,P1739,1,0.9869074953666184,0.9656699649995772,1,1,L15_m40
Pt6,P1742,1,0.998834512498472,0.9947733030356656,1,1,L15_m40
Pt6,P1743,1,0.9981392704287808,0.9924620318236912,1,1,L15_m40
Pt6,P1744,1,0.9926211259474548,0.9779541966820622,1,1,L15_m40
Pt6,P1749,1,0.9978888800804048,0.9916800322271117,1,1,L15_m40
Pt6,P1750,1,0.9954070279053444,0.9847442223735294,1,1,L15_m40
Pt6,P1753,1,0.9956664802764984,0.9854192055022996,1,1,L15_m40
Pt6,P1755,0,0.2653580996067257,0.2965431331058956,0,0,L15_m40
Pt6,P1757,1,0.9972094288542568,0.9896539318522496,1,1,L15_m40
Pt6,P1767,0,0.0042110384396276,0.012594401682285,0,0,L15_m40
Pt6,P1772,0,0.4543489894410347,0.4484511377195014,0,0,L15_m40
Pt6,P1773,1,0.9990709655304182,0.9956241169039038,1,1,L15_m40
Pt6,P1778,1,0.9959050493234004,0.9860480625796352,1,1,L15_m40
Pt6,P1779,1,0.9990513335838374,0.9955518060744014,1,1,L15_m40
Pt6,P1805,1,0.9544982993069157,0.9113942096649266,1,1,L15_m40
Pt6,P1808,1,0.9984327681973528,0.9934092634069196,1,1,L15_m40
Pt6,P1809,1,0.9978263935428192,0.9914881785617796,1,1,L15_m40
Pt6,P1818,1,0.6893914322360213,0.637413177151288,1,1,L15_m40
Pt6,P1851,1,0.9961212048928754,0.9866250937983716,1,1,L15_m40
Pt6,P1853,1,0.998937499533192,0.9951387172454303,1,1,L15_m40
Pt6,P1855,1,0.9989934476069152,0.9953404653327907,1,1,L15_m40
Pt6,P1858,1,0.9578849453470492,0.9163989735619458,1,1,L15_m40
Pt6,P1859,1,0.9990196509393466,0.9954357942280366,1,1,L15_m40
Pt6,P1862,1,0.8281884641804304,0.7638932496821383,1,1,L15_m40
Pt6,P1863,1,0.9989794687193082,0.995289832314342,1,1,L15_m40
Pt6,P1866,1,0.9695310288585236,0.9345323936552736,1,1,L15_m40
Pt6,P1867,1,0.9989980579733578,0.995357198271682,1,1,L15_m40
Pt6,P1870,1,0.9740458291124112,0.9420393288512888,1,1,L15_m40
Pt6,P1871,1,0.998849143026489,0.9948247683942406,1,1,L15_m40
Pt6,P1880,0,0.0151239246744165,0.0339752713727537,0,0,L15_m40
Pt6,P1885,1,0.9285812433690026,0.8759430983362598,1,1,L15_m40
Pt6,P1886,1,0.7829245074149105,0.7203132703322346,1,1,L15_m40
Pt6,P1911,1,0.993974379071766,0.9811601082897832,1,1,L15_m40
Pt6,P1912,1,0.9942940214318188,0.9819409011973382,1,1,L15_m40
Pt6,P1914,1,0.85724239301812,0.7936327574983866,1,1,L15_m40
Pt6,P1917,1,0.9986644556441204,0.9941849817611051,1,1,L15_m40
Pt6,P1919,1,0.9932705322767496,0.9794737738552214,1,1,L15_m40
Pt6,P1920,1,0.7046180857915342,0.6504164080731261,1,1,L15_m40
Pt6,P1924,1,0.9395297347944772,0.89038325303583,1,1,L15_m40
Pt6,P1932,1,0.9985579496154012,0.9938249802572426,1,1,L15_m40
Pt6,P1935,1,0.8278359127734131,0.7635418869200077,1,1,L15_m40
Pt6,P1939,1,0.9990972736020788,0.9957215448786426,1,1,L15_m40
Pt6,P1941,1,0.9955667796413858,0.9851587612185648,1,1,L15_m40
Pt6,P1943,1,0.9990879036697144,0.9956867744651882,1,1,L15_m40
Pt6,P1945,0,0.6388934496306702,0.5952818072484293,1,1,L15_m40
Pt6,P1947,1,0.4107932687491573,0.4142087582155524,0,0,L15_m40
Pt6,P1952,1,0.9989676159749642,0.9952470193749048,1,1,L15_m40
Pt6,P1957,0,0.0190952817239801,0.0406602769939872,0,0,L15_m40
Pt6,P1959,0,0.172572560468877,0.2148786442998446,0,0,L15_m40
Pt6,P1964,0,0.0038867700904899,0.0118312622191865,0,0,L15_m40
Pt6,P1965,0,0.0021018377271306,0.0073182769040266,0,0,L15_m40
Pt6,P1969,1,0.9895403628389512,0.9711250494049516,1,1,L15_m40
Pt6,P1971,0,0.0127286772888589,0.0297398284129586,0,0,L15_m40
Pt6,P1972,0,0.002516861502026,0.008425939151386,0,0,L15_m40
Pt6,P1974,1,0.9978377906521992,0.9915230786596734,1,1,L15_m40
Pt6,P1980,1,0.8660989605261588,0.803042744640552,1,1,L15_m40
Pt6,P1994,0,0.0013925756539972,0.0053019435994003,0,0,L15_m40
Pt6,P2001,0,0.3191998417207635,0.3410424930191097,0,0,L15_m40
Pt6,P2003,0,0.845498107209378,0.7814154143478964,1,1,L15_m40
Pt6,P2004,0,0.0307725988117981,0.058620295252471,0,0,L15_m40
Pt6,P2005,0,0.5708007805487039,0.5402473740318017,1,1,L15_m40
Pt6,P2006,0,0.0284693765822533,0.0552360478107797,0,0,L15_m40
Pt6,P2017,0,0.0024138096747362,0.0081549560089819,0,0,L15_m40
Pt6,P2019,0,0.5431446790482721,0.5182826016984055,1,1,L15_m40
Pt6,P2027,1,0.9976994439734742,0.9911021360033584,1,1,L15_m40
Pt6,P2031,1,0.9858089515521872,0.963475204269336,1,1,L15_m40
Pt6,P2032,1,0.9969247048495126,0.988839058308804,1,1,L15_m40
Pt6,P2034,0,0.0646913858498236,0.1030422596381678,0,0,L15_m40
Pt6,P2035,0,0.0158939607088695,0.0353017687363954,0,0,L15_m40
Pt6,P2036,0,0.0037767860035228,0.0115692055444849,0,0,L15_m40
Pt6,P2038,1,0.999021224906888,0.9954415380271656,1,1,L15_m40
Pt6,P2050,0,0.0116755654177709,0.0278185907590292,0,0,L15_m40
Pt6,P2051,0,0.0044483485853914,0.0131444796794893,0,0,L15_m40
Pt6,P2052,1,0.9965819113517008,0.987880213046464,1,1,L15_m40
Pt6,P2053,1,0.9946641360949172,0.9828577859210508,1,1,L15_m40
Pt6,P2054,0,0.0749092799103943,0.115078064048324,0,0,L15_m40
Pt6,P2055,0,0.0126392879584985,0.0295782588671193,0,0,L15_m40
Pt6,P2058,0,0.0060885480507297,0.016784735459876,0,0,L15_m40
Pt6,P2059,0,0.0063735925232197,0.0173929048196689,0,0,L15_m40
Pt6,P2062,0,0.0092487751285387,0.0232249595172888,0,0,L15_m40
Pt6,P2063,0,0.0015806004067626,0.0058548866416141,0,0,L15_m40
Pt6,P2065,0,0.4528470367666217,0.4472725329619894,0,0,L15_m40
Pt6,P2066,1,0.006272129218557,0.0171771527939258,0,0,L15_m40
Pt6,P2067,0,0.0159090815176915,0.0353276593627389,0,0,L15_m40
Pt6,P2105,1,0.8553539742458981,0.7916488708884323,1,1,L15_m40
Pt6,P2106,1,0.785020516932639,0.7222700819967001,1,1,L15_m40
Pt6,P2108,1,0.0059640140726852,0.0165169927482058,0,0,L15_m40
Pt6,P2109,1,0.9990944285571688,0.9957109790381524,1,1,L15_m40
Pt6,P2110,1,0.1939290648821074,0.2344356152016634,0,0,L15_m40
Pt6,P2111,1,0.998770721229216,0.9945505352423428,1,1,L15_m40
Pt6,P2113,1,0.9719725139117296,0.9385527859601572,1,1,L15_m40
Pt6,P2114,1,0.8519616766422728,0.7881041157136709,1,1,L15_m40
Pt6,P2115,1,0.0144415615166292,0.0327861812880984,0,0,L15_m40
Pt6,P2116,1,0.1226287828930907,0.1665085865895342,0,0,L15_m40
Pt6,P2117,1,0.9989840425424892,0.9953063823667132,1,1,L15_m40
Pt6,P2118,1,0.9979325619123196,0.9918149007854172,1,1,L15_m40
Pt6,P2120,1,0.9646990908887808,0.9268166130215822,1,1,L15_m40
Pt6,P2121,1,0.9192659551532354,0.8641511818249182,1,1,L15_m40
Pt6,P2122,1,0.0277684014012572,0.0541926058493299,0,0,L15_m40
Pt6,P2123,1,0.0161257936527947,0.0356980765222251,0,0,L15_m40
Pt6,P2124,1,0.9977277526718096,0.9911877992233185,1,1,L15_m40
Pt6,P2125,0,0.6847810451003612,0.6335061968722752,1,1,L15_m40
Pt6,P2131,1,0.9979300915163102,0.991807256566919,1,1,L15_m40
Pt6,P2133,1,0.9787342458239642,0.9502047774020868,1,1,L15_m40
Pt6,P2134,1,0.9269603287582548,0.87386087217505,1,1,L15_m40
Pt6,P2135,1,0.8704724735343549,0.8077569708946897,1,1,L15_m40
Pt6,P2136,1,0.9942122959855284,0.9817403248866728,1,1,L15_m40
Pt6,P2137,1,0.9956044123726278,0.9852569086890824,1,1,L15_m40
Pt6,P2140,1,0.9343750220636317,0.8834994579387656,1,1,L15_m40
Pt6,P2141,1,0.971059346477558,0.937038715130294,1,1,L15_m40
Pt6,P2142,1,0.9956537924173604,0.9853859859321604,1,1,L15_m40
Pt6,P2143,1,0.7983337759683684,0.7348278612293685,1,1,L15_m40
Pt6,P2145,1,0.9948250886238452,0.9832610656231486,1,1,L15_m40
Pt6,P2147,1,0.9976580045888036,0.9909771619530164,1,1,L15_m40
Pt6,P2149,1,0.0409391533334232,0.0728675118580196,0,0,L15_m40
Pt6,P2150,1,0.8554621656582821,0.7917623249684753,1,1,L15_m40
Pt6,P2151,1,0.6998800401242733,0.6463532653400762,1,1,L15_m40
Pt6,P2152,1,0.9981121716481732,0.9923763185183704,1,1,L15_m40
Pt6,P2153,1,0.9977731861162136,0.991325783005188,1,1,L15_m40
Pt6,P2155,1,0.9554537048694336,0.9127954615558485,1,1,L15_m40
Pt6,P2156,1,0.9072835350946866,0.8495459360569448,1,1,L15_m40
Pt6,P2158,1,0.9674959411328072,0.9312458090087092,1,1,L15_m40
Pt6,P2159,1,0.997657807865054,0.990976569852832,1,1,L15_m40
Pt6,P2160,1,0.998873617317291,0.9949111836021542,1,1,L15_m40
Pt6,P2162,1,0.9410178157144976,0.8924009259987592,1,1,L15_m40
Pt6,P2163,1,0.9971546801254298,0.9894958415483808,1,1,L15_m40
Pt6,P2165,1,0.9847304188399764,0.9613607693481292,1,1,L15_m40
Pt6,P2166,1,0.9981656226847868,0.9925456500953768,1,1,L15_m40
Pt6,P2167,1,0.9982692712319594,0.992877172813168,1,1,L15_m40
Pt6,P2168,1,0.9987630545803248,0.9945239355654066,1,1,L15_m40
Pt6,P2171,1,0.9980018024801626,0.9920299923202512,1,1,L15_m40
Pt6,P2173,1,0.975166771028202,0.943954337535535,1,1,L15_m40
Pt6,P2174,1,0.9206119030301578,0.8658297214940057,1,1,L15_m40
Pt6,P2177,1,0.997554975977798,0.9906685615874332,1,1,L15_m40
Pt6,P2180,1,0.9569114433406436,0.9149494363681764,1,1,L15_m40
Pt6,P2181,1,0.964087390866294,0.9258605870809684,1,1,L15_m40
Pt6,P2183,1,0.7551304220005826,0.6948363398895148,1,1,L15_m40
Pt6,P2184,1,0.994696556097878,0.9829387883917636,1,1,L15_m40
Pt6,P2185,1,0.9981855369072902,0.9926090167728756,1,1,L15_m40
Pt6,P2187,1,0.9559454060109271,0.913519821586946,1,1,L15_m40
Pt6,P2189,1,0.9982702483370576,0.992880318699851,1,1,L15_m40
Pt6,P2190,1,0.8940165386992776,0.834003802600173,1,1,L15_m40
Pt6,P2191,1,0.9519661359454392,0.9077188202071982,1,1,L15_m40
Pt6,P2193,1,0.9984456007108156,0.9934515321570668,1,1,L15_m40
Pt6,P2206,0,0.0789453930855206,0.1197104629893108,0,0,L15_m40
Pt6,P2210,0,0.0052216812664909,0.0148932211476798,0,0,L15_m40
Pt6,P2226,0,0.0017451516032919,0.0063269889392821,0,0,L15_m40
Pt6,P2250,0,0.0094249522283637,0.0235672485908613,0,0,L15_m40
Pt6,P2257,0,0.0045469749712163,0.0133711264822687,0,0,L15_m40
Pt6,P2258,0,0.0118128082333344,0.028071227367391,0,0,L15_m40
Pt6,P2259,0,0.0109396788616593,0.0264517156469149,0,0,L15_m40
Pt6,P2260,0,0.0046192762169877,0.0135365700646343,0,0,L15_m40
Pt6,P2261,0,0.1321396781147397,0.1760627910164084,0,0,L15_m40
Pt6,P2263,0,0.0349661847184422,0.0646233549086433,0,0,L15_m40
Pt6,P2264,0,0.0902287747135117,0.1323419035281917,0,0,L15_m40
Pt6,P2286,0,0.0045759531142472,0.0134375068598571,0,0,L15_m40
Pt6,P2310,0,0.0023229009773582,0.0079137653063433,0,0,L15_m40
Pt6,P2311,0,0.0027297190189473,0.0089780197388348,0,0,L15_m40
Pt6,P2312,0,0.0058037709020444,0.0161705847850937,0,0,L15_m40
Pt6,P2313,0,0.0031955995220267,0.0101542681274281,0,0,L15_m40
Pt6,P2314,0,0.0100838989157815,0.024834513573357,0,0,L15_m40
Pt6,P2328,0,0.5620246313429766,0.5332587793057174,1,1,L15_m40
Pt6,P2335,0,0.571495374803391,0.5408013058426199,1,1,L15_m40
Pt6,P2336,0,0.0042685387358703,0.0127283149415492,0,0,L15_m40
Pt6,P2337,0,0.0154573041685603,0.0345515140048384,0,0,L15_m40
Pt6,P2338,0,0.0053813383608334,0.0152466734057562,0,0,L15_m40
Pt6,P2339,0,0.0070048519595741,0.0187180876379889,0,0,L15_m40
Pt6,P2340,0,0.0073922294315873,0.0195176064610533,0,0,L15_m40
Pt6,P2342,0,0.0041226797764107,0.0123878134674695,0,0,L15_m40
Pt6,P2347,0,0.0034652894376916,0.0108174523329436,0,0,L15_m40
Pt6,P2348,0,0.0946255338895021,0.1371486021295944,0,0,L15_m40
Pt6,P2356,0,0.0010981772616513,0.0044015120883253,0,0,L15_m40
Pt7,P9,0,0.1807746368833521,0.2324892664252933,0,0,L7_m20
Pt7,P13,0,0.0060401559819135,0.0145678586144995,0,0,L7_m20
Pt7,P69,0,0.0077805869172709,0.0179876135467818,0,0,L7_m20
Pt7,P160,0,0.0177878760507053,0.0357007567081465,0,0,L7_m20
Pt7,P176,1,0.9706109945048026,0.9533051478060356,1,1,L7_m20
Pt7,P188,1,0.105583446571619,0.1518424545462407,0,0,L7_m20
Pt7,P211,0,0.0632892011480007,0.100712844468002,0,0,L7_m20
Pt7,P212,0,0.1352257453011417,0.1848450216035665,0,0,L7_m20
Pt7,P228,0,0.0334154667273316,0.0599355495370516,0,0,L7_m20
Pt7,P243,0,0.2927276648565984,0.3394921506575706,0,0,L7_m20
Pt7,P245,0,0.0067939661855517,0.0160675841846597,0,0,L7_m20
Pt7,P247,0,0.6809792035759735,0.6711914828707,1,1,L7_m20
Pt7,P267,0,0.0479197852389663,0.0804029643393882,0,0,L7_m20
Pt7,P268,1,0.9868315392501964,0.9759939643464024,1,1,L7_m20
Pt7,P270,0,0.004652034059836,0.0117165655234251,0,0,L7_m20
Pt7,P271,1,0.967508109265538,0.9492724890533246,1,1,L7_m20
Pt7,P274,0,0.312813226830872,0.3576576136276016,0,0,L7_m20
Pt7,P276,0,0.0052261452689814,0.0129114126160903,0,0,L7_m20
Pt7,P278,0,0.0863153240360274,0.1292575267059144,0,0,L7_m20
Pt7,P279,1,0.6007437318362298,0.6033814775279527,1,1,L7_m20
Pt7,P280,0,0.0032868744896355,0.0087652837934601,0,0,L7_m20
Pt7,P284,0,0.0987282289652366,0.1439233362739836,0,0,L7_m20
Pt7,P285,1,0.9942110501292768,0.9878999251989256,1,1,L7_m20
Pt7,P389,0,0.0212962880131618,0.0414123863376407,0,0,L7_m20
Pt7,P390,0,0.0105322204658672,0.0231347377116078,0,0,L7_m20
Pt7,P391,0,0.0209480695602781,0.0408539379698739,0,0,L7_m20
Pt7,P400,0,0.0310089237311766,0.056380116803736,0,0,L7_m20
Pt7,P401,0,0.0302945862128077,0.055314346451151,0,0,L7_m20
Pt7,P410,0,0.0192053506609759,0.0380318606069272,0,0,L7_m20
Pt7,P555,1,0.998395882546845,0.995867968883529,1,1,L7_m20
Pt7,P557,1,0.998201949960556,0.995453013306054,1,1,L7_m20
Pt7,P569,1,0.9945140664503224,0.9884314082577104,1,1,L7_m20
Pt7,P573,1,0.9472105865573104,0.9243791544755272,1,1,L7_m20
Pt7,P574,1,0.9939344229393358,0.987418824841804,1,1,L7_m20
Pt7,P576,0,0.0090598906428885,0.0204150020819452,0,0,L7_m20
Pt7,P577,1,0.9976572412557144,0.9943239129239128,1,1,L7_m20
Pt7,P579,1,0.9981162744954178,0.995272063029855,1,1,L7_m20
Pt7,P583,1,0.9978966121916744,0.9948141076201196,1,1,L7_m20
Pt7,P584,1,0.9849025876269756,0.973105810568605,1,1,L7_m20
Pt7,P585,1,0.9979259977028128,0.9948748985749812,1,1,L7_m20
Pt7,P586,1,0.990356196005819,0.9814768368572208,1,1,L7_m20
Pt7,P587,1,0.9974561149349532,0.993918404330942,1,1,L7_m20
Pt7,P588,1,0.9833079507497048,0.9707674912735332,1,1,L7_m20
Pt7,P591,1,0.7944916402077923,0.7708132275081759,1,1,L7_m20
Pt7,P592,1,0.8857543384080511,0.8578972803694871,1,1,L7_m20
Pt7,P595,1,0.9983699734525544,0.9958120763413444,1,1,L7_m20
Pt7,P599,1,0.9908731635550468,0.9823080491172548,1,1,L7_m20
Pt7,P604,1,0.996312054599424,0.991700318284698,1,1,L7_m20
Pt7,P610,1,0.9951629293179935,0.9895866665315364,1,1,L7_m20
Pt7,P615,1,0.9959576235243488,0.9910379926033144,1,1,L7_m20
Pt7,P618,1,0.998467419554678,0.9960230675032032,1,1,L7_m20
Pt7,P623,1,0.9969463964815144,0.992913274824529,1,1,L7_m20
Pt7,P851,0,0.0074945179888945,0.0174355323088212,0,0,L7_m20
Pt7,P854,0,0.007025730871283,0.0165227516199271,0,0,L7_m20
Pt7,P892,0,0.0066459743471513,0.0157755294643112,0,0,L7_m20
Pt7,P932,0,0.0302203606223543,0.0552033206273119,0,0,L7_m20
Pt7,P938,1,0.997926181634122,0.994875279524132,1,1,L7_m20
Pt7,P945,1,0.9981336037190738,0.9953085524424168,1,1,L7_m20
Pt7,P946,1,0.98992971435696,0.9807969059060216,1,1,L7_m20
Pt7,P947,0,0.0047302515895408,0.0118807733851729,0,0,L7_m20
Pt7,P1036,1,0.995013159380056,0.9893178110686124,1,1,L7_m20
Pt7,P1046,0,0.086101772384809,0.1290012382048856,0,0,L7_m20
Pt7,P1109,0,0.009638549836876,0.0214926626475008,0,0,L7_m20
Pt7,P1117,0,0.0075608453184444,0.0175638604097241,0,0,L7_m20
Pt7,P1118,0,0.3867951517865887,0.4227950228852035,0,0,L7_m20
Pt7,P1153,1,0.9970056342873036,0.9930285719501826,1,1,L7_m20
Pt7,P1154,1,0.9976673257388292,0.9943443924776711,1,1,L7_m20
Pt7,P1160,0,0.1154239168249244,0.1630091672665477,0,0,L7_m20
Pt7,P1162,0,0.0795941745204505,0.121121319057411,0,0,L7_m20
Pt8,P103,0,0.0038250349907725,0.0128771342392938,0,0,L15_m40
Pt8,P114,0,0.0061751012215635,0.0186005071905494,0,0,L15_m40
Pt8,P116,0,0.0025483726355097,0.009419416964291,0,0,L15_m40
Pt8,P118,0,0.0033105901812179,0.0115227496852808,0,0,L15_m40
Pt8,P122,0,0.0030425811843372,0.0107976620874923,0,0,L15_m40
Pt8,P131,0,0.0020137179513096,0.0078552792126006,0,0,L15_m40
Pt8,P132,0,0.0023831122659261,0.008944940033072,0,0,L15_m40
Pt8,P133,0,0.0022218915642569,0.0084745938199359,0,0,L15_m40
Pt8,P140,0,0.0039477876919147,0.0131937492743048,0,0,L15_m40
Pt8,P148,0,0.0054060769028786,0.0167970350070146,0,0,L15_m40
Pt8,P149,0,0.0070413437285035,0.0205680701337796,0,0,L15_m40
Pt8,P150,0,0.0040507023992059,0.0134573977932312,0,0,L15_m40
Pt8,P155,0,0.00753953358218,0.021672752610296,0,0,L15_m40
Pt8,P256,0,0.0028582345834775,0.0102901935534041,0,0,L15_m40
Pt8,P268,0,0.77748083388417,0.7208169436287954,1,1,L15_m40
Pt8,P316,0,0.0051864312618492,0.0162708510389872,0,0,L15_m40
Pt8,P317,0,0.0045442682291024,0.0147005601155711,0,0,L15_m40
Pt8,P320,0,0.0123108786141118,0.0315076525839194,0,0,L15_m40
Pt8,P321,0,0.0528075407592179,0.0942434813257613,0,0,L15_m40
Pt8,P323,0,0.0062584722035061,0.01879265766011,0,0,L15_m40
Pt8,P324,0,0.0207459395982488,0.046804791283662,0,0,L15_m40
Pt8,P325,0,0.0216810886027825,0.048389421864215,0,0,L15_m40
Pt8,P327,0,0.1469842381779048,0.1998639952926789,0,0,L15_m40
Pt8,P328,0,0.0025154387862144,0.0093254495830817,0,0,L15_m40
Pt8,P329,0,0.0091137385009441,0.0250529679967568,0,0,L15_m40
Pt8,P332,0,0.0044148261716206,0.0143777860856097,0,0,L15_m40
Pt8,P335,0,0.0322372544331935,0.065217193828772,0,0,L15_m40
Pt8,P339,0,0.0035921145535543,0.0122696347253292,0,0,L15_m40
Pt8,P341,0,0.0020144882574397,0.0078575975325926,0,0,L15_m40
Pt8,P348,0,0.0050275297026638,0.0158868491944254,0,0,L15_m40
Pt8,P365,0,0.3835262432333934,0.4035351727021939,0,0,L15_m40
Pt8,P366,0,0.0041587368470937,0.0137324553009751,0,0,L15_m40
Pt8,P368,0,0.4540107937877352,0.458697315422263,0,0,L15_m40
Pt8,P370,0,0.003952026293095,0.013204639762462,0,0,L15_m40
Pt8,P371,0,0.1200544160511997,0.1724540300178585,0,0,L15_m40
Pt8,P372,0,0.4044072640167757,0.4199766938111118,0,0,L15_m40
Pt8,P400,0,0.0212609681527335,0.0476797713205033,0,0,L15_m40
Pt8,P413,0,0.006332042942553,0.0189617067201997,0,0,L15_m40
Pt8,P419,0,0.0433810573445738,0.0814221577493765,0,0,L15_m40
Pt8,P422,0,0.2165378022441336,0.2649411674739765,0,0,L15_m40
Pt8,P424,0,0.0023079282877831,0.0087265534612726,0,0,L15_m40
Pt8,P474,0,0.0013577306667962,0.0057940911045538,0,0,L15_m40
Pt8,P568,1,0.999131737208342,0.995711966202334,1,1,L15_m40
Pt8,P577,1,0.9812895694885254,0.9548154365019718,1,1,L15_m40
Pt8,P587,1,0.9945353548391772,0.9823007360187336,1,1,L15_m40
Pt8,P593,1,0.982718855261994,0.9574488242068744,1,1,L15_m40
Pt8,P597,1,0.9822423846663484,0.9565648586716864,1,1,L15_m40
Pt8,P601,1,0.8264395399187338,0.7665196073002263,1,1,L15_m40
Pt8,P607,1,0.997717815150754,0.990955522136818,1,1,L15_m40
Pt8,P623,1,0.9986869427931608,0.9940964228116156,1,1,L15_m40
Pt8,P637,1,0.9991021541081287,0.9955994013435862,1,1,L15_m40
Pt8,P640,1,0.9989617418166938,0.9950761445317228,1,1,L15_m40
Pt8,P641,1,0.9989500519912964,0.99503334176045,1,1,L15_m40
Pt8,P643,1,0.9988320617538452,0.9946072019999318,1,1,L15_m40
Pt8,P646,1,0.998988030315476,0.9951728082005914,1,1,L15_m40
Pt8,P648,1,0.9989081063133468,0.9948806458678128,1,1,L15_m40
Pt8,P649,1,0.999000559654756,0.9952190813760912,1,1,L15_m40
Pt8,P655,1,0.9987090086281148,0.9941732144537944,1,1,L15_m40
Pt8,P658,1,0.9984600127768368,0.9933229339847136,1,1,L15_m40
Pt8,P659,1,0.9985467125246572,0.9936151132581894,1,1,L15_m40
Pt8,P662,1,0.9988651223140798,0.99472556299355,1,1,L15_m40
Pt8,P675,1,0.9990429177108644,0.9953765172582172,1,1,L15_m40
Pt8,P678,1,0.9987736063772034,0.9943997899138278,1,1,L15_m40
Pt8,P679,1,0.9988294837645956,0.9945980051278828,1,1,L15_m40
Pt8,P685,1,0.9989658083905348,0.9950910603673748,1,1,L15_m40
Pt8,P686,1,0.9990212760742462,0.9952958844804232,1,1,L15_m40
Pt8,P687,1,0.9989201064020764,0.9949241901778908,1,1,L15_m40
Pt8,P688,1,0.999060560100504,0.9954425593201378,1,1,L15_m40
Pt8,P699,1,0.998991078845331,0.9951840548193784,1,1,L15_m40
Pt8,P701,1,0.9988545742874756,0.9946877145762596,1,1,L15_m40
Pt8,P702,1,0.9990167629933596,0.9952791213603304,1,1,L15_m40
Pt8,P704,1,0.9981593904636208,0.9923376735111192,1,1,L15_m40
Pt8,P706,1,0.9988134338790012,0.9945408521896344,1,1,L15_m40
Pt8,P708,1,0.9990215465503164,0.9952968896833958,1,1,L15_m40
Pt8,P709,1,0.9990595731836877,0.9954388574551905,1,1,L15_m40
Pt8,P711,1,0.9989019239635551,0.9948582551710836,1,1,L15_m40
Pt8,P713,1,0.9991090730305152,0.9956256509940044,1,1,L15_m40
Pt8,P714,1,0.9980634331005545,0.9920312894119904,1,1,L15_m40
Pt8,P715,1,0.9989537351242734,0.995046815832532,1,1,L15_m40
Pt8,P719,1,0.998904698757768,0.9948683010844616,1,1,L15_m40
Pt8,P720,1,0.998393995841667,0.9931030085859792,1,1,L15_m40
Pt8,P721,1,0.9987288181573308,0.9942424121317336,1,1,L15_m40
Pt8,P725,1,0.9980533346380038,0.9919992539684148,1,1,L15_m40
Pt8,P732,1,0.9924156956398672,0.977253354462206,1,1,L15_m40
Pt8,P751,1,0.9990738096929072,0.9954923445579656,1,1,L15_m40
Pt8,P762,0,0.0659969833223757,0.1111575680474209,0,0,L15_m40
Pt8,P776,1,0.999126430289632,0.995691709301755,1,1,L15_m40
Pt8,P797,1,0.99897549498629,0.9951266443577236,1,1,L15_m40
Pt8,P811,1,0.9988907530625488,0.994817870700575,1,1,L15_m40
Pt8,P815,1,0.9987105635504322,0.9941786371307826,1,1,L15_m40
Pt8,P816,1,0.9988697610423676,0.994742233270755,1,1,L15_m40
Pt8,P818,1,0.9982052571900304,0.9924854282706304,1,1,L15_m40
Pt8,P824,0,0.0139352650203289,0.0346215549402583,0,0,L15_m40
Pt8,P902,1,0.9989304253754108,0.9949617232886294,1,1,L15_m40
Pt8,P926,1,0.9971815537609604,0.9893585582127856,1,1,L15_m40
Pt8,P941,1,0.9989044427867604,0.9948673741177558,1,1,L15_m40
Pt8,P942,1,0.9985470698899488,0.9936163257870622,1,1,L15_m40
Pt8,P949,0,0.2194516144422411,0.2675326511011771,0,0,L15_m40
Pt8,P954,0,0.6180280730539289,0.5868679159871697,1,1,L15_m40
Pt8,P969,0,0.0037678313964127,0.0127287688153778,0,0,L15_m40
Pt8,P976,0,0.0022173031579569,0.008461093368446,0,0,L15_m40
Pt8,P984,0,0.3986352284069916,0.4154424575912511,0,0,L15_m40
Pt8,P991,1,0.9989285619865264,0.9949549394647498,1,1,L15_m40
Pt8,P999,1,0.9987499384479032,0.9943164629978184,1,1,L15_m40
Pt8,P1003,1,0.9990605056050962,0.9954423548879232,1,1,L15_m40
Pt8,P1006,1,0.999023542396182,0.9953043090597408,1,1,L15_m40
Pt8,P1010,1,0.9988596381872054,0.994705874801005,1,1,L15_m40
Pt8,P1011,0,0.4500412260184145,0.4556107472080664,0,0,L15_m40
Pt8,P1016,1,0.9987399749685903,0.99428149391695,1,1,L15_m40
Pt8,P1017,0,0.1862678472477282,0.2374469925161194,0,0,L15_m40
Pt8,P1018,1,0.9990363280205712,0.9953519214004224,1,1,L15_m40
Pt8,P1023,1,0.9988305161911168,0.9946016877072504,1,1,L15_m40
Pt8,P1024,0,0.5139637130600879,0.5052360469354312,1,1,L15_m40
Pt8,P1094,0,0.0049394654142804,0.0156727820190572,0,0,L15_m40
Pt8,P1110,1,0.9990381016428757,0.99535853759695,1,1,L15_m40
Pt8,P1112,1,0.9985905738491264,0.9937644548069317,1,1,L15_m40
Pt8,P1113,1,0.9990383640830832,0.9953595168231244,1,1,L15_m40
Pt8,P1114,1,0.9989695856873062,0.9951049272325404,1,1,L15_m40
Pt8,P1115,1,0.9988269207098492,0.9945888661556412,1,1,L15_m40
Pt8,P1130,0,0.0110668369682012,0.0290525836314496,0,0,L15_m40
Pt9,P39,0,0.0050464916290929,0.0186664288727806,0,0,L15_m40
Pt9,P40,0,0.0714311088264879,0.1342514340871598,0,0,L15_m40
Pt9,P43,0,0.0331879440895496,0.0768054365333865,0,0,L15_m40
Pt9,P45,0,0.0301292608865044,0.071516988251621,0,0,L15_m40
Pt9,P82,0,0.0067968792027235,0.0234068933240248,0,0,L15_m40
Pt9,P382,0,0.0041530511220502,0.0160914810306795,0,0,L15_m40
Pt9,P425,1,0.99488965696485,0.9849812675871038,1,1,L15_m40
Pt9,P427,1,0.7814642076998337,0.750026288887538,1,1,L15_m40
Pt9,P429,1,0.9989243995509708,0.9954544258040018,1,1,L15_m40
Pt9,P437,1,0.7729509492743015,0.7428449835542335,1,1,L15_m40
Pt9,P439,1,0.9986797996634575,0.9946788626279246,1,1,L15_m40
Pt9,P441,1,0.7718250254226153,0.7418997528889819,1,1,L15_m40
Pt9,P442,1,0.9976392665382126,0.9916856948263444,1,1,L15_m40
Pt9,P454,1,0.6918631375058457,0.6769139046996198,1,1,L15_m40
Pt9,P455,1,0.9982877422609078,0.9935021630052892,1,1,L15_m40
Pt9,P457,1,0.7481204083580715,0.7222241284529322,1,1,L15_m40
Pt9,P458,1,0.9984522200817522,0.993987167148629,1,1,L15_m40
Pt9,P459,1,0.9984391751502522,0.9939482732429652,1,1,L15_m40
Pt9,P461,1,0.6920220006185288,0.6770396737403477,1,1,L15_m40
Pt9,P462,1,0.9949865062297956,0.985199230207026,1,1,L15_m40
Pt9,P463,1,0.8720866629187757,0.8315621159503562,1,1,L15_m40
Pt9,P537,1,0.9989593086062308,0.9955683126321244,1,1,L15_m40
Pt9,P538,1,0.9987460608090074,0.994885364086436,1,1,L15_m40
Pt9,P553,1,0.4105039509568905,0.4591370991218221,0,0,L15_m40
Pt9,P559,1,0.9985132340271092,0.99417011859314,1,1,L15_m40
Pt9,P586,0,0.0033140912856275,0.0135458983363868,0,0,L15_m40
Pt9,P590,1,0.9787305651453878,0.9556487254664902,1,1,L15_m40
Pt9,P621,0,0.0095789399701484,0.0303510135636571,0,0,L15_m40
Pt9,P665,0,0.0063174325375211,0.0221425702228151,0,0,L15_m40
Pt9,P681,1,0.9989160317534446,0.9954272558224092,1,1,L15_m40
Pt9,P683,1,0.9991416401776996,0.9961786225235736,1,1,L15_m40
Pt9,P684,1,0.9986735007388275,0.994659360125249,1,1,L15_m40
Pt9,P686,1,0.9987447798888744,0.9948813482937352,1,1,L15_m40
Pt9,P704,0,0.0082194818152612,0.027033364265561,0,0,L15_m40
Pt9,P705,0,0.0080734170504847,0.0266688446104383,0,0,L15_m40
Pt9,P711,0,0.0250076599930523,0.0623005486615741,0,0,L15_m40
Pt9,P719,0,0.1212063279722688,0.1957105011992945,0,0,L15_m40
Pt9,P739,1,0.9989765926397868,0.9956250287818736,1,1,L15_m40
Pt9,P759,1,0.9973056691804808,0.9907987313267936,1,1,L15_m40
Pt9,P763,1,0.9976972029482776,0.9918426767802352,1,1,L15_m40
Pt9,P764,1,0.9983508633146356,0.9936869366823644,1,1,L15_m40
Pt9,P772,1,0.9974782746264608,0.9912541767815328,1,1,L15_m40
Pt9,P773,1,0.9912146915587116,0.9772983405806231,1,1,L15_m40
Pt9,P774,1,0.9987264460500236,0.9948239746577708,1,1,L15_m40
Pt9,P776,1,0.9962089510731508,0.9880475327925072,1,1,L15_m40
Pt9,P850,0,0.0102240680410131,0.0318822512742309,0,0,L15_m40
Pt9,P887,1,0.9920213948585868,0.978903153229474,1,1,L15_m40
